component_id,name,kind,project,omics_type,backend,lifecycle_state,executable_now,blocking_category,blocking_reason,unblocking_action,license_spdx,integration_mode,n_missing_python,missing_python,commit,source_path
biomni.dataset.affinity_capture-ms.parquet,affinity_capture-ms.parquet,dataset,Biomni,proteomics,dataset,READY,True,READY - executable now,,none - works today,Apache-2.0,vendor,0,,,Biomni/biomni/env_desc.py
biomni.dataset.affinity_capture-rna.parquet,affinity_capture-rna.parquet,dataset,Biomni,proteomics,dataset,READY,True,READY - executable now,,none - works today,Apache-2.0,vendor,0,,,Biomni/biomni/env_desc.py
biomni.dataset.bindingdb_all_202409.tsv,BindingDB_All_202409.tsv,dataset,Biomni,chemistry,dataset,READY,True,READY - executable now,,none - works today,Apache-2.0,vendor,0,,,Biomni/biomni/env_desc.py
biomni.dataset.broad_repurposing_hub_molecule_with_smiles.parquet,broad_repurposing_hub_molecule_with_smiles.parquet,dataset,Biomni,chemistry,dataset,READY,True,READY - executable now,,none - works today,Apache-2.0,vendor,0,,,Biomni/biomni/env_desc.py
biomni.dataset.broad_repurposing_hub_phase_moa_target_info.parquet,broad_repurposing_hub_phase_moa_target_info.parquet,dataset,Biomni,chemistry,dataset,READY,True,READY - executable now,,none - works today,Apache-2.0,vendor,0,,,Biomni/biomni/env_desc.py
biomni.dataset.co-fractionation.parquet,co-fractionation.parquet,dataset,Biomni,proteomics,dataset,READY,True,READY - executable now,,none - works today,Apache-2.0,vendor,0,,,Biomni/biomni/env_desc.py
biomni.dataset.czi_census_datasets_v4.parquet,czi_census_datasets_v4.parquet,dataset,Biomni,scrnaseq,dataset,READY,True,READY - executable now,,none - works today,Apache-2.0,vendor,0,,,Biomni/biomni/env_desc.py
biomni.dataset.ddinter_alimentary_tract_metabolism.csv,ddinter_alimentary_tract_metabolism.csv,dataset,Biomni,chemistry,dataset,READY,True,READY - executable now,,none - works today,Apache-2.0,vendor,0,,,Biomni/biomni/env_desc.py
biomni.dataset.ddinter_antineoplastic.csv,ddinter_antineoplastic.csv,dataset,Biomni,chemistry,dataset,READY,True,READY - executable now,,none - works today,Apache-2.0,vendor,0,,,Biomni/biomni/env_desc.py
biomni.dataset.ddinter_antiparasitic.csv,ddinter_antiparasitic.csv,dataset,Biomni,chemistry,dataset,READY,True,READY - executable now,,none - works today,Apache-2.0,vendor,0,,,Biomni/biomni/env_desc.py
biomni.dataset.ddinter_blood_organs.csv,ddinter_blood_organs.csv,dataset,Biomni,chemistry,dataset,READY,True,READY - executable now,,none - works today,Apache-2.0,vendor,0,,,Biomni/biomni/env_desc.py
biomni.dataset.ddinter_dermatological.csv,ddinter_dermatological.csv,dataset,Biomni,chemistry,dataset,READY,True,READY - executable now,,none - works today,Apache-2.0,vendor,0,,,Biomni/biomni/env_desc.py
biomni.dataset.ddinter_hormonal.csv,ddinter_hormonal.csv,dataset,Biomni,chemistry,dataset,READY,True,READY - executable now,,none - works today,Apache-2.0,vendor,0,,,Biomni/biomni/env_desc.py
biomni.dataset.ddinter_respiratory.csv,ddinter_respiratory.csv,dataset,Biomni,chemistry,dataset,READY,True,READY - executable now,,none - works today,Apache-2.0,vendor,0,,,Biomni/biomni/env_desc.py
biomni.dataset.ddinter_various.csv,ddinter_various.csv,dataset,Biomni,chemistry,dataset,READY,True,READY - executable now,,none - works today,Apache-2.0,vendor,0,,,Biomni/biomni/env_desc.py
biomni.dataset.depmap_crisprgenedependency.csv,DepMap_CRISPRGeneDependency.csv,dataset,Biomni,multiomics,dataset,READY,True,READY - executable now,,none - works today,Apache-2.0,vendor,0,,,Biomni/biomni/env_desc.py
biomni.dataset.depmap_crisprgeneeffect.csv,DepMap_CRISPRGeneEffect.csv,dataset,Biomni,multiomics,dataset,READY,True,READY - executable now,,none - works today,Apache-2.0,vendor,0,,,Biomni/biomni/env_desc.py
biomni.dataset.depmap_model.csv,DepMap_Model.csv,dataset,Biomni,multiomics,dataset,READY,True,READY - executable now,,none - works today,Apache-2.0,vendor,0,,,Biomni/biomni/env_desc.py
biomni.dataset.depmap_omicsexpressionproteincodinggenestpmlogp1.csv,DepMap_OmicsExpressionProteinCodingGenesTPMLogp1.csv,dataset,Biomni,bulk_rnaseq,dataset,READY,True,READY - executable now,,none - works today,Apache-2.0,vendor,0,,,Biomni/biomni/env_desc.py
biomni.dataset.disgenet.parquet,DisGeNET.parquet,dataset,Biomni,clinical,dataset,READY,True,READY - executable now,,none - works today,Apache-2.0,vendor,0,,,Biomni/biomni/env_desc.py
biomni.dataset.dosage_growth_defect.parquet,dosage_growth_defect.parquet,dataset,Biomni,general,dataset,READY,True,READY - executable now,,none - works today,Apache-2.0,vendor,0,,,Biomni/biomni/env_desc.py
biomni.dataset.enamine_cloud_library_smiles.pkl,enamine_cloud_library_smiles.pkl,dataset,Biomni,chemistry,dataset,READY,True,READY - executable now,,none - works today,Apache-2.0,vendor,0,,,Biomni/biomni/env_desc.py
biomni.dataset.evebio_assay_table.csv,evebio_assay_table.csv,dataset,Biomni,general,dataset,READY,True,READY - executable now,,none - works today,Apache-2.0,vendor,0,,,Biomni/biomni/env_desc.py
biomni.dataset.evebio_bundle_table.csv,evebio_bundle_table.csv,dataset,Biomni,general,dataset,READY,True,READY - executable now,,none - works today,Apache-2.0,vendor,0,,,Biomni/biomni/env_desc.py
biomni.dataset.evebio_compound_table.csv,evebio_compound_table.csv,dataset,Biomni,chemistry,dataset,READY,True,READY - executable now,,none - works today,Apache-2.0,vendor,0,,,Biomni/biomni/env_desc.py
biomni.dataset.evebio_control_table.csv,evebio_control_table.csv,dataset,Biomni,general,dataset,READY,True,READY - executable now,,none - works today,Apache-2.0,vendor,0,,,Biomni/biomni/env_desc.py
biomni.dataset.evebio_detailed_result_table.csv,evebio_detailed_result_table.csv,dataset,Biomni,general,dataset,READY,True,READY - executable now,,none - works today,Apache-2.0,vendor,0,,,Biomni/biomni/env_desc.py
biomni.dataset.evebio_observed_points_table.csv,evebio_observed_points_table.csv,dataset,Biomni,general,dataset,READY,True,READY - executable now,,none - works today,Apache-2.0,vendor,0,,,Biomni/biomni/env_desc.py
biomni.dataset.evebio_summary_result_table.csv,evebio_summary_result_table.csv,dataset,Biomni,chemistry,dataset,READY,True,READY - executable now,,none - works today,Apache-2.0,vendor,0,,,Biomni/biomni/env_desc.py
biomni.dataset.evebio_target_table.csv,evebio_target_table.csv,dataset,Biomni,general,dataset,READY,True,READY - executable now,,none - works today,Apache-2.0,vendor,0,,,Biomni/biomni/env_desc.py
biomni.dataset.gene_info.parquet,gene_info.parquet,dataset,Biomni,general,dataset,READY,True,READY - executable now,,none - works today,Apache-2.0,vendor,0,,,Biomni/biomni/env_desc.py
biomni.dataset.genebass_missense_lc_filtered.pkl,genebass_missense_LC_filtered.pkl,dataset,Biomni,wgs,dataset,READY,True,READY - executable now,,none - works today,Apache-2.0,vendor,0,,,Biomni/biomni/env_desc.py
biomni.dataset.genebass_plof_filtered.pkl,genebass_pLoF_filtered.pkl,dataset,Biomni,wgs,dataset,READY,True,READY - executable now,,none - works today,Apache-2.0,vendor,0,,,Biomni/biomni/env_desc.py
biomni.dataset.genebass_synonymous_filtered.pkl,genebass_synonymous_filtered.pkl,dataset,Biomni,wgs,dataset,READY,True,READY - executable now,,none - works today,Apache-2.0,vendor,0,,,Biomni/biomni/env_desc.py
biomni.dataset.genetic_interaction.parquet,genetic_interaction.parquet,dataset,Biomni,general,dataset,READY,True,READY - executable now,,none - works today,Apache-2.0,vendor,0,,,Biomni/biomni/env_desc.py
biomni.dataset.go-plus.json,go-plus.json,dataset,Biomni,general,dataset,READY,True,READY - executable now,,none - works today,Apache-2.0,vendor,0,,,Biomni/biomni/env_desc.py
biomni.dataset.gtex_tissue_gene_tpm.parquet,gtex_tissue_gene_tpm.parquet,dataset,Biomni,bulk_rnaseq,dataset,READY,True,READY - executable now,,none - works today,Apache-2.0,vendor,0,,,Biomni/biomni/env_desc.py
biomni.dataset.gwas_catalog.pkl,gwas_catalog.pkl,dataset,Biomni,wgs,dataset,READY,True,READY - executable now,,none - works today,Apache-2.0,vendor,0,,,Biomni/biomni/env_desc.py
biomni.dataset.hp.obo,hp.obo,dataset,Biomni,clinical,dataset,READY,True,READY - executable now,,none - works today,Apache-2.0,vendor,0,,,Biomni/biomni/env_desc.py
biomni.dataset.kg.csv,kg.csv,dataset,Biomni,clinical,dataset,READY,True,READY - executable now,,none - works today,Apache-2.0,vendor,0,,,Biomni/biomni/env_desc.py
biomni.dataset.marker_celltype.parquet,marker_celltype.parquet,dataset,Biomni,general,dataset,READY,True,READY - executable now,,none - works today,Apache-2.0,vendor,0,,,Biomni/biomni/env_desc.py
biomni.dataset.mcpas-tcr.parquet,McPAS-TCR.parquet,dataset,Biomni,general,dataset,READY,True,READY - executable now,,none - works today,Apache-2.0,vendor,0,,,Biomni/biomni/env_desc.py
biomni.dataset.mirdb_v6.0_results.parquet,miRDB_v6.0_results.parquet,dataset,Biomni,general,dataset,READY,True,READY - executable now,,none - works today,Apache-2.0,vendor,0,,,Biomni/biomni/env_desc.py
biomni.dataset.mirtarbase_microrna_target_interaction.parquet,miRTarBase_microRNA_target_interaction.parquet,dataset,Biomni,general,dataset,READY,True,READY - executable now,,none - works today,Apache-2.0,vendor,0,,,Biomni/biomni/env_desc.py
biomni.dataset.mirtarbase_microrna_target_interaction_pubmed_abtract.txt,miRTarBase_microRNA_target_interaction_pubmed_abtract.txt,dataset,Biomni,literature,dataset,READY,True,READY - executable now,,none - works today,Apache-2.0,vendor,0,,,Biomni/biomni/env_desc.py
biomni.dataset.mirtarbase_microrna_target_sites.parquet,miRTarBase_MicroRNA_Target_Sites.parquet,dataset,Biomni,general,dataset,READY,True,READY - executable now,,none - works today,Apache-2.0,vendor,0,,,Biomni/biomni/env_desc.py
biomni.dataset.mousemine_m1_positional_geneset.parquet,mousemine_m1_positional_geneset.parquet,dataset,Biomni,general,dataset,READY,True,READY - executable now,,none - works today,Apache-2.0,vendor,0,,,Biomni/biomni/env_desc.py
biomni.dataset.mousemine_m2_curated_geneset.parquet,mousemine_m2_curated_geneset.parquet,dataset,Biomni,general,dataset,READY,True,READY - executable now,,none - works today,Apache-2.0,vendor,0,,,Biomni/biomni/env_desc.py
biomni.dataset.mousemine_m3_regulatory_target_geneset.parquet,mousemine_m3_regulatory_target_geneset.parquet,dataset,Biomni,general,dataset,READY,True,READY - executable now,,none - works today,Apache-2.0,vendor,0,,,Biomni/biomni/env_desc.py
biomni.dataset.mousemine_m5_ontology_geneset.parquet,mousemine_m5_ontology_geneset.parquet,dataset,Biomni,general,dataset,READY,True,READY - executable now,,none - works today,Apache-2.0,vendor,0,,,Biomni/biomni/env_desc.py
biomni.dataset.mousemine_m8_celltype_signature_geneset.parquet,mousemine_m8_celltype_signature_geneset.parquet,dataset,Biomni,general,dataset,READY,True,READY - executable now,,none - works today,Apache-2.0,vendor,0,,,Biomni/biomni/env_desc.py
biomni.dataset.mousemine_mh_hallmark_geneset.parquet,mousemine_mh_hallmark_geneset.parquet,dataset,Biomni,general,dataset,READY,True,READY - executable now,,none - works today,Apache-2.0,vendor,0,,,Biomni/biomni/env_desc.py
biomni.dataset.msigdb_human_c1_positional_geneset.parquet,msigdb_human_c1_positional_geneset.parquet,dataset,Biomni,general,dataset,READY,True,READY - executable now,,none - works today,Apache-2.0,vendor,0,,,Biomni/biomni/env_desc.py
biomni.dataset.msigdb_human_c2_curated_geneset.parquet,msigdb_human_c2_curated_geneset.parquet,dataset,Biomni,general,dataset,READY,True,READY - executable now,,none - works today,Apache-2.0,vendor,0,,,Biomni/biomni/env_desc.py
biomni.dataset.msigdb_human_c3_regulatory_target_geneset.parquet,msigdb_human_c3_regulatory_target_geneset.parquet,dataset,Biomni,general,dataset,READY,True,READY - executable now,,none - works today,Apache-2.0,vendor,0,,,Biomni/biomni/env_desc.py
biomni.dataset.msigdb_human_c3_subset_transcription_factor_targets_from_gtrd.parquet,msigdb_human_c3_subset_transcription_factor_targets_from_GTRD.parquet,dataset,Biomni,general,dataset,READY,True,READY - executable now,,none - works today,Apache-2.0,vendor,0,,,Biomni/biomni/env_desc.py
biomni.dataset.msigdb_human_c4_computational_geneset.parquet,msigdb_human_c4_computational_geneset.parquet,dataset,Biomni,general,dataset,READY,True,READY - executable now,,none - works today,Apache-2.0,vendor,0,,,Biomni/biomni/env_desc.py
biomni.dataset.msigdb_human_c5_ontology_geneset.parquet,msigdb_human_c5_ontology_geneset.parquet,dataset,Biomni,general,dataset,READY,True,READY - executable now,,none - works today,Apache-2.0,vendor,0,,,Biomni/biomni/env_desc.py
biomni.dataset.msigdb_human_c6_oncogenic_signature_geneset.parquet,msigdb_human_c6_oncogenic_signature_geneset.parquet,dataset,Biomni,general,dataset,READY,True,READY - executable now,,none - works today,Apache-2.0,vendor,0,,,Biomni/biomni/env_desc.py
biomni.dataset.msigdb_human_c7_immunologic_signature_geneset.parquet,msigdb_human_c7_immunologic_signature_geneset.parquet,dataset,Biomni,general,dataset,READY,True,READY - executable now,,none - works today,Apache-2.0,vendor,0,,,Biomni/biomni/env_desc.py
biomni.dataset.msigdb_human_c8_celltype_signature_geneset.parquet,msigdb_human_c8_celltype_signature_geneset.parquet,dataset,Biomni,general,dataset,READY,True,READY - executable now,,none - works today,Apache-2.0,vendor,0,,,Biomni/biomni/env_desc.py
biomni.dataset.msigdb_human_h_hallmark_geneset.parquet,msigdb_human_h_hallmark_geneset.parquet,dataset,Biomni,general,dataset,READY,True,READY - executable now,,none - works today,Apache-2.0,vendor,0,,,Biomni/biomni/env_desc.py
biomni.dataset.omim.parquet,omim.parquet,dataset,Biomni,general,dataset,READY,True,READY - executable now,,none - works today,Apache-2.0,vendor,0,,,Biomni/biomni/env_desc.py
biomni.dataset.proteinatlas.tsv,proteinatlas.tsv,dataset,Biomni,general,dataset,READY,True,READY - executable now,,none - works today,Apache-2.0,vendor,0,,,Biomni/biomni/env_desc.py
biomni.dataset.proximity_label-ms.parquet,proximity_label-ms.parquet,dataset,Biomni,proteomics,dataset,READY,True,READY - executable now,,none - works today,Apache-2.0,vendor,0,,,Biomni/biomni/env_desc.py
biomni.dataset.reconstituted_complex.parquet,reconstituted_complex.parquet,dataset,Biomni,general,dataset,READY,True,READY - executable now,,none - works today,Apache-2.0,vendor,0,,,Biomni/biomni/env_desc.py
biomni.dataset.sgrna_ko_sp_human.txt,sgRNA_KO_SP_human.txt,dataset,Biomni,general,dataset,READY,True,READY - executable now,,none - works today,Apache-2.0,vendor,0,,,Biomni/biomni/env_desc.py
biomni.dataset.sgrna_ko_sp_mouse.txt,sgRNA_KO_SP_mouse.txt,dataset,Biomni,general,dataset,READY,True,READY - executable now,,none - works today,Apache-2.0,vendor,0,,,Biomni/biomni/env_desc.py
biomni.dataset.synthetic_growth_defect.parquet,synthetic_growth_defect.parquet,dataset,Biomni,general,dataset,READY,True,READY - executable now,,none - works today,Apache-2.0,vendor,0,,,Biomni/biomni/env_desc.py
biomni.dataset.synthetic_lethality.parquet,synthetic_lethality.parquet,dataset,Biomni,general,dataset,READY,True,READY - executable now,,none - works today,Apache-2.0,vendor,0,,,Biomni/biomni/env_desc.py
biomni.dataset.synthetic_rescue.parquet,synthetic_rescue.parquet,dataset,Biomni,clinical,dataset,READY,True,READY - executable now,,none - works today,Apache-2.0,vendor,0,,,Biomni/biomni/env_desc.py
biomni.dataset.two-hybrid.parquet,two-hybrid.parquet,dataset,Biomni,proteomics,dataset,READY,True,READY - executable now,,none - works today,Apache-2.0,vendor,0,,,Biomni/biomni/env_desc.py
biomni.dataset.txgnn_name_mapping.pkl,txgnn_name_mapping.pkl,dataset,Biomni,general,dataset,READY,True,READY - executable now,,none - works today,Apache-2.0,vendor,0,,,Biomni/biomni/env_desc.py
biomni.dataset.txgnn_prediction.pkl,txgnn_prediction.pkl,dataset,Biomni,general,dataset,READY,True,READY - executable now,,none - works today,Apache-2.0,vendor,0,,,Biomni/biomni/env_desc.py
biomni.dataset.variant_table.parquet,variant_table.parquet,dataset,Biomni,wgs,dataset,READY,True,READY - executable now,,none - works today,Apache-2.0,vendor,0,,,Biomni/biomni/env_desc.py
biomni.dataset.virus-host_ppi_p-hipster_2020.parquet,Virus-Host_PPI_P-HIPSTER_2020.parquet,dataset,Biomni,proteomics,dataset,READY,True,READY - executable now,,none - works today,Apache-2.0,vendor,0,,,Biomni/biomni/env_desc.py
agentomics.agent_role.agenticstep,AgenticStep,agent_role,Agentomics,general,none,UNAVAILABLE,False,"DECLARATIVE - specification only, no entrypoint",no execution backend declared (catalogue metadata only),"none possible - these are specifications for a host agent, not callables",MIT,vendor,0,,,Agentomics/src/agentomics/agents/steps/base.py
agentomics.agent_role.agenticstepoutput,AgenticStepOutput,agent_role,Agentomics,general,none,UNAVAILABLE,False,"DECLARATIVE - specification only, no entrypoint",no execution backend declared (catalogue metadata only),"none possible - these are specifications for a host agent, not callables",MIT,vendor,0,,,Agentomics/src/agentomics/agents/steps/base.py
agentomics.agent_role.agentscriptfailed,AgentScriptFailed,agent_role,Agentomics,general,none,UNAVAILABLE,False,"DECLARATIVE - specification only, no entrypoint",no execution backend declared (catalogue metadata only),"none possible - these are specifications for a host agent, not callables",MIT,vendor,0,,,Agentomics/src/agentomics/utils/exceptions.py
agentomics.agent_role.testagentpermissions,TestAgentPermissions,agent_role,Agentomics,general,none,UNAVAILABLE,False,"DECLARATIVE - specification only, no entrypoint",no execution backend declared (catalogue metadata only),"none possible - these are specifications for a host agent, not callables",MIT,vendor,0,,,Agentomics/test/test_agent_permissions.py
autoba.agent_role.agent,Agent,agent_role,AutoBA,general,none,UNAVAILABLE,False,"DECLARATIVE - specification only, no entrypoint",no execution backend declared (catalogue metadata only),"none possible - these are specifications for a host agent, not callables",MIT,vendor,0,,,AutoBA/src/agent.py
autoba.agent_role.codeexecutor,CodeExecutor,agent_role,AutoBA,general,none,UNAVAILABLE,False,"DECLARATIVE - specification only, no entrypoint",no execution backend declared (catalogue metadata only),"none possible - these are specifications for a host agent, not callables",MIT,vendor,0,,,AutoBA/src/executor.py
biomedagent.agent_role.baseagent,BaseAgent,agent_role,BioMedAgent,general,none,UNAVAILABLE,False,"DECLARATIVE - specification only, no entrypoint",no execution backend declared (catalogue metadata only),"none possible - these are specifications for a host agent, not callables",MIT,vendor,0,,,BioMedAgent/agent.py
biomedagent.agent_role.batchtaskexecutor,BatchTaskExecutor,agent_role,BioMedAgent,general,none,UNAVAILABLE,False,"DECLARATIVE - specification only, no entrypoint",no execution backend declared (catalogue metadata only),"none possible - these are specifications for a host agent, not callables",NONE,federated,0,,,BioMedAgent/server/batchtask_executor.py
biomedagent.agent_role.testmemorycodingagent,TestMemoryCodingAgent,agent_role,BioMedAgent,general,none,UNAVAILABLE,False,"DECLARATIVE - specification only, no entrypoint",no execution backend declared (catalogue metadata only),"none possible - these are specifications for a host agent, not callables",NONE,federated,0,,,BioMedAgent/lab/memory.py
biomedagent.agent_role.testmemorytoolagent,TestMemoryToolAgent,agent_role,BioMedAgent,general,none,UNAVAILABLE,False,"DECLARATIVE - specification only, no entrypoint",no execution backend declared (catalogue metadata only),"none possible - these are specifications for a host agent, not callables",NONE,federated,0,,,BioMedAgent/lab/memory.py
biomedagent.agent_role.testmemoryworkflowagent,TestMemoryWorkflowAgent,agent_role,BioMedAgent,general,none,UNAVAILABLE,False,"DECLARATIVE - specification only, no entrypoint",no execution backend declared (catalogue metadata only),"none possible - these are specifications for a host agent, not callables",NONE,federated,0,,,BioMedAgent/lab/memory.py
biomedagent.agent_role.toolmanager,ToolManager,agent_role,BioMedAgent,general,none,UNAVAILABLE,False,"DECLARATIVE - specification only, no entrypoint",no execution backend declared (catalogue metadata only),"none possible - these are specifications for a host agent, not callables",NONE,federated,0,,,BioMedAgent/scripts/component.py
biomedarena.benchmark.aa_lcr,aa_lcr,benchmark,BioMedArena,general,none,UNAVAILABLE,False,"DECLARATIVE - specification only, no entrypoint",no execution backend declared (catalogue metadata only),"none possible - these are specifications for a host agent, not callables",MIT,vendor,0,,,BioMedArena/docs/benchmark_datasets.md
biomedarena.benchmark.agentclinic,agentclinic,benchmark,BioMedArena,clinical,none,UNAVAILABLE,False,"DECLARATIVE - specification only, no entrypoint",no execution backend declared (catalogue metadata only),"none possible - these are specifications for a host agent, not callables",MIT,vendor,0,,,BioMedArena/docs/benchmark_datasets.md
biomedarena.benchmark.bioasq,bioasq,benchmark,BioMedArena,general,none,UNAVAILABLE,False,"DECLARATIVE - specification only, no entrypoint",no execution backend declared (catalogue metadata only),"none possible - these are specifications for a host agent, not callables",MIT,vendor,0,,,BioMedArena/docs/benchmark_datasets.md
biomedarena.benchmark.bioprobench,bioprobench,benchmark,BioMedArena,general,none,UNAVAILABLE,False,"DECLARATIVE - specification only, no entrypoint",no execution backend declared (catalogue metadata only),"none possible - these are specifications for a host agent, not callables",MIT,vendor,0,,,BioMedArena/docs/benchmark_datasets.md
biomedarena.benchmark.bixbench,bixbench,benchmark,BioMedArena,general,none,UNAVAILABLE,False,"DECLARATIVE - specification only, no entrypoint",no execution backend declared (catalogue metadata only),"none possible - these are specifications for a host agent, not callables",MIT,vendor,0,,,BioMedArena/docs/benchmark_datasets.md
biomedarena.benchmark.genotex,genotex,benchmark,BioMedArena,wgs,none,UNAVAILABLE,False,"DECLARATIVE - specification only, no entrypoint",no execution backend declared (catalogue metadata only),"none possible - these are specifications for a host agent, not callables",MIT,vendor,0,,,BioMedArena/docs/benchmark_datasets.md
biomedarena.benchmark.gpqa_bio,gpqa_bio,benchmark,BioMedArena,general,none,UNAVAILABLE,False,"DECLARATIVE - specification only, no entrypoint",no execution backend declared (catalogue metadata only),"none possible - these are specifications for a host agent, not callables",MIT,vendor,0,,,BioMedArena/docs/benchmark_datasets.md
biomedarena.benchmark.healthbench,healthbench,benchmark,BioMedArena,general,none,UNAVAILABLE,False,"DECLARATIVE - specification only, no entrypoint",no execution backend declared (catalogue metadata only),"none possible - these are specifications for a host agent, not callables",MIT,vendor,0,,,BioMedArena/docs/benchmark_datasets.md
biomedarena.benchmark.hf_adaptllm_chemprot,hf_adaptllm_chemprot,benchmark,BioMedArena,general,none,UNAVAILABLE,False,"DECLARATIVE - specification only, no entrypoint",no execution backend declared (catalogue metadata only),"none possible - these are specifications for a host agent, not callables",MIT,vendor,0,,,BioMedArena/docs/benchmark_datasets.md
biomedarena.benchmark.hf_adaptllm_medicine_tasks,hf_adaptllm_medicine_tasks,benchmark,BioMedArena,general,none,UNAVAILABLE,False,"DECLARATIVE - specification only, no entrypoint",no execution backend declared (catalogue metadata only),"none possible - these are specifications for a host agent, not callables",MIT,vendor,0,,,BioMedArena/docs/benchmark_datasets.md
biomedarena.benchmark.hf_adaptllm_mqp,hf_adaptllm_mqp,benchmark,BioMedArena,general,none,UNAVAILABLE,False,"DECLARATIVE - specification only, no entrypoint",no execution backend declared (catalogue metadata only),"none possible - these are specifications for a host agent, not callables",MIT,vendor,0,,,BioMedArena/docs/benchmark_datasets.md
biomedarena.benchmark.hf_adaptllm_rct,hf_adaptllm_rct,benchmark,BioMedArena,general,none,UNAVAILABLE,False,"DECLARATIVE - specification only, no entrypoint",no execution backend declared (catalogue metadata only),"none possible - these are specifications for a host agent, not callables",MIT,vendor,0,,,BioMedArena/docs/benchmark_datasets.md
biomedarena.benchmark.hf_ade_corpus_v2,hf_ade_corpus_v2,benchmark,BioMedArena,general,none,UNAVAILABLE,False,"DECLARATIVE - specification only, no entrypoint",no execution backend declared (catalogue metadata only),"none possible - these are specifications for a host agent, not callables",MIT,vendor,0,,,BioMedArena/docs/benchmark_datasets.md
biomedarena.benchmark.hf_anatem,hf_anatem,benchmark,BioMedArena,general,none,UNAVAILABLE,False,"DECLARATIVE - specification only, no entrypoint",no execution backend declared (catalogue metadata only),"none possible - these are specifications for a host agent, not callables",MIT,vendor,0,,,BioMedArena/docs/benchmark_datasets.md
biomedarena.benchmark.hf_bacbench_antibiotic_resistance_dna,hf_bacbench_antibiotic_resistance_dna,benchmark,BioMedArena,general,none,UNAVAILABLE,False,"DECLARATIVE - specification only, no entrypoint",no execution backend declared (catalogue metadata only),"none possible - these are specifications for a host agent, not callables",MIT,vendor,0,,,BioMedArena/docs/benchmark_datasets.md
biomedarena.benchmark.hf_bacbench_phenotypic_traits_dna,hf_bacbench_phenotypic_traits_dna,benchmark,BioMedArena,general,none,UNAVAILABLE,False,"DECLARATIVE - specification only, no entrypoint",no execution backend declared (catalogue metadata only),"none possible - these are specifications for a host agent, not callables",MIT,vendor,0,,,BioMedArena/docs/benchmark_datasets.md
biomedarena.benchmark.hf_bc2gm,hf_bc2gm,benchmark,BioMedArena,general,none,UNAVAILABLE,False,"DECLARATIVE - specification only, no entrypoint",no execution backend declared (catalogue metadata only),"none possible - these are specifications for a host agent, not callables",MIT,vendor,0,,,BioMedArena/docs/benchmark_datasets.md
biomedarena.benchmark.hf_bc5cdr,hf_bc5cdr,benchmark,BioMedArena,general,none,UNAVAILABLE,False,"DECLARATIVE - specification only, no entrypoint",no execution backend declared (catalogue metadata only),"none possible - these are specifications for a host agent, not callables",MIT,vendor,0,,,BioMedArena/docs/benchmark_datasets.md
biomedarena.benchmark.hf_bigbio_med_qa,hf_bigbio_med_qa,benchmark,BioMedArena,general,none,UNAVAILABLE,False,"DECLARATIVE - specification only, no entrypoint",no execution backend declared (catalogue metadata only),"none possible - these are specifications for a host agent, not callables",MIT,vendor,0,,,BioMedArena/docs/benchmark_datasets.md
biomedarena.benchmark.hf_bigbio_pubmed_qa,hf_bigbio_pubmed_qa,benchmark,BioMedArena,literature,none,UNAVAILABLE,False,"DECLARATIVE - specification only, no entrypoint",no execution backend declared (catalogue metadata only),"none possible - these are specifications for a host agent, not callables",MIT,vendor,0,,,BioMedArena/docs/benchmark_datasets.md
biomedarena.benchmark.hf_biocreative_viii_biored,hf_biocreative_viii_biored,benchmark,BioMedArena,general,none,UNAVAILABLE,False,"DECLARATIVE - specification only, no entrypoint",no execution backend declared (catalogue metadata only),"none possible - these are specifications for a host agent, not callables",MIT,vendor,0,,,BioMedArena/docs/benchmark_datasets.md
biomedarena.benchmark.hf_biomedbench,hf_biomedbench,benchmark,BioMedArena,general,none,UNAVAILABLE,False,"DECLARATIVE - specification only, no entrypoint",no execution backend declared (catalogue metadata only),"none possible - these are specifications for a host agent, not callables",MIT,vendor,0,,,BioMedArena/docs/benchmark_datasets.md
biomedarena.benchmark.hf_biored,hf_biored,benchmark,BioMedArena,general,none,UNAVAILABLE,False,"DECLARATIVE - specification only, no entrypoint",no execution backend declared (catalogue metadata only),"none possible - these are specifications for a host agent, not callables",MIT,vendor,0,,,BioMedArena/docs/benchmark_datasets.md
biomedarena.benchmark.hf_biosses,hf_biosses,benchmark,BioMedArena,general,none,UNAVAILABLE,False,"DECLARATIVE - specification only, no entrypoint",no execution backend declared (catalogue metadata only),"none possible - these are specifications for a host agent, not callables",MIT,vendor,0,,,BioMedArena/docs/benchmark_datasets.md
biomedarena.benchmark.hf_blurb,hf_blurb,benchmark,BioMedArena,general,none,UNAVAILABLE,False,"DECLARATIVE - specification only, no entrypoint",no execution backend declared (catalogue metadata only),"none possible - these are specifications for a host agent, not callables",MIT,vendor,0,,,BioMedArena/docs/benchmark_datasets.md
biomedarena.benchmark.hf_careqa,hf_careqa,benchmark,BioMedArena,general,none,UNAVAILABLE,False,"DECLARATIVE - specification only, no entrypoint",no execution backend declared (catalogue metadata only),"none possible - these are specifications for a host agent, not callables",MIT,vendor,0,,,BioMedArena/docs/benchmark_datasets.md
biomedarena.benchmark.hf_ccdv_pubmed_summarization,hf_ccdv_pubmed_summarization,benchmark,BioMedArena,literature,none,UNAVAILABLE,False,"DECLARATIVE - specification only, no entrypoint",no execution backend declared (catalogue metadata only),"none possible - these are specifications for a host agent, not callables",MIT,vendor,0,,,BioMedArena/docs/benchmark_datasets.md
biomedarena.benchmark.hf_chembench,hf_chembench,benchmark,BioMedArena,general,none,UNAVAILABLE,False,"DECLARATIVE - specification only, no entrypoint",no execution backend declared (catalogue metadata only),"none possible - these are specifications for a host agent, not callables",MIT,vendor,0,,,BioMedArena/docs/benchmark_datasets.md
biomedarena.benchmark.hf_chemistry_qa,hf_chemistry_qa,benchmark,BioMedArena,general,none,UNAVAILABLE,False,"DECLARATIVE - specification only, no entrypoint",no execution backend declared (catalogue metadata only),"none possible - these are specifications for a host agent, not callables",MIT,vendor,0,,,BioMedArena/docs/benchmark_datasets.md
biomedarena.benchmark.hf_chemllmbench,hf_chemllmbench,benchmark,BioMedArena,general,none,UNAVAILABLE,False,"DECLARATIVE - specification only, no entrypoint",no execution backend declared (catalogue metadata only),"none possible - these are specifications for a host agent, not callables",MIT,vendor,0,,,BioMedArena/docs/benchmark_datasets.md
biomedarena.benchmark.hf_clicr,hf_clicr,benchmark,BioMedArena,general,none,UNAVAILABLE,False,"DECLARATIVE - specification only, no entrypoint",no execution backend declared (catalogue metadata only),"none possible - these are specifications for a host agent, not callables",MIT,vendor,0,,,BioMedArena/docs/benchmark_datasets.md
biomedarena.benchmark.hf_clinical_trials_eligibility_nlp,hf_clinical_trials_eligibility_nlp,benchmark,BioMedArena,general,none,UNAVAILABLE,False,"DECLARATIVE - specification only, no entrypoint",no execution backend declared (catalogue metadata only),"none possible - these are specifications for a host agent, not callables",MIT,vendor,0,,,BioMedArena/docs/benchmark_datasets.md
biomedarena.benchmark.hf_cmb,hf_cmb,benchmark,BioMedArena,general,none,UNAVAILABLE,False,"DECLARATIVE - specification only, no entrypoint",no execution backend declared (catalogue metadata only),"none possible - these are specifications for a host agent, not callables",MIT,vendor,0,,,BioMedArena/docs/benchmark_datasets.md
biomedarena.benchmark.hf_cmexam,hf_cmexam,benchmark,BioMedArena,general,none,UNAVAILABLE,False,"DECLARATIVE - specification only, no entrypoint",no execution backend declared (catalogue metadata only),"none possible - these are specifications for a host agent, not callables",MIT,vendor,0,,,BioMedArena/docs/benchmark_datasets.md
biomedarena.benchmark.hf_cord19_qa,hf_cord19_qa,benchmark,BioMedArena,general,none,UNAVAILABLE,False,"DECLARATIVE - specification only, no entrypoint",no execution backend declared (catalogue metadata only),"none possible - these are specifications for a host agent, not callables",MIT,vendor,0,,,BioMedArena/docs/benchmark_datasets.md
biomedarena.benchmark.hf_craft,hf_craft,benchmark,BioMedArena,general,none,UNAVAILABLE,False,"DECLARATIVE - specification only, no entrypoint",no execution backend declared (catalogue metadata only),"none possible - these are specifications for a host agent, not callables",MIT,vendor,0,,,BioMedArena/docs/benchmark_datasets.md
biomedarena.benchmark.hf_ddi_corpus_2013,hf_ddi_corpus_2013,benchmark,BioMedArena,general,none,UNAVAILABLE,False,"DECLARATIVE - specification only, no entrypoint",no execution backend declared (catalogue metadata only),"none possible - these are specifications for a host agent, not callables",MIT,vendor,0,,,BioMedArena/docs/benchmark_datasets.md
biomedarena.benchmark.hf_discoverybench_biomedical,hf_discoverybench_biomedical,benchmark,BioMedArena,general,none,UNAVAILABLE,False,"DECLARATIVE - specification only, no entrypoint",no execution backend declared (catalogue metadata only),"none possible - these are specifications for a host agent, not callables",MIT,vendor,0,,,BioMedArena/docs/benchmark_datasets.md
biomedarena.benchmark.hf_ebm_nlp,hf_ebm_nlp,benchmark,BioMedArena,general,none,UNAVAILABLE,False,"DECLARATIVE - specification only, no entrypoint",no execution backend declared (catalogue metadata only),"none possible - these are specifications for a host agent, not callables",MIT,vendor,0,,,BioMedArena/docs/benchmark_datasets.md
biomedarena.benchmark.hf_evidence_inference,hf_evidence_inference,benchmark,BioMedArena,general,none,UNAVAILABLE,False,"DECLARATIVE - specification only, no entrypoint",no execution backend declared (catalogue metadata only),"none possible - these are specifications for a host agent, not callables",MIT,vendor,0,,,BioMedArena/docs/benchmark_datasets.md
biomedarena.benchmark.hf_fgbench,hf_fgbench,benchmark,BioMedArena,general,none,UNAVAILABLE,False,"DECLARATIVE - specification only, no entrypoint",no execution backend declared (catalogue metadata only),"none possible - these are specifications for a host agent, not callables",MIT,vendor,0,,,BioMedArena/docs/benchmark_datasets.md
biomedarena.benchmark.hf_fluorescence_prediction,hf_fluorescence_prediction,benchmark,BioMedArena,general,none,UNAVAILABLE,False,"DECLARATIVE - specification only, no entrypoint",no execution backend declared (catalogue metadata only),"none possible - these are specifications for a host agent, not callables",MIT,vendor,0,,,BioMedArena/docs/benchmark_datasets.md
biomedarena.benchmark.hf_gad,hf_gad,benchmark,BioMedArena,general,none,UNAVAILABLE,False,"DECLARATIVE - specification only, no entrypoint",no execution backend declared (catalogue metadata only),"none possible - these are specifications for a host agent, not callables",MIT,vendor,0,,,BioMedArena/docs/benchmark_datasets.md
biomedarena.benchmark.hf_gaianet_chemistry,hf_gaianet_chemistry,benchmark,BioMedArena,general,none,UNAVAILABLE,False,"DECLARATIVE - specification only, no entrypoint",no execution backend declared (catalogue metadata only),"none possible - these are specifications for a host agent, not callables",MIT,vendor,0,,,BioMedArena/docs/benchmark_datasets.md
biomedarena.benchmark.hf_genbio_proteingym_dms,hf_genbio_proteingym_dms,benchmark,BioMedArena,general,none,UNAVAILABLE,False,"DECLARATIVE - specification only, no entrypoint",no execution backend declared (catalogue metadata only),"none possible - these are specifications for a host agent, not callables",MIT,vendor,0,,,BioMedArena/docs/benchmark_datasets.md
biomedarena.benchmark.hf_geneturing,hf_geneturing,benchmark,BioMedArena,wgs,none,UNAVAILABLE,False,"DECLARATIVE - specification only, no entrypoint",no execution backend declared (catalogue metadata only),"none possible - these are specifications for a host agent, not callables",MIT,vendor,0,,,BioMedArena/docs/benchmark_datasets.md
biomedarena.benchmark.hf_genomics_long_range,hf_genomics_long_range,benchmark,BioMedArena,wgs,none,UNAVAILABLE,False,"DECLARATIVE - specification only, no entrypoint",no execution backend declared (catalogue metadata only),"none possible - these are specifications for a host agent, not callables",MIT,vendor,0,,,BioMedArena/docs/benchmark_datasets.md
biomedarena.benchmark.hf_hallmarks_of_cancer,hf_hallmarks_of_cancer,benchmark,BioMedArena,general,none,UNAVAILABLE,False,"DECLARATIVE - specification only, no entrypoint",no execution backend declared (catalogue metadata only),"none possible - these are specifications for a host agent, not callables",MIT,vendor,0,,,BioMedArena/docs/benchmark_datasets.md
biomedarena.benchmark.hf_headqa,hf_headqa,benchmark,BioMedArena,general,none,UNAVAILABLE,False,"DECLARATIVE - specification only, no entrypoint",no execution backend declared (catalogue metadata only),"none possible - these are specifications for a host agent, not callables",MIT,vendor,0,,,BioMedArena/docs/benchmark_datasets.md
biomedarena.benchmark.hf_healthqa,hf_healthqa,benchmark,BioMedArena,general,none,UNAVAILABLE,False,"DECLARATIVE - specification only, no entrypoint",no execution backend declared (catalogue metadata only),"none possible - these are specifications for a host agent, not callables",MIT,vendor,0,,,BioMedArena/docs/benchmark_datasets.md
biomedarena.benchmark.hf_icml2022_proteingym,hf_icml2022_proteingym,benchmark,BioMedArena,general,none,UNAVAILABLE,False,"DECLARATIVE - specification only, no entrypoint",no execution backend declared (catalogue metadata only),"none possible - these are specifications for a host agent, not callables",MIT,vendor,0,,,BioMedArena/docs/benchmark_datasets.md
biomedarena.benchmark.hf_jnlpba,hf_jnlpba,benchmark,BioMedArena,general,none,UNAVAILABLE,False,"DECLARATIVE - specification only, no entrypoint",no execution backend declared (catalogue metadata only),"none possible - these are specifications for a host agent, not callables",MIT,vendor,0,,,BioMedArena/docs/benchmark_datasets.md
biomedarena.benchmark.hf_katielink_moleculenet_bace,hf_katielink_moleculenet_bace,benchmark,BioMedArena,chemistry,none,UNAVAILABLE,False,"DECLARATIVE - specification only, no entrypoint",no execution backend declared (catalogue metadata only),"none possible - these are specifications for a host agent, not callables",MIT,vendor,0,,,BioMedArena/docs/benchmark_datasets.md
biomedarena.benchmark.hf_katielink_moleculenet_bbbp,hf_katielink_moleculenet_bbbp,benchmark,BioMedArena,chemistry,none,UNAVAILABLE,False,"DECLARATIVE - specification only, no entrypoint",no execution backend declared (catalogue metadata only),"none possible - these are specifications for a host agent, not callables",MIT,vendor,0,,,BioMedArena/docs/benchmark_datasets.md
biomedarena.benchmark.hf_katielink_moleculenet_clintox,hf_katielink_moleculenet_clintox,benchmark,BioMedArena,chemistry,none,UNAVAILABLE,False,"DECLARATIVE - specification only, no entrypoint",no execution backend declared (catalogue metadata only),"none possible - these are specifications for a host agent, not callables",MIT,vendor,0,,,BioMedArena/docs/benchmark_datasets.md
biomedarena.benchmark.hf_katielink_moleculenet_esol,hf_katielink_moleculenet_esol,benchmark,BioMedArena,chemistry,none,UNAVAILABLE,False,"DECLARATIVE - specification only, no entrypoint",no execution backend declared (catalogue metadata only),"none possible - these are specifications for a host agent, not callables",MIT,vendor,0,,,BioMedArena/docs/benchmark_datasets.md
biomedarena.benchmark.hf_katielink_moleculenet_freesolv,hf_katielink_moleculenet_freesolv,benchmark,BioMedArena,chemistry,none,UNAVAILABLE,False,"DECLARATIVE - specification only, no entrypoint",no execution backend declared (catalogue metadata only),"none possible - these are specifications for a host agent, not callables",MIT,vendor,0,,,BioMedArena/docs/benchmark_datasets.md
biomedarena.benchmark.hf_katielink_moleculenet_hiv,hf_katielink_moleculenet_hiv,benchmark,BioMedArena,chemistry,none,UNAVAILABLE,False,"DECLARATIVE - specification only, no entrypoint",no execution backend declared (catalogue metadata only),"none possible - these are specifications for a host agent, not callables",MIT,vendor,0,,,BioMedArena/docs/benchmark_datasets.md
biomedarena.benchmark.hf_katielink_moleculenet_lipo,hf_katielink_moleculenet_lipo,benchmark,BioMedArena,chemistry,none,UNAVAILABLE,False,"DECLARATIVE - specification only, no entrypoint",no execution backend declared (catalogue metadata only),"none possible - these are specifications for a host agent, not callables",MIT,vendor,0,,,BioMedArena/docs/benchmark_datasets.md
biomedarena.benchmark.hf_katielink_moleculenet_sider,hf_katielink_moleculenet_sider,benchmark,BioMedArena,chemistry,none,UNAVAILABLE,False,"DECLARATIVE - specification only, no entrypoint",no execution backend declared (catalogue metadata only),"none possible - these are specifications for a host agent, not callables",MIT,vendor,0,,,BioMedArena/docs/benchmark_datasets.md
biomedarena.benchmark.hf_katielink_moleculenet_tox21,hf_katielink_moleculenet_tox21,benchmark,BioMedArena,chemistry,none,UNAVAILABLE,False,"DECLARATIVE - specification only, no entrypoint",no execution backend declared (catalogue metadata only),"none possible - these are specifications for a host agent, not callables",MIT,vendor,0,,,BioMedArena/docs/benchmark_datasets.md
biomedarena.benchmark.hf_litcovid,hf_litcovid,benchmark,BioMedArena,general,none,UNAVAILABLE,False,"DECLARATIVE - specification only, no entrypoint",no execution backend declared (catalogue metadata only),"none possible - these are specifications for a host agent, not callables",MIT,vendor,0,,,BioMedArena/docs/benchmark_datasets.md
biomedarena.benchmark.hf_liveqa_med,hf_liveqa_med,benchmark,BioMedArena,general,none,UNAVAILABLE,False,"DECLARATIVE - specification only, no entrypoint",no execution backend declared (catalogue metadata only),"none possible - these are specifications for a host agent, not callables",MIT,vendor,0,,,BioMedArena/docs/benchmark_datasets.md
biomedarena.benchmark.hf_longhealth,hf_longhealth,benchmark,BioMedArena,general,none,UNAVAILABLE,False,"DECLARATIVE - specification only, no entrypoint",no execution backend declared (catalogue metadata only),"none possible - these are specifications for a host agent, not callables",MIT,vendor,0,,,BioMedArena/docs/benchmark_datasets.md
biomedarena.benchmark.hf_lpm24_eval_caption,hf_lpm24_eval_caption,benchmark,BioMedArena,general,none,UNAVAILABLE,False,"DECLARATIVE - specification only, no entrypoint",no execution backend declared (catalogue metadata only),"none possible - these are specifications for a host agent, not callables",MIT,vendor,0,,,BioMedArena/docs/benchmark_datasets.md
biomedarena.benchmark.hf_lpm24_eval_molgen,hf_lpm24_eval_molgen,benchmark,BioMedArena,general,none,UNAVAILABLE,False,"DECLARATIVE - specification only, no entrypoint",no execution backend declared (catalogue metadata only),"none possible - these are specifications for a host agent, not callables",MIT,vendor,0,,,BioMedArena/docs/benchmark_datasets.md
biomedarena.benchmark.hf_medcase_reasoning,hf_medcase_reasoning,benchmark,BioMedArena,general,none,UNAVAILABLE,False,"DECLARATIVE - specification only, no entrypoint",no execution backend declared (catalogue metadata only),"none possible - these are specifications for a host agent, not callables",MIT,vendor,0,,,BioMedArena/docs/benchmark_datasets.md
biomedarena.benchmark.hf_medconceptsqa,hf_medconceptsqa,benchmark,BioMedArena,general,none,UNAVAILABLE,False,"DECLARATIVE - specification only, no entrypoint",no execution backend declared (catalogue metadata only),"none possible - these are specifications for a host agent, not callables",MIT,vendor,0,,,BioMedArena/docs/benchmark_datasets.md
biomedarena.benchmark.hf_meddialogqa,hf_meddialogqa,benchmark,BioMedArena,general,none,UNAVAILABLE,False,"DECLARATIVE - specification only, no entrypoint",no execution backend declared (catalogue metadata only),"none possible - these are specifications for a host agent, not callables",MIT,vendor,0,,,BioMedArena/docs/benchmark_datasets.md
biomedarena.benchmark.hf_medexqa,hf_medexqa,benchmark,BioMedArena,general,none,UNAVAILABLE,False,"DECLARATIVE - specification only, no entrypoint",no execution backend declared (catalogue metadata only),"none possible - these are specifications for a host agent, not callables",MIT,vendor,0,,,BioMedArena/docs/benchmark_datasets.md
biomedarena.benchmark.hf_medical_question_pairs,hf_medical_question_pairs,benchmark,BioMedArena,general,none,UNAVAILABLE,False,"DECLARATIVE - specification only, no entrypoint",no execution backend declared (catalogue metadata only),"none possible - these are specifications for a host agent, not callables",MIT,vendor,0,,,BioMedArena/docs/benchmark_datasets.md
biomedarena.benchmark.hf_medication_qa,hf_medication_qa,benchmark,BioMedArena,general,none,UNAVAILABLE,False,"DECLARATIVE - specification only, no entrypoint",no execution backend declared (catalogue metadata only),"none possible - these are specifications for a host agent, not callables",MIT,vendor,0,,,BioMedArena/docs/benchmark_datasets.md
biomedarena.benchmark.hf_medmcqa_explanations,hf_medmcqa_explanations,benchmark,BioMedArena,general,none,UNAVAILABLE,False,"DECLARATIVE - specification only, no entrypoint",no execution backend declared (catalogue metadata only),"none possible - these are specifications for a host agent, not callables",MIT,vendor,0,,,BioMedArena/docs/benchmark_datasets.md
biomedarena.benchmark.hf_mednli,hf_mednli,benchmark,BioMedArena,general,none,UNAVAILABLE,False,"DECLARATIVE - specification only, no entrypoint",no execution backend declared (catalogue metadata only),"none possible - these are specifications for a host agent, not callables",MIT,vendor,0,,,BioMedArena/docs/benchmark_datasets.md
biomedarena.benchmark.hf_medpalm_eval_set,hf_medpalm_eval_set,benchmark,BioMedArena,general,none,UNAVAILABLE,False,"DECLARATIVE - specification only, no entrypoint",no execution backend declared (catalogue metadata only),"none possible - these are specifications for a host agent, not callables",MIT,vendor,0,,,BioMedArena/docs/benchmark_datasets.md
biomedarena.benchmark.hf_medpub_qa,hf_medpub_qa,benchmark,BioMedArena,general,none,UNAVAILABLE,False,"DECLARATIVE - specification only, no entrypoint",no execution backend declared (catalogue metadata only),"none possible - these are specifications for a host agent, not callables",MIT,vendor,0,,,BioMedArena/docs/benchmark_datasets.md
biomedarena.benchmark.hf_medqa_taiwan,hf_medqa_taiwan,benchmark,BioMedArena,general,none,UNAVAILABLE,False,"DECLARATIVE - specification only, no entrypoint",no execution backend declared (catalogue metadata only),"none possible - these are specifications for a host agent, not callables",MIT,vendor,0,,,BioMedArena/docs/benchmark_datasets.md
biomedarena.benchmark.hf_medquad,hf_medquad,benchmark,BioMedArena,general,none,UNAVAILABLE,False,"DECLARATIVE - specification only, no entrypoint",no execution backend declared (catalogue metadata only),"none possible - these are specifications for a host agent, not callables",MIT,vendor,0,,,BioMedArena/docs/benchmark_datasets.md
biomedarena.benchmark.hf_meds_bench,hf_meds_bench,benchmark,BioMedArena,general,none,UNAVAILABLE,False,"DECLARATIVE - specification only, no entrypoint",no execution backend declared (catalogue metadata only),"none possible - these are specifications for a host agent, not callables",MIT,vendor,0,,,BioMedArena/docs/benchmark_datasets.md
biomedarena.benchmark.hf_meqsum,hf_meqsum,benchmark,BioMedArena,general,none,UNAVAILABLE,False,"DECLARATIVE - specification only, no entrypoint",no execution backend declared (catalogue metadata only),"none possible - these are specifications for a host agent, not callables",MIT,vendor,0,,,BioMedArena/docs/benchmark_datasets.md
biomedarena.benchmark.hf_mol_instructions_pubchemqa,hf_mol_instructions_pubchemqa,benchmark,BioMedArena,general,none,UNAVAILABLE,False,"DECLARATIVE - specification only, no entrypoint",no execution backend declared (catalogue metadata only),"none possible - these are specifications for a host agent, not callables",MIT,vendor,0,,,BioMedArena/docs/benchmark_datasets.md
biomedarena.benchmark.hf_moleculeace,hf_moleculeace,benchmark,BioMedArena,chemistry,none,UNAVAILABLE,False,"DECLARATIVE - specification only, no entrypoint",no execution backend declared (catalogue metadata only),"none possible - these are specifications for a host agent, not callables",MIT,vendor,0,,,BioMedArena/docs/benchmark_datasets.md
biomedarena.benchmark.hf_moleculeace_chembl1871_ki,hf_moleculeace_chembl1871_ki,benchmark,BioMedArena,chemistry,none,UNAVAILABLE,False,"DECLARATIVE - specification only, no entrypoint",no execution backend declared (catalogue metadata only),"none possible - these are specifications for a host agent, not callables",MIT,vendor,0,,,BioMedArena/docs/benchmark_datasets.md
biomedarena.benchmark.hf_moleculeace_chembl204_ki,hf_moleculeace_chembl204_ki,benchmark,BioMedArena,chemistry,none,UNAVAILABLE,False,"DECLARATIVE - specification only, no entrypoint",no execution backend declared (catalogue metadata only),"none possible - these are specifications for a host agent, not callables",MIT,vendor,0,,,BioMedArena/docs/benchmark_datasets.md
biomedarena.benchmark.hf_moleculeace_chembl214_ki,hf_moleculeace_chembl214_ki,benchmark,BioMedArena,chemistry,none,UNAVAILABLE,False,"DECLARATIVE - specification only, no entrypoint",no execution backend declared (catalogue metadata only),"none possible - these are specifications for a host agent, not callables",MIT,vendor,0,,,BioMedArena/docs/benchmark_datasets.md
biomedarena.benchmark.hf_moleculeace_chembl228_ki,hf_moleculeace_chembl228_ki,benchmark,BioMedArena,chemistry,none,UNAVAILABLE,False,"DECLARATIVE - specification only, no entrypoint",no execution backend declared (catalogue metadata only),"none possible - these are specifications for a host agent, not callables",MIT,vendor,0,,,BioMedArena/docs/benchmark_datasets.md
biomedarena.benchmark.hf_moleculeace_chembl237_ec50,hf_moleculeace_chembl237_ec50,benchmark,BioMedArena,chemistry,none,UNAVAILABLE,False,"DECLARATIVE - specification only, no entrypoint",no execution backend declared (catalogue metadata only),"none possible - these are specifications for a host agent, not callables",MIT,vendor,0,,,BioMedArena/docs/benchmark_datasets.md
biomedarena.benchmark.hf_moleculenet_bace,hf_moleculenet_bace,benchmark,BioMedArena,chemistry,none,UNAVAILABLE,False,"DECLARATIVE - specification only, no entrypoint",no execution backend declared (catalogue metadata only),"none possible - these are specifications for a host agent, not callables",MIT,vendor,0,,,BioMedArena/docs/benchmark_datasets.md
biomedarena.benchmark.hf_moleculenet_bbbp,hf_moleculenet_bbbp,benchmark,BioMedArena,chemistry,none,UNAVAILABLE,False,"DECLARATIVE - specification only, no entrypoint",no execution backend declared (catalogue metadata only),"none possible - these are specifications for a host agent, not callables",MIT,vendor,0,,,BioMedArena/docs/benchmark_datasets.md
biomedarena.benchmark.hf_moleculenet_clintox,hf_moleculenet_clintox,benchmark,BioMedArena,chemistry,none,UNAVAILABLE,False,"DECLARATIVE - specification only, no entrypoint",no execution backend declared (catalogue metadata only),"none possible - these are specifications for a host agent, not callables",MIT,vendor,0,,,BioMedArena/docs/benchmark_datasets.md
biomedarena.benchmark.hf_moleculenet_esol,hf_moleculenet_esol,benchmark,BioMedArena,chemistry,none,UNAVAILABLE,False,"DECLARATIVE - specification only, no entrypoint",no execution backend declared (catalogue metadata only),"none possible - these are specifications for a host agent, not callables",MIT,vendor,0,,,BioMedArena/docs/benchmark_datasets.md
biomedarena.benchmark.hf_moleculenet_freesolv,hf_moleculenet_freesolv,benchmark,BioMedArena,chemistry,none,UNAVAILABLE,False,"DECLARATIVE - specification only, no entrypoint",no execution backend declared (catalogue metadata only),"none possible - these are specifications for a host agent, not callables",MIT,vendor,0,,,BioMedArena/docs/benchmark_datasets.md
biomedarena.benchmark.hf_moleculenet_hiv,hf_moleculenet_hiv,benchmark,BioMedArena,chemistry,none,UNAVAILABLE,False,"DECLARATIVE - specification only, no entrypoint",no execution backend declared (catalogue metadata only),"none possible - these are specifications for a host agent, not callables",MIT,vendor,0,,,BioMedArena/docs/benchmark_datasets.md
biomedarena.benchmark.hf_moleculenet_lipophilicity,hf_moleculenet_lipophilicity,benchmark,BioMedArena,chemistry,none,UNAVAILABLE,False,"DECLARATIVE - specification only, no entrypoint",no execution backend declared (catalogue metadata only),"none possible - these are specifications for a host agent, not callables",MIT,vendor,0,,,BioMedArena/docs/benchmark_datasets.md
biomedarena.benchmark.hf_moleculenet_pcba,hf_moleculenet_pcba,benchmark,BioMedArena,chemistry,none,UNAVAILABLE,False,"DECLARATIVE - specification only, no entrypoint",no execution backend declared (catalogue metadata only),"none possible - these are specifications for a host agent, not callables",MIT,vendor,0,,,BioMedArena/docs/benchmark_datasets.md
biomedarena.benchmark.hf_moleculenet_sider,hf_moleculenet_sider,benchmark,BioMedArena,chemistry,none,UNAVAILABLE,False,"DECLARATIVE - specification only, no entrypoint",no execution backend declared (catalogue metadata only),"none possible - these are specifications for a host agent, not callables",MIT,vendor,0,,,BioMedArena/docs/benchmark_datasets.md
biomedarena.benchmark.hf_moleculenet_toxcast,hf_moleculenet_toxcast,benchmark,BioMedArena,chemistry,none,UNAVAILABLE,False,"DECLARATIVE - specification only, no entrypoint",no execution backend declared (catalogue metadata only),"none possible - these are specifications for a host agent, not callables",MIT,vendor,0,,,BioMedArena/docs/benchmark_datasets.md
biomedarena.benchmark.hf_mollangbench,hf_mollangbench,benchmark,BioMedArena,general,none,UNAVAILABLE,False,"DECLARATIVE - specification only, no entrypoint",no execution backend declared (catalogue metadata only),"none possible - these are specifications for a host agent, not callables",MIT,vendor,0,,,BioMedArena/docs/benchmark_datasets.md
biomedarena.benchmark.hf_ms2,hf_ms2,benchmark,BioMedArena,general,none,UNAVAILABLE,False,"DECLARATIVE - specification only, no entrypoint",no execution backend declared (catalogue metadata only),"none possible - these are specifications for a host agent, not callables",MIT,vendor,0,,,BioMedArena/docs/benchmark_datasets.md
biomedarena.benchmark.hf_mteb_medical_qa,hf_mteb_medical_qa,benchmark,BioMedArena,general,none,UNAVAILABLE,False,"DECLARATIVE - specification only, no entrypoint",no execution backend declared (catalogue metadata only),"none possible - these are specifications for a host agent, not callables",MIT,vendor,0,,,BioMedArena/docs/benchmark_datasets.md
biomedarena.benchmark.hf_mteb_medical_retrieval,hf_mteb_medical_retrieval,benchmark,BioMedArena,general,none,UNAVAILABLE,False,"DECLARATIVE - specification only, no entrypoint",no execution backend declared (catalogue metadata only),"none possible - these are specifications for a host agent, not callables",MIT,vendor,0,,,BioMedArena/docs/benchmark_datasets.md
biomedarena.benchmark.hf_mts_dialogue_clinical_note,hf_mts_dialogue_clinical_note,benchmark,BioMedArena,general,none,UNAVAILABLE,False,"DECLARATIVE - specification only, no entrypoint",no execution backend declared (catalogue metadata only),"none possible - these are specifications for a host agent, not callables",MIT,vendor,0,,,BioMedArena/docs/benchmark_datasets.md
biomedarena.benchmark.hf_ncbi_disease,hf_ncbi_disease,benchmark,BioMedArena,general,none,UNAVAILABLE,False,"DECLARATIVE - specification only, no entrypoint",no execution backend declared (catalogue metadata only),"none possible - these are specifications for a host agent, not callables",MIT,vendor,0,,,BioMedArena/docs/benchmark_datasets.md
biomedarena.benchmark.hf_nlmchem,hf_nlmchem,benchmark,BioMedArena,general,none,UNAVAILABLE,False,"DECLARATIVE - specification only, no entrypoint",no execution backend declared (catalogue metadata only),"none possible - these are specifications for a host agent, not callables",MIT,vendor,0,,,BioMedArena/docs/benchmark_datasets.md
biomedarena.benchmark.hf_pgr,hf_pgr,benchmark,BioMedArena,general,none,UNAVAILABLE,False,"DECLARATIVE - specification only, no entrypoint",no execution backend declared (catalogue metadata only),"none possible - these are specifications for a host agent, not callables",MIT,vendor,0,,,BioMedArena/docs/benchmark_datasets.md
biomedarena.benchmark.hf_ppi_benchmark,hf_ppi_benchmark,benchmark,BioMedArena,general,none,UNAVAILABLE,False,"DECLARATIVE - specification only, no entrypoint",no execution backend declared (catalogue metadata only),"none possible - these are specifications for a host agent, not callables",MIT,vendor,0,,,BioMedArena/docs/benchmark_datasets.md
biomedarena.benchmark.hf_protein_binding_sequences,hf_protein_binding_sequences,benchmark,BioMedArena,general,none,UNAVAILABLE,False,"DECLARATIVE - specification only, no entrypoint",no execution backend declared (catalogue metadata only),"none possible - these are specifications for a host agent, not callables",MIT,vendor,0,,,BioMedArena/docs/benchmark_datasets.md
biomedarena.benchmark.hf_protein_deeploc,hf_protein_deeploc,benchmark,BioMedArena,general,none,UNAVAILABLE,False,"DECLARATIVE - specification only, no entrypoint",no execution backend declared (catalogue metadata only),"none possible - these are specifications for a host agent, not callables",MIT,vendor,0,,,BioMedArena/docs/benchmark_datasets.md
biomedarena.benchmark.hf_protein_fluorescence,hf_protein_fluorescence,benchmark,BioMedArena,general,none,UNAVAILABLE,False,"DECLARATIVE - specification only, no entrypoint",no execution backend declared (catalogue metadata only),"none possible - these are specifications for a host agent, not callables",MIT,vendor,0,,,BioMedArena/docs/benchmark_datasets.md
biomedarena.benchmark.hf_protein_secondary_structure,hf_protein_secondary_structure,benchmark,BioMedArena,general,none,UNAVAILABLE,False,"DECLARATIVE - specification only, no entrypoint",no execution backend declared (catalogue metadata only),"none possible - these are specifications for a host agent, not callables",MIT,vendor,0,,,BioMedArena/docs/benchmark_datasets.md
biomedarena.benchmark.hf_protein_solubility,hf_protein_solubility,benchmark,BioMedArena,general,none,UNAVAILABLE,False,"DECLARATIVE - specification only, no entrypoint",no execution backend declared (catalogue metadata only),"none possible - these are specifications for a host agent, not callables",MIT,vendor,0,,,BioMedArena/docs/benchmark_datasets.md
biomedarena.benchmark.hf_protein_stability,hf_protein_stability,benchmark,BioMedArena,general,none,UNAVAILABLE,False,"DECLARATIVE - specification only, no entrypoint",no execution backend declared (catalogue metadata only),"none possible - these are specifications for a host agent, not callables",MIT,vendor,0,,,BioMedArena/docs/benchmark_datasets.md
biomedarena.benchmark.hf_proteingym_v01,hf_proteingym_v01,benchmark,BioMedArena,general,none,UNAVAILABLE,False,"DECLARATIVE - specification only, no entrypoint",no execution backend declared (catalogue metadata only),"none possible - these are specifications for a host agent, not callables",MIT,vendor,0,,,BioMedArena/docs/benchmark_datasets.md
biomedarena.benchmark.hf_proteingym_v1,hf_proteingym_v1,benchmark,BioMedArena,general,none,UNAVAILABLE,False,"DECLARATIVE - specification only, no entrypoint",no execution backend declared (catalogue metadata only),"none possible - these are specifications for a host agent, not callables",MIT,vendor,0,,,BioMedArena/docs/benchmark_datasets.md
biomedarena.benchmark.hf_proteinlmbench,hf_proteinlmbench,benchmark,BioMedArena,general,none,UNAVAILABLE,False,"DECLARATIVE - specification only, no entrypoint",no execution backend declared (catalogue metadata only),"none possible - these are specifications for a host agent, not callables",MIT,vendor,0,,,BioMedArena/docs/benchmark_datasets.md
biomedarena.benchmark.hf_proteinlmbench_enzyme_cot,hf_proteinlmbench_enzyme_cot,benchmark,BioMedArena,general,none,UNAVAILABLE,False,"DECLARATIVE - specification only, no entrypoint",no execution backend declared (catalogue metadata only),"none possible - these are specifications for a host agent, not callables",MIT,vendor,0,,,BioMedArena/docs/benchmark_datasets.md
biomedarena.benchmark.hf_proteinlmbench_uniprot_disease,hf_proteinlmbench_uniprot_disease,benchmark,BioMedArena,general,none,UNAVAILABLE,False,"DECLARATIVE - specification only, no entrypoint",no execution backend declared (catalogue metadata only),"none possible - these are specifications for a host agent, not callables",MIT,vendor,0,,,BioMedArena/docs/benchmark_datasets.md
biomedarena.benchmark.hf_proteinlmbench_uniprot_function,hf_proteinlmbench_uniprot_function,benchmark,BioMedArena,general,none,UNAVAILABLE,False,"DECLARATIVE - specification only, no entrypoint",no execution backend declared (catalogue metadata only),"none possible - these are specifications for a host agent, not callables",MIT,vendor,0,,,BioMedArena/docs/benchmark_datasets.md
biomedarena.benchmark.hf_proteinlmbench_uniprot_induction,hf_proteinlmbench_uniprot_induction,benchmark,BioMedArena,general,none,UNAVAILABLE,False,"DECLARATIVE - specification only, no entrypoint",no execution backend declared (catalogue metadata only),"none possible - these are specifications for a host agent, not callables",MIT,vendor,0,,,BioMedArena/docs/benchmark_datasets.md
biomedarena.benchmark.hf_proteinlmbench_uniprot_ptm,hf_proteinlmbench_uniprot_ptm,benchmark,BioMedArena,general,none,UNAVAILABLE,False,"DECLARATIVE - specification only, no entrypoint",no execution backend declared (catalogue metadata only),"none possible - these are specifications for a host agent, not callables",MIT,vendor,0,,,BioMedArena/docs/benchmark_datasets.md
biomedarena.benchmark.hf_proteinlmbench_uniprot_subunit,hf_proteinlmbench_uniprot_subunit,benchmark,BioMedArena,general,none,UNAVAILABLE,False,"DECLARATIVE - specification only, no entrypoint",no execution backend declared (catalogue metadata only),"none possible - these are specifications for a host agent, not callables",MIT,vendor,0,,,BioMedArena/docs/benchmark_datasets.md
biomedarena.benchmark.hf_proteinlmbench_uniprot_tissue,hf_proteinlmbench_uniprot_tissue,benchmark,BioMedArena,general,none,UNAVAILABLE,False,"DECLARATIVE - specification only, no entrypoint",no execution backend declared (catalogue metadata only),"none possible - these are specifications for a host agent, not callables",MIT,vendor,0,,,BioMedArena/docs/benchmark_datasets.md
biomedarena.benchmark.hf_pubmed_200k_rct,hf_pubmed_200k_rct,benchmark,BioMedArena,literature,none,UNAVAILABLE,False,"DECLARATIVE - specification only, no entrypoint",no execution backend declared (catalogue metadata only),"none possible - these are specifications for a host agent, not callables",MIT,vendor,0,,,BioMedArena/docs/benchmark_datasets.md
biomedarena.benchmark.hf_pubmed_abstract_classification,hf_pubmed_abstract_classification,benchmark,BioMedArena,literature,none,UNAVAILABLE,False,"DECLARATIVE - specification only, no entrypoint",no execution backend declared (catalogue metadata only),"none possible - these are specifications for a host agent, not callables",MIT,vendor,0,,,BioMedArena/docs/benchmark_datasets.md
biomedarena.benchmark.hf_raredis,hf_raredis,benchmark,BioMedArena,general,none,UNAVAILABLE,False,"DECLARATIVE - specification only, no entrypoint",no execution backend declared (catalogue metadata only),"none possible - these are specifications for a host agent, not callables",MIT,vendor,0,,,BioMedArena/docs/benchmark_datasets.md
biomedarena.benchmark.hf_rna_downstream_tasks,hf_rna_downstream_tasks,benchmark,BioMedArena,general,none,UNAVAILABLE,False,"DECLARATIVE - specification only, no entrypoint",no execution backend declared (catalogue metadata only),"none possible - these are specifications for a host agent, not callables",MIT,vendor,0,,,BioMedArena/docs/benchmark_datasets.md
biomedarena.benchmark.hf_rna_expression_hek,hf_rna_expression_hek,benchmark,BioMedArena,general,none,UNAVAILABLE,False,"DECLARATIVE - specification only, no entrypoint",no execution backend declared (catalogue metadata only),"none possible - these are specifications for a host agent, not callables",MIT,vendor,0,,,BioMedArena/docs/benchmark_datasets.md
biomedarena.benchmark.hf_rna_expression_muscle,hf_rna_expression_muscle,benchmark,BioMedArena,general,none,UNAVAILABLE,False,"DECLARATIVE - specification only, no entrypoint",no execution backend declared (catalogue metadata only),"none possible - these are specifications for a host agent, not callables",MIT,vendor,0,,,BioMedArena/docs/benchmark_datasets.md
biomedarena.benchmark.hf_rna_expression_pc3,hf_rna_expression_pc3,benchmark,BioMedArena,general,none,UNAVAILABLE,False,"DECLARATIVE - specification only, no entrypoint",no execution backend declared (catalogue metadata only),"none possible - these are specifications for a host agent, not callables",MIT,vendor,0,,,BioMedArena/docs/benchmark_datasets.md
biomedarena.benchmark.hf_rna_mean_ribosome_load,hf_rna_mean_ribosome_load,benchmark,BioMedArena,general,none,UNAVAILABLE,False,"DECLARATIVE - specification only, no entrypoint",no execution backend declared (catalogue metadata only),"none possible - these are specifications for a host agent, not callables",MIT,vendor,0,,,BioMedArena/docs/benchmark_datasets.md
biomedarena.benchmark.hf_rna_modification_site,hf_rna_modification_site,benchmark,BioMedArena,general,none,UNAVAILABLE,False,"DECLARATIVE - specification only, no entrypoint",no execution backend declared (catalogue metadata only),"none possible - these are specifications for a host agent, not callables",MIT,vendor,0,,,BioMedArena/docs/benchmark_datasets.md
biomedarena.benchmark.hf_rna_ncrna_family_bnoise0,hf_rna_ncrna_family_bnoise0,benchmark,BioMedArena,general,none,UNAVAILABLE,False,"DECLARATIVE - specification only, no entrypoint",no execution backend declared (catalogue metadata only),"none possible - these are specifications for a host agent, not callables",MIT,vendor,0,,,BioMedArena/docs/benchmark_datasets.md
biomedarena.benchmark.hf_rna_splice_site_acceptor,hf_rna_splice_site_acceptor,benchmark,BioMedArena,general,none,UNAVAILABLE,False,"DECLARATIVE - specification only, no entrypoint",no execution backend declared (catalogue metadata only),"none possible - these are specifications for a host agent, not callables",MIT,vendor,0,,,BioMedArena/docs/benchmark_datasets.md
biomedarena.benchmark.hf_rna_splice_site_donor,hf_rna_splice_site_donor,benchmark,BioMedArena,general,none,UNAVAILABLE,False,"DECLARATIVE - specification only, no entrypoint",no execution backend declared (catalogue metadata only),"none possible - these are specifications for a host agent, not callables",MIT,vendor,0,,,BioMedArena/docs/benchmark_datasets.md
biomedarena.benchmark.hf_smiles_caption_mol2text,hf_smiles_caption_mol2text,benchmark,BioMedArena,chemistry,none,UNAVAILABLE,False,"DECLARATIVE - specification only, no entrypoint",no execution backend declared (catalogue metadata only),"none possible - these are specifications for a host agent, not callables",MIT,vendor,0,,,BioMedArena/docs/benchmark_datasets.md
biomedarena.benchmark.hf_traitgym_mendelian_dna,hf_traitgym_mendelian_dna,benchmark,BioMedArena,general,none,UNAVAILABLE,False,"DECLARATIVE - specification only, no entrypoint",no execution backend declared (catalogue metadata only),"none possible - these are specifications for a host agent, not callables",MIT,vendor,0,,,BioMedArena/docs/benchmark_datasets.md
biomedarena.benchmark.hf_uspto_reaction_prediction,hf_uspto_reaction_prediction,benchmark,BioMedArena,general,none,UNAVAILABLE,False,"DECLARATIVE - specification only, no entrypoint",no execution backend declared (catalogue metadata only),"none possible - these are specifications for a host agent, not callables",MIT,vendor,0,,,BioMedArena/docs/benchmark_datasets.md
biomedarena.benchmark.hle_gold,hle_gold,benchmark,BioMedArena,general,none,UNAVAILABLE,False,"DECLARATIVE - specification only, no entrypoint",no execution backend declared (catalogue metadata only),"none possible - these are specifications for a host agent, not callables",MIT,vendor,0,,,BioMedArena/docs/benchmark_datasets.md
biomedarena.benchmark.labbench,labbench,benchmark,BioMedArena,general,none,UNAVAILABLE,False,"DECLARATIVE - specification only, no entrypoint",no execution backend declared (catalogue metadata only),"none possible - these are specifications for a host agent, not callables",MIT,vendor,0,,,BioMedArena/docs/benchmark_datasets.md
biomedarena.benchmark.labbench2,labbench2,benchmark,BioMedArena,general,none,UNAVAILABLE,False,"DECLARATIVE - specification only, no entrypoint",no execution backend declared (catalogue metadata only),"none possible - these are specifications for a host agent, not callables",MIT,vendor,0,,,BioMedArena/docs/benchmark_datasets.md
biomedarena.benchmark.medagentbench,medagentbench,benchmark,BioMedArena,general,none,UNAVAILABLE,False,"DECLARATIVE - specification only, no entrypoint",no execution backend declared (catalogue metadata only),"none possible - these are specifications for a host agent, not callables",MIT,vendor,0,,,BioMedArena/docs/benchmark_datasets.md
biomedarena.benchmark.medcalc,medcalc,benchmark,BioMedArena,general,none,UNAVAILABLE,False,"DECLARATIVE - specification only, no entrypoint",no execution backend declared (catalogue metadata only),"none possible - these are specifications for a host agent, not callables",MIT,vendor,0,,,BioMedArena/docs/benchmark_datasets.md
biomedarena.benchmark.medhelm,medhelm,benchmark,BioMedArena,general,none,UNAVAILABLE,False,"DECLARATIVE - specification only, no entrypoint",no execution backend declared (catalogue metadata only),"none possible - these are specifications for a host agent, not callables",MIT,vendor,0,,,BioMedArena/docs/benchmark_datasets.md
biomedarena.benchmark.medmcqa,medmcqa,benchmark,BioMedArena,general,none,UNAVAILABLE,False,"DECLARATIVE - specification only, no entrypoint",no execution backend declared (catalogue metadata only),"none possible - these are specifications for a host agent, not callables",MIT,vendor,0,,,BioMedArena/docs/benchmark_datasets.md
biomedarena.benchmark.medqa,medqa,benchmark,BioMedArena,general,none,UNAVAILABLE,False,"DECLARATIVE - specification only, no entrypoint",no execution backend declared (catalogue metadata only),"none possible - these are specifications for a host agent, not callables",MIT,vendor,0,,,BioMedArena/docs/benchmark_datasets.md
biomedarena.benchmark.medxpertqa,medxpertqa,benchmark,BioMedArena,general,none,UNAVAILABLE,False,"DECLARATIVE - specification only, no entrypoint",no execution backend declared (catalogue metadata only),"none possible - these are specifications for a host agent, not callables",MIT,vendor,0,,,BioMedArena/docs/benchmark_datasets.md
biomedarena.benchmark.medxpertqa_mm,medxpertqa_mm,benchmark,BioMedArena,general,none,UNAVAILABLE,False,"DECLARATIVE - specification only, no entrypoint",no execution backend declared (catalogue metadata only),"none possible - these are specifications for a host agent, not callables",MIT,vendor,0,,,BioMedArena/docs/benchmark_datasets.md
biomedarena.benchmark.mmlu,mmlu,benchmark,BioMedArena,general,none,UNAVAILABLE,False,"DECLARATIVE - specification only, no entrypoint",no execution backend declared (catalogue metadata only),"none possible - these are specifications for a host agent, not callables",MIT,vendor,0,,,BioMedArena/docs/benchmark_datasets.md
biomedarena.benchmark.pathvqa,pathvqa,benchmark,BioMedArena,general,none,UNAVAILABLE,False,"DECLARATIVE - specification only, no entrypoint",no execution backend declared (catalogue metadata only),"none possible - these are specifications for a host agent, not callables",MIT,vendor,0,,,BioMedArena/docs/benchmark_datasets.md
biomedarena.benchmark.pubmedqa,pubmedqa,benchmark,BioMedArena,literature,none,UNAVAILABLE,False,"DECLARATIVE - specification only, no entrypoint",no execution backend declared (catalogue metadata only),"none possible - these are specifications for a host agent, not callables",MIT,vendor,0,,,BioMedArena/docs/benchmark_datasets.md
biomedarena.benchmark.quick_suite,quick_suite,benchmark,BioMedArena,general,none,UNAVAILABLE,False,"DECLARATIVE - specification only, no entrypoint",no execution backend declared (catalogue metadata only),"none possible - these are specifications for a host agent, not callables",MIT,vendor,0,,,BioMedArena/docs/benchmark_datasets.md
biomedarena.benchmark.rag_essential,rag_essential,benchmark,BioMedArena,general,none,UNAVAILABLE,False,"DECLARATIVE - specification only, no entrypoint",no execution backend declared (catalogue metadata only),"none possible - these are specifications for a host agent, not callables",MIT,vendor,0,,,BioMedArena/docs/benchmark_datasets.md
biomedarena.benchmark.super_chemistry,super_chemistry,benchmark,BioMedArena,general,none,UNAVAILABLE,False,"DECLARATIVE - specification only, no entrypoint",no execution backend declared (catalogue metadata only),"none possible - these are specifications for a host agent, not callables",MIT,vendor,0,,,BioMedArena/docs/benchmark_datasets.md
biomedarena.benchmark.superchem,superchem,benchmark,BioMedArena,general,none,UNAVAILABLE,False,"DECLARATIVE - specification only, no entrypoint",no execution backend declared (catalogue metadata only),"none possible - these are specifications for a host agent, not callables",MIT,vendor,0,,,BioMedArena/docs/benchmark_datasets.md
biomedarena.benchmark.supergpqa,supergpqa,benchmark,BioMedArena,general,none,UNAVAILABLE,False,"DECLARATIVE - specification only, no entrypoint",no execution backend declared (catalogue metadata only),"none possible - these are specifications for a host agent, not callables",MIT,vendor,0,,,BioMedArena/docs/benchmark_datasets.md
biomni.software.adfr,ADFR,software,Biomni,general,none,UNAVAILABLE,False,"DECLARATIVE - specification only, no entrypoint",no execution backend declared (catalogue metadata only),"none possible - these are specifications for a host agent, not callables",Apache-2.0,vendor,0,,,Biomni/biomni/env_desc.py
biomni.software.anndata,anndata,software,Biomni,scrnaseq,none,UNAVAILABLE,False,"DECLARATIVE - specification only, no entrypoint",no execution backend declared (catalogue metadata only),"none possible - these are specifications for a host agent, not callables",Apache-2.0,vendor,0,,,Biomni/biomni/env_desc.py
biomni.software.arboreto,arboreto,software,Biomni,scrnaseq,none,UNAVAILABLE,False,"DECLARATIVE - specification only, no entrypoint",no execution backend declared (catalogue metadata only),"none possible - these are specifications for a host agent, not callables",Apache-2.0,vendor,0,,,Biomni/biomni/env_desc.py
biomni.software.arxiv,arxiv,software,Biomni,general,none,UNAVAILABLE,False,"DECLARATIVE - specification only, no entrypoint",no execution backend declared (catalogue metadata only),"none possible - these are specifications for a host agent, not callables",Apache-2.0,vendor,0,,,Biomni/biomni/env_desc.py
biomni.software.autosite,autosite,software,Biomni,general,none,UNAVAILABLE,False,"DECLARATIVE - specification only, no entrypoint",no execution backend declared (catalogue metadata only),"none possible - these are specifications for a host agent, not callables",Apache-2.0,vendor,0,,,Biomni/biomni/env_desc.py
biomni.software.bedtools,bedtools,software,Biomni,general,none,UNAVAILABLE,False,"DECLARATIVE - specification only, no entrypoint",no execution backend declared (catalogue metadata only),"none possible - these are specifications for a host agent, not callables",Apache-2.0,vendor,0,,,Biomni/biomni/env_desc.py
biomni.software.biom-format,biom-format,software,Biomni,general,none,UNAVAILABLE,False,"DECLARATIVE - specification only, no entrypoint",no execution backend declared (catalogue metadata only),"none possible - these are specifications for a host agent, not callables",Apache-2.0,vendor,0,,,Biomni/biomni/env_desc.py
biomni.software.biopandas,biopandas,software,Biomni,general,none,UNAVAILABLE,False,"DECLARATIVE - specification only, no entrypoint",no execution backend declared (catalogue metadata only),"none possible - these are specifications for a host agent, not callables",Apache-2.0,vendor,0,,,Biomni/biomni/env_desc.py
biomni.software.biopython,biopython,software,Biomni,general,none,UNAVAILABLE,False,"DECLARATIVE - specification only, no entrypoint",no execution backend declared (catalogue metadata only),"none possible - these are specifications for a host agent, not callables",Apache-2.0,vendor,0,,,Biomni/biomni/env_desc.py
biomni.software.biotite,biotite,software,Biomni,general,none,UNAVAILABLE,False,"DECLARATIVE - specification only, no entrypoint",no execution backend declared (catalogue metadata only),"none possible - these are specifications for a host agent, not callables",Apache-2.0,vendor,0,,,Biomni/biomni/env_desc.py
biomni.software.bowtie2,bowtie2,software,Biomni,general,none,UNAVAILABLE,False,"DECLARATIVE - specification only, no entrypoint",no execution backend declared (catalogue metadata only),"none possible - these are specifications for a host agent, not callables",Apache-2.0,vendor,0,,,Biomni/biomni/env_desc.py
biomni.software.bwa,bwa,software,Biomni,general,none,UNAVAILABLE,False,"DECLARATIVE - specification only, no entrypoint",no execution backend declared (catalogue metadata only),"none possible - these are specifications for a host agent, not callables",Apache-2.0,vendor,0,,,Biomni/biomni/env_desc.py
biomni.software.cellpose,cellpose,software,Biomni,general,none,UNAVAILABLE,False,"DECLARATIVE - specification only, no entrypoint",no execution backend declared (catalogue metadata only),"none possible - these are specifications for a host agent, not callables",Apache-2.0,vendor,0,,,Biomni/biomni/env_desc.py
biomni.software.cellxgene-census,cellxgene-census,software,Biomni,scrnaseq,none,UNAVAILABLE,False,"DECLARATIVE - specification only, no entrypoint",no execution backend declared (catalogue metadata only),"none possible - these are specifications for a host agent, not callables",Apache-2.0,vendor,0,,,Biomni/biomni/env_desc.py
biomni.software.clusterprofiler,clusterProfiler,software,Biomni,general,none,UNAVAILABLE,False,"DECLARATIVE - specification only, no entrypoint",no execution backend declared (catalogue metadata only),"none possible - these are specifications for a host agent, not callables",Apache-2.0,vendor,0,,,Biomni/biomni/env_desc.py
biomni.software.cobra,cobra,software,Biomni,general,none,UNAVAILABLE,False,"DECLARATIVE - specification only, no entrypoint",no execution backend declared (catalogue metadata only),"none possible - these are specifications for a host agent, not callables",Apache-2.0,vendor,0,,,Biomni/biomni/env_desc.py
biomni.software.cooler,cooler,software,Biomni,general,none,UNAVAILABLE,False,"DECLARATIVE - specification only, no entrypoint",no execution backend declared (catalogue metadata only),"none possible - these are specifications for a host agent, not callables",Apache-2.0,vendor,0,,,Biomni/biomni/env_desc.py
biomni.software.cryosparc-tools,cryosparc-tools,software,Biomni,general,none,UNAVAILABLE,False,"DECLARATIVE - specification only, no entrypoint",no execution backend declared (catalogue metadata only),"none possible - these are specifications for a host agent, not callables",Apache-2.0,vendor,0,,,Biomni/biomni/env_desc.py
biomni.software.cyvcf2,cyvcf2,software,Biomni,wgs,none,UNAVAILABLE,False,"DECLARATIVE - specification only, no entrypoint",no execution backend declared (catalogue metadata only),"none possible - these are specifications for a host agent, not callables",Apache-2.0,vendor,0,,,Biomni/biomni/env_desc.py
biomni.software.deeppurpose,deeppurpose,software,Biomni,chemistry,none,UNAVAILABLE,False,"DECLARATIVE - specification only, no entrypoint",no execution backend declared (catalogue metadata only),"none possible - these are specifications for a host agent, not callables",Apache-2.0,vendor,0,,,Biomni/biomni/env_desc.py
biomni.software.descriptastorus,descriptastorus,software,Biomni,chemistry,none,UNAVAILABLE,False,"DECLARATIVE - specification only, no entrypoint",no execution backend declared (catalogue metadata only),"none possible - these are specifications for a host agent, not callables",Apache-2.0,vendor,0,,,Biomni/biomni/env_desc.py
biomni.software.deseq2,DESeq2,software,Biomni,bulk_rnaseq,none,UNAVAILABLE,False,"DECLARATIVE - specification only, no entrypoint",no execution backend declared (catalogue metadata only),"none possible - these are specifications for a host agent, not callables",Apache-2.0,vendor,0,,,Biomni/biomni/env_desc.py
biomni.software.diamond,diamond,software,Biomni,general,none,UNAVAILABLE,False,"DECLARATIVE - specification only, no entrypoint",no execution backend declared (catalogue metadata only),"none possible - these are specifications for a host agent, not callables",Apache-2.0,vendor,0,,,Biomni/biomni/env_desc.py
biomni.software.dplyr,dplyr,software,Biomni,general,none,UNAVAILABLE,False,"DECLARATIVE - specification only, no entrypoint",no execution backend declared (catalogue metadata only),"none possible - these are specifications for a host agent, not callables",Apache-2.0,vendor,0,,,Biomni/biomni/env_desc.py
biomni.software.edger,edgeR,software,Biomni,bulk_rnaseq,none,UNAVAILABLE,False,"DECLARATIVE - specification only, no entrypoint",no execution backend declared (catalogue metadata only),"none possible - these are specifications for a host agent, not callables",Apache-2.0,vendor,0,,,Biomni/biomni/env_desc.py
biomni.software.faiss-cpu,faiss-cpu,software,Biomni,general,none,UNAVAILABLE,False,"DECLARATIVE - specification only, no entrypoint",no execution backend declared (catalogue metadata only),"none possible - these are specifications for a host agent, not callables",Apache-2.0,vendor,0,,,Biomni/biomni/env_desc.py
biomni.software.fanc,fanc,software,Biomni,general,none,UNAVAILABLE,False,"DECLARATIVE - specification only, no entrypoint",no execution backend declared (catalogue metadata only),"none possible - these are specifications for a host agent, not callables",Apache-2.0,vendor,0,,,Biomni/biomni/env_desc.py
biomni.software.fastqc,fastqc,software,Biomni,general,none,UNAVAILABLE,False,"DECLARATIVE - specification only, no entrypoint",no execution backend declared (catalogue metadata only),"none possible - these are specifications for a host agent, not callables",Apache-2.0,vendor,0,,,Biomni/biomni/env_desc.py
biomni.software.fasttree,FastTree,software,Biomni,general,none,UNAVAILABLE,False,"DECLARATIVE - specification only, no entrypoint",no execution backend declared (catalogue metadata only),"none possible - these are specifications for a host agent, not callables",Apache-2.0,vendor,0,,,Biomni/biomni/env_desc.py
biomni.software.fcsparser,fcsparser,software,Biomni,general,none,UNAVAILABLE,False,"DECLARATIVE - specification only, no entrypoint",no execution backend declared (catalogue metadata only),"none possible - these are specifications for a host agent, not callables",Apache-2.0,vendor,0,,,Biomni/biomni/env_desc.py
biomni.software.flowio,FlowIO,software,Biomni,general,none,UNAVAILABLE,False,"DECLARATIVE - specification only, no entrypoint",no execution backend declared (catalogue metadata only),"none possible - these are specifications for a host agent, not callables",Apache-2.0,vendor,0,,,Biomni/biomni/env_desc.py
biomni.software.flowkit,flowkit,software,Biomni,general,none,UNAVAILABLE,False,"DECLARATIVE - specification only, no entrypoint",no execution backend declared (catalogue metadata only),"none possible - these are specifications for a host agent, not callables",Apache-2.0,vendor,0,,,Biomni/biomni/env_desc.py
biomni.software.flowutils,FlowUtils,software,Biomni,general,none,UNAVAILABLE,False,"DECLARATIVE - specification only, no entrypoint",no execution backend declared (catalogue metadata only),"none possible - these are specifications for a host agent, not callables",Apache-2.0,vendor,0,,,Biomni/biomni/env_desc.py
biomni.software.gcta64,gcta64,software,Biomni,general,none,UNAVAILABLE,False,"DECLARATIVE - specification only, no entrypoint",no execution backend declared (catalogue metadata only),"none possible - these are specifications for a host agent, not callables",Apache-2.0,vendor,0,,,Biomni/biomni/env_desc.py
biomni.software.gget,gget,software,Biomni,general,none,UNAVAILABLE,False,"DECLARATIVE - specification only, no entrypoint",no execution backend declared (catalogue metadata only),"none possible - these are specifications for a host agent, not callables",Apache-2.0,vendor,0,,,Biomni/biomni/env_desc.py
biomni.software.ggplot2,ggplot2,software,Biomni,general,none,UNAVAILABLE,False,"DECLARATIVE - specification only, no entrypoint",no execution backend declared (catalogue metadata only),"none possible - these are specifications for a host agent, not callables",Apache-2.0,vendor,0,,,Biomni/biomni/env_desc.py
biomni.software.googlesearch-python,googlesearch-python,software,Biomni,general,none,UNAVAILABLE,False,"DECLARATIVE - specification only, no entrypoint",no execution backend declared (catalogue metadata only),"none possible - these are specifications for a host agent, not callables",Apache-2.0,vendor,0,,,Biomni/biomni/env_desc.py
biomni.software.gseapy,gseapy,software,Biomni,general,none,UNAVAILABLE,False,"DECLARATIVE - specification only, no entrypoint",no execution backend declared (catalogue metadata only),"none possible - these are specifications for a host agent, not callables",Apache-2.0,vendor,0,,,Biomni/biomni/env_desc.py
biomni.software.h5py,h5py,software,Biomni,general,none,UNAVAILABLE,False,"DECLARATIVE - specification only, no entrypoint",no execution backend declared (catalogue metadata only),"none possible - these are specifications for a host agent, not callables",Apache-2.0,vendor,0,,,Biomni/biomni/env_desc.py
biomni.software.harmony,harmony,software,Biomni,scrnaseq,none,UNAVAILABLE,False,"DECLARATIVE - specification only, no entrypoint",no execution backend declared (catalogue metadata only),"none possible - these are specifications for a host agent, not callables",Apache-2.0,vendor,0,,,Biomni/biomni/env_desc.py
biomni.software.harmony-pytorch,harmony-pytorch,software,Biomni,scrnaseq,none,UNAVAILABLE,False,"DECLARATIVE - specification only, no entrypoint",no execution backend declared (catalogue metadata only),"none possible - these are specifications for a host agent, not callables",Apache-2.0,vendor,0,,,Biomni/biomni/env_desc.py
biomni.software.hmmlearn,hmmlearn,software,Biomni,general,none,UNAVAILABLE,False,"DECLARATIVE - specification only, no entrypoint",no execution backend declared (catalogue metadata only),"none possible - these are specifications for a host agent, not callables",Apache-2.0,vendor,0,,,Biomni/biomni/env_desc.py
biomni.software.homer,Homer,software,Biomni,general,none,UNAVAILABLE,False,"DECLARATIVE - specification only, no entrypoint",no execution backend declared (catalogue metadata only),"none possible - these are specifications for a host agent, not callables",Apache-2.0,vendor,0,,,Biomni/biomni/env_desc.py
biomni.software.hyperopt,hyperopt,software,Biomni,general,none,UNAVAILABLE,False,"DECLARATIVE - specification only, no entrypoint",no execution backend declared (catalogue metadata only),"none possible - these are specifications for a host agent, not callables",Apache-2.0,vendor,0,,,Biomni/biomni/env_desc.py
biomni.software.igraph,igraph,software,Biomni,general,none,UNAVAILABLE,False,"DECLARATIVE - specification only, no entrypoint",no execution backend declared (catalogue metadata only),"none possible - these are specifications for a host agent, not callables",Apache-2.0,vendor,0,,,Biomni/biomni/env_desc.py
biomni.software.iqtree2,iqtree2,software,Biomni,general,none,UNAVAILABLE,False,"DECLARATIVE - specification only, no entrypoint",no execution backend declared (catalogue metadata only),"none possible - these are specifications for a host agent, not callables",Apache-2.0,vendor,0,,,Biomni/biomni/env_desc.py
biomni.software.joblib,joblib,software,Biomni,general,none,UNAVAILABLE,False,"DECLARATIVE - specification only, no entrypoint",no execution backend declared (catalogue metadata only),"none possible - these are specifications for a host agent, not callables",Apache-2.0,vendor,0,,,Biomni/biomni/env_desc.py
biomni.software.lazyslide,lazyslide,software,Biomni,general,none,UNAVAILABLE,False,"DECLARATIVE - specification only, no entrypoint",no execution backend declared (catalogue metadata only),"none possible - these are specifications for a host agent, not callables",Apache-2.0,vendor,0,,,Biomni/biomni/env_desc.py
biomni.software.lifelines,lifelines,software,Biomni,general,none,UNAVAILABLE,False,"DECLARATIVE - specification only, no entrypoint",no execution backend declared (catalogue metadata only),"none possible - these are specifications for a host agent, not callables",Apache-2.0,vendor,0,,,Biomni/biomni/env_desc.py
biomni.software.limma,limma,software,Biomni,general,none,UNAVAILABLE,False,"DECLARATIVE - specification only, no entrypoint",no execution backend declared (catalogue metadata only),"none possible - these are specifications for a host agent, not callables",Apache-2.0,vendor,0,,,Biomni/biomni/env_desc.py
biomni.software.loompy,loompy,software,Biomni,general,none,UNAVAILABLE,False,"DECLARATIVE - specification only, no entrypoint",no execution backend declared (catalogue metadata only),"none possible - these are specifications for a host agent, not callables",Apache-2.0,vendor,0,,,Biomni/biomni/env_desc.py
biomni.software.macs2,macs2,software,Biomni,general,none,UNAVAILABLE,False,"DECLARATIVE - specification only, no entrypoint",no execution backend declared (catalogue metadata only),"none possible - these are specifications for a host agent, not callables",Apache-2.0,vendor,0,,,Biomni/biomni/env_desc.py
biomni.software.mafft,mafft,software,Biomni,general,none,UNAVAILABLE,False,"DECLARATIVE - specification only, no entrypoint",no execution backend declared (catalogue metadata only),"none possible - these are specifications for a host agent, not callables",Apache-2.0,vendor,0,,,Biomni/biomni/env_desc.py
biomni.software.mageck,mageck,software,Biomni,general,none,UNAVAILABLE,False,"DECLARATIVE - specification only, no entrypoint",no execution backend declared (catalogue metadata only),"none possible - these are specifications for a host agent, not callables",Apache-2.0,vendor,0,,,Biomni/biomni/env_desc.py
biomni.software.matplotlib,matplotlib,software,Biomni,general,none,UNAVAILABLE,False,"DECLARATIVE - specification only, no entrypoint",no execution backend declared (catalogue metadata only),"none possible - these are specifications for a host agent, not callables",Apache-2.0,vendor,0,,,Biomni/biomni/env_desc.py
biomni.software.matrix,Matrix,software,Biomni,general,none,UNAVAILABLE,False,"DECLARATIVE - specification only, no entrypoint",no execution backend declared (catalogue metadata only),"none possible - these are specifications for a host agent, not callables",Apache-2.0,vendor,0,,,Biomni/biomni/env_desc.py
biomni.software.msprime,msprime,software,Biomni,general,none,UNAVAILABLE,False,"DECLARATIVE - specification only, no entrypoint",no execution backend declared (catalogue metadata only),"none possible - these are specifications for a host agent, not callables",Apache-2.0,vendor,0,,,Biomni/biomni/env_desc.py
biomni.software.mudata,mudata,software,Biomni,scrnaseq,none,UNAVAILABLE,False,"DECLARATIVE - specification only, no entrypoint",no execution backend declared (catalogue metadata only),"none possible - these are specifications for a host agent, not callables",Apache-2.0,vendor,0,,,Biomni/biomni/env_desc.py
biomni.software.muscle,muscle,software,Biomni,general,none,UNAVAILABLE,False,"DECLARATIVE - specification only, no entrypoint",no execution backend declared (catalogue metadata only),"none possible - these are specifications for a host agent, not callables",Apache-2.0,vendor,0,,,Biomni/biomni/env_desc.py
biomni.software.nnunet,nnunet,software,Biomni,general,none,UNAVAILABLE,False,"DECLARATIVE - specification only, no entrypoint",no execution backend declared (catalogue metadata only),"none possible - these are specifications for a host agent, not callables",Apache-2.0,vendor,0,,,Biomni/biomni/env_desc.py
biomni.software.numpy,numpy,software,Biomni,general,none,UNAVAILABLE,False,"DECLARATIVE - specification only, no entrypoint",no execution backend declared (catalogue metadata only),"none possible - these are specifications for a host agent, not callables",Apache-2.0,vendor,0,,,Biomni/biomni/env_desc.py
biomni.software.openbabel,openbabel,software,Biomni,general,none,UNAVAILABLE,False,"DECLARATIVE - specification only, no entrypoint",no execution backend declared (catalogue metadata only),"none possible - these are specifications for a host agent, not callables",Apache-2.0,vendor,0,,,Biomni/biomni/env_desc.py
biomni.software.opencv-python,opencv-python,software,Biomni,general,none,UNAVAILABLE,False,"DECLARATIVE - specification only, no entrypoint",no execution backend declared (catalogue metadata only),"none possible - these are specifications for a host agent, not callables",Apache-2.0,vendor,0,,,Biomni/biomni/env_desc.py
biomni.software.openmm,openmm,software,Biomni,general,none,UNAVAILABLE,False,"DECLARATIVE - specification only, no entrypoint",no execution backend declared (catalogue metadata only),"none possible - these are specifications for a host agent, not callables",Apache-2.0,vendor,0,,,Biomni/biomni/env_desc.py
biomni.software.optlang,optlang,software,Biomni,general,none,UNAVAILABLE,False,"DECLARATIVE - specification only, no entrypoint",no execution backend declared (catalogue metadata only),"none possible - these are specifications for a host agent, not callables",Apache-2.0,vendor,0,,,Biomni/biomni/env_desc.py
biomni.software.pandas,pandas,software,Biomni,general,none,UNAVAILABLE,False,"DECLARATIVE - specification only, no entrypoint",no execution backend declared (catalogue metadata only),"none possible - these are specifications for a host agent, not callables",Apache-2.0,vendor,0,,,Biomni/biomni/env_desc.py
biomni.software.pdbfixer,pdbfixer,software,Biomni,general,none,UNAVAILABLE,False,"DECLARATIVE - specification only, no entrypoint",no execution backend declared (catalogue metadata only),"none possible - these are specifications for a host agent, not callables",Apache-2.0,vendor,0,,,Biomni/biomni/env_desc.py
biomni.software.plannotate,plannotate,software,Biomni,general,none,UNAVAILABLE,False,"DECLARATIVE - specification only, no entrypoint",no execution backend declared (catalogue metadata only),"none possible - these are specifications for a host agent, not callables",Apache-2.0,vendor,0,,,Biomni/biomni/env_desc.py
biomni.software.plink,plink,software,Biomni,general,none,UNAVAILABLE,False,"DECLARATIVE - specification only, no entrypoint",no execution backend declared (catalogue metadata only),"none possible - these are specifications for a host agent, not callables",Apache-2.0,vendor,0,,,Biomni/biomni/env_desc.py
biomni.software.plink2,plink2,software,Biomni,general,none,UNAVAILABLE,False,"DECLARATIVE - specification only, no entrypoint",no execution backend declared (catalogue metadata only),"none possible - these are specifications for a host agent, not callables",Apache-2.0,vendor,0,,,Biomni/biomni/env_desc.py
biomni.software.pybedtools,pybedtools,software,Biomni,general,none,UNAVAILABLE,False,"DECLARATIVE - specification only, no entrypoint",no execution backend declared (catalogue metadata only),"none possible - these are specifications for a host agent, not callables",Apache-2.0,vendor,0,,,Biomni/biomni/env_desc.py
biomni.software.pybigwig,pyBigWig,software,Biomni,general,none,UNAVAILABLE,False,"DECLARATIVE - specification only, no entrypoint",no execution backend declared (catalogue metadata only),"none possible - these are specifications for a host agent, not callables",Apache-2.0,vendor,0,,,Biomni/biomni/env_desc.py
biomni.software.pyfaidx,pyfaidx,software,Biomni,general,none,UNAVAILABLE,False,"DECLARATIVE - specification only, no entrypoint",no execution backend declared (catalogue metadata only),"none possible - these are specifications for a host agent, not callables",Apache-2.0,vendor,0,,,Biomni/biomni/env_desc.py
biomni.software.pykalman,pykalman,software,Biomni,general,none,UNAVAILABLE,False,"DECLARATIVE - specification only, no entrypoint",no execution backend declared (catalogue metadata only),"none possible - these are specifications for a host agent, not callables",Apache-2.0,vendor,0,,,Biomni/biomni/env_desc.py
biomni.software.pylabrobot,PyLabRobot,software,Biomni,general,none,UNAVAILABLE,False,"DECLARATIVE - specification only, no entrypoint",no execution backend declared (catalogue metadata only),"none possible - these are specifications for a host agent, not callables",Apache-2.0,vendor,0,,,Biomni/biomni/env_desc.py
biomni.software.pyliftover,pyliftover,software,Biomni,general,none,UNAVAILABLE,False,"DECLARATIVE - specification only, no entrypoint",no execution backend declared (catalogue metadata only),"none possible - these are specifications for a host agent, not callables",Apache-2.0,vendor,0,,,Biomni/biomni/env_desc.py
biomni.software.pymassspec,PyMassSpec,software,Biomni,proteomics,none,UNAVAILABLE,False,"DECLARATIVE - specification only, no entrypoint",no execution backend declared (catalogue metadata only),"none possible - these are specifications for a host agent, not callables",Apache-2.0,vendor,0,,,Biomni/biomni/env_desc.py
biomni.software.pymc3,pymc3,software,Biomni,general,none,UNAVAILABLE,False,"DECLARATIVE - specification only, no entrypoint",no execution backend declared (catalogue metadata only),"none possible - these are specifications for a host agent, not callables",Apache-2.0,vendor,0,,,Biomni/biomni/env_desc.py
biomni.software.pymed,pymed,software,Biomni,literature,none,UNAVAILABLE,False,"DECLARATIVE - specification only, no entrypoint",no execution backend declared (catalogue metadata only),"none possible - these are specifications for a host agent, not callables",Apache-2.0,vendor,0,,,Biomni/biomni/env_desc.py
biomni.software.pymzml,pymzml,software,Biomni,proteomics,none,UNAVAILABLE,False,"DECLARATIVE - specification only, no entrypoint",no execution backend declared (catalogue metadata only),"none possible - these are specifications for a host agent, not callables",Apache-2.0,vendor,0,,,Biomni/biomni/env_desc.py
biomni.software.pypdf2,PyPDF2,software,Biomni,general,none,UNAVAILABLE,False,"DECLARATIVE - specification only, no entrypoint",no execution backend declared (catalogue metadata only),"none possible - these are specifications for a host agent, not callables",Apache-2.0,vendor,0,,,Biomni/biomni/env_desc.py
biomni.software.pyranges,pyranges,software,Biomni,general,none,UNAVAILABLE,False,"DECLARATIVE - specification only, no entrypoint",no execution backend declared (catalogue metadata only),"none possible - these are specifications for a host agent, not callables",Apache-2.0,vendor,0,,,Biomni/biomni/env_desc.py
biomni.software.pysam,pysam,software,Biomni,wgs,none,UNAVAILABLE,False,"DECLARATIVE - specification only, no entrypoint",no execution backend declared (catalogue metadata only),"none possible - these are specifications for a host agent, not callables",Apache-2.0,vendor,0,,,Biomni/biomni/env_desc.py
biomni.software.pyscenic,pyscenic,software,Biomni,scrnaseq,none,UNAVAILABLE,False,"DECLARATIVE - specification only, no entrypoint",no execution backend declared (catalogue metadata only),"none possible - these are specifications for a host agent, not callables",Apache-2.0,vendor,0,,,Biomni/biomni/env_desc.py
biomni.software.pyscreener,pyscreener,software,Biomni,chemistry,none,UNAVAILABLE,False,"DECLARATIVE - specification only, no entrypoint",no execution backend declared (catalogue metadata only),"none possible - these are specifications for a host agent, not callables",Apache-2.0,vendor,0,,,Biomni/biomni/env_desc.py
biomni.software.pytdc,pytdc,software,Biomni,chemistry,none,UNAVAILABLE,False,"DECLARATIVE - specification only, no entrypoint",no execution backend declared (catalogue metadata only),"none possible - these are specifications for a host agent, not callables",Apache-2.0,vendor,0,,,Biomni/biomni/env_desc.py
biomni.software.python-libsbml,python-libsbml,software,Biomni,general,none,UNAVAILABLE,False,"DECLARATIVE - specification only, no entrypoint",no execution backend declared (catalogue metadata only),"none possible - these are specifications for a host agent, not callables",Apache-2.0,vendor,0,,,Biomni/biomni/env_desc.py
biomni.software.rdkit,rdkit,software,Biomni,chemistry,none,UNAVAILABLE,False,"DECLARATIVE - specification only, no entrypoint",no execution backend declared (catalogue metadata only),"none possible - these are specifications for a host agent, not callables",Apache-2.0,vendor,0,,,Biomni/biomni/env_desc.py
biomni.software.readr,readr,software,Biomni,general,none,UNAVAILABLE,False,"DECLARATIVE - specification only, no entrypoint",no execution backend declared (catalogue metadata only),"none possible - these are specifications for a host agent, not callables",Apache-2.0,vendor,0,,,Biomni/biomni/env_desc.py
biomni.software.reportlab,reportlab,software,Biomni,general,none,UNAVAILABLE,False,"DECLARATIVE - specification only, no entrypoint",no execution backend declared (catalogue metadata only),"none possible - these are specifications for a host agent, not callables",Apache-2.0,vendor,0,,,Biomni/biomni/env_desc.py
biomni.software.samtools,samtools,software,Biomni,general,none,UNAVAILABLE,False,"DECLARATIVE - specification only, no entrypoint",no execution backend declared (catalogue metadata only),"none possible - these are specifications for a host agent, not callables",Apache-2.0,vendor,0,,,Biomni/biomni/env_desc.py
biomni.software.scanpy,scanpy,software,Biomni,scrnaseq,none,UNAVAILABLE,False,"DECLARATIVE - specification only, no entrypoint",no execution backend declared (catalogue metadata only),"none possible - these are specifications for a host agent, not callables",Apache-2.0,vendor,0,,,Biomni/biomni/env_desc.py
biomni.software.scholarly,scholarly,software,Biomni,literature,none,UNAVAILABLE,False,"DECLARATIVE - specification only, no entrypoint",no execution backend declared (catalogue metadata only),"none possible - these are specifications for a host agent, not callables",Apache-2.0,vendor,0,,,Biomni/biomni/env_desc.py
biomni.software.scikit-bio,scikit-bio,software,Biomni,general,none,UNAVAILABLE,False,"DECLARATIVE - specification only, no entrypoint",no execution backend declared (catalogue metadata only),"none possible - these are specifications for a host agent, not callables",Apache-2.0,vendor,0,,,Biomni/biomni/env_desc.py
biomni.software.scikit-image,scikit-image,software,Biomni,general,none,UNAVAILABLE,False,"DECLARATIVE - specification only, no entrypoint",no execution backend declared (catalogue metadata only),"none possible - these are specifications for a host agent, not callables",Apache-2.0,vendor,0,,,Biomni/biomni/env_desc.py
biomni.software.scikit-learn,scikit-learn,software,Biomni,general,none,UNAVAILABLE,False,"DECLARATIVE - specification only, no entrypoint",no execution backend declared (catalogue metadata only),"none possible - these are specifications for a host agent, not callables",Apache-2.0,vendor,0,,,Biomni/biomni/env_desc.py
biomni.software.scipy,scipy,software,Biomni,general,none,UNAVAILABLE,False,"DECLARATIVE - specification only, no entrypoint",no execution backend declared (catalogue metadata only),"none possible - these are specifications for a host agent, not callables",Apache-2.0,vendor,0,,,Biomni/biomni/env_desc.py
biomni.software.scrublet,scrublet,software,Biomni,scrnaseq,none,UNAVAILABLE,False,"DECLARATIVE - specification only, no entrypoint",no execution backend declared (catalogue metadata only),"none possible - these are specifications for a host agent, not callables",Apache-2.0,vendor,0,,,Biomni/biomni/env_desc.py
biomni.software.scvelo,scvelo,software,Biomni,scrnaseq,none,UNAVAILABLE,False,"DECLARATIVE - specification only, no entrypoint",no execution backend declared (catalogue metadata only),"none possible - these are specifications for a host agent, not callables",Apache-2.0,vendor,0,,,Biomni/biomni/env_desc.py
biomni.software.seaborn,seaborn,software,Biomni,general,none,UNAVAILABLE,False,"DECLARATIVE - specification only, no entrypoint",no execution backend declared (catalogue metadata only),"none possible - these are specifications for a host agent, not callables",Apache-2.0,vendor,0,,,Biomni/biomni/env_desc.py
biomni.software.statsmodels,statsmodels,software,Biomni,general,none,UNAVAILABLE,False,"DECLARATIVE - specification only, no entrypoint",no execution backend declared (catalogue metadata only),"none possible - these are specifications for a host agent, not callables",Apache-2.0,vendor,0,,,Biomni/biomni/env_desc.py
biomni.software.stringr,stringr,software,Biomni,general,none,UNAVAILABLE,False,"DECLARATIVE - specification only, no entrypoint",no execution backend declared (catalogue metadata only),"none possible - these are specifications for a host agent, not callables",Apache-2.0,vendor,0,,,Biomni/biomni/env_desc.py
biomni.software.tidyr,tidyr,software,Biomni,general,none,UNAVAILABLE,False,"DECLARATIVE - specification only, no entrypoint",no execution backend declared (catalogue metadata only),"none possible - these are specifications for a host agent, not callables",Apache-2.0,vendor,0,,,Biomni/biomni/env_desc.py
biomni.software.tiledb,tiledb,software,Biomni,general,none,UNAVAILABLE,False,"DECLARATIVE - specification only, no entrypoint",no execution backend declared (catalogue metadata only),"none possible - these are specifications for a host agent, not callables",Apache-2.0,vendor,0,,,Biomni/biomni/env_desc.py
biomni.software.tiledbsoma,tiledbsoma,software,Biomni,general,none,UNAVAILABLE,False,"DECLARATIVE - specification only, no entrypoint",no execution backend declared (catalogue metadata only),"none possible - these are specifications for a host agent, not callables",Apache-2.0,vendor,0,,,Biomni/biomni/env_desc.py
biomni.software.tqdm,tqdm,software,Biomni,general,none,UNAVAILABLE,False,"DECLARATIVE - specification only, no entrypoint",no execution backend declared (catalogue metadata only),"none possible - these are specifications for a host agent, not callables",Apache-2.0,vendor,0,,,Biomni/biomni/env_desc.py
biomni.software.trackpy,trackpy,software,Biomni,general,none,UNAVAILABLE,False,"DECLARATIVE - specification only, no entrypoint",no execution backend declared (catalogue metadata only),"none possible - these are specifications for a host agent, not callables",Apache-2.0,vendor,0,,,Biomni/biomni/env_desc.py
biomni.software.trimmomatic,trimmomatic,software,Biomni,general,none,UNAVAILABLE,False,"DECLARATIVE - specification only, no entrypoint",no execution backend declared (catalogue metadata only),"none possible - these are specifications for a host agent, not callables",Apache-2.0,vendor,0,,,Biomni/biomni/env_desc.py
biomni.software.tskit,tskit,software,Biomni,general,none,UNAVAILABLE,False,"DECLARATIVE - specification only, no entrypoint",no execution backend declared (catalogue metadata only),"none possible - these are specifications for a host agent, not callables",Apache-2.0,vendor,0,,,Biomni/biomni/env_desc.py
biomni.software.umap-learn,umap-learn,software,Biomni,general,none,UNAVAILABLE,False,"DECLARATIVE - specification only, no entrypoint",no execution backend declared (catalogue metadata only),"none possible - these are specifications for a host agent, not callables",Apache-2.0,vendor,0,,,Biomni/biomni/env_desc.py
biomni.software.viennarna,viennarna,software,Biomni,general,none,UNAVAILABLE,False,"DECLARATIVE - specification only, no entrypoint",no execution backend declared (catalogue metadata only),"none possible - these are specifications for a host agent, not callables",Apache-2.0,vendor,0,,,Biomni/biomni/env_desc.py
biomni.software.vina,vina,software,Biomni,general,none,UNAVAILABLE,False,"DECLARATIVE - specification only, no entrypoint",no execution backend declared (catalogue metadata only),"none possible - these are specifications for a host agent, not callables",Apache-2.0,vendor,0,,,Biomni/biomni/env_desc.py
biomni.software.wgcna,WGCNA,software,Biomni,general,none,UNAVAILABLE,False,"DECLARATIVE - specification only, no entrypoint",no execution backend declared (catalogue metadata only),"none possible - these are specifications for a host agent, not callables",Apache-2.0,vendor,0,,,Biomni/biomni/env_desc.py
cellagent.agent_role.evaluator,Evaluator,agent_role,CellAgent,general,none,UNAVAILABLE,False,"DECLARATIVE - specification only, no entrypoint",no execution backend declared (catalogue metadata only),"none possible - these are specifications for a host agent, not callables",NONE,federated,0,,,CellAgent/src/evaluator.py
cellagent.agent_role.executor,Executor,agent_role,CellAgent,general,none,UNAVAILABLE,False,"DECLARATIVE - specification only, no entrypoint",no execution backend declared (catalogue metadata only),"none possible - these are specifications for a host agent, not callables",NONE,federated,0,,,CellAgent/src/executor.py
cellagent.agent_role.planner,Planner,agent_role,CellAgent,general,none,UNAVAILABLE,False,"DECLARATIVE - specification only, no entrypoint",no execution backend declared (catalogue metadata only),"none possible - these are specifications for a host agent, not callables",NONE,federated,0,,,CellAgent/src/planner.py
clawbio.skill.affinity-proteomics,affinity-proteomics,skill,ClawBio,proteomics,none,UNAVAILABLE,False,"DECLARATIVE - specification only, no entrypoint",no execution backend declared (catalogue metadata only),"none possible - these are specifications for a host agent, not callables",MIT,vendor,0,,,ClawBio/skills/affinity-proteomics/SKILL.md
clawbio.skill.analyze-fasta,analyze-fasta,skill,ClawBio,wgs,none,UNAVAILABLE,False,"DECLARATIVE - specification only, no entrypoint",no execution backend declared (catalogue metadata only),"none possible - these are specifications for a host agent, not callables",MIT,vendor,0,,,ClawBio/skills/analyze-fasta/SKILL.md
clawbio.skill.ancestry-risk-profiler,ancestry-risk-profiler,skill,ClawBio,wgs,none,UNAVAILABLE,False,"DECLARATIVE - specification only, no entrypoint",no execution backend declared (catalogue metadata only),"none possible - these are specifications for a host agent, not callables",MIT,vendor,0,,,ClawBio/skills/ancestry-risk-profiler/SKILL.md
clawbio.skill.archaic-introgression,archaic-introgression,skill,ClawBio,wgs,none,UNAVAILABLE,False,"DECLARATIVE - specification only, no entrypoint",no execution backend declared (catalogue metadata only),"none possible - these are specifications for a host agent, not callables",MIT,vendor,0,,,ClawBio/skills/archaic-introgression/SKILL.md
clawbio.skill.article-data-fetcher,article-data-fetcher,skill,ClawBio,wgs,none,UNAVAILABLE,False,"DECLARATIVE - specification only, no entrypoint",no execution backend declared (catalogue metadata only),"none possible - these are specifications for a host agent, not callables",MIT,vendor,0,,,ClawBio/skills/article-data-fetcher/SKILL.md
clawbio.skill.bgpt-mcp,bgpt-mcp,skill,ClawBio,literature,none,UNAVAILABLE,False,"DECLARATIVE - specification only, no entrypoint",no execution backend declared (catalogue metadata only),"none possible - these are specifications for a host agent, not callables",MIT,vendor,0,,,ClawBio/skills/bgpt-mcp/SKILL.md
clawbio.skill.bigquery-public,bigquery-public,skill,ClawBio,wgs,none,UNAVAILABLE,False,"DECLARATIVE - specification only, no entrypoint",no execution backend declared (catalogue metadata only),"none possible - these are specifications for a host agent, not callables",MIT,vendor,0,,,ClawBio/skills/bigquery-public/SKILL.md
clawbio.skill.bio-orchestrator,bio-orchestrator,skill,ClawBio,scrnaseq,none,UNAVAILABLE,False,"DECLARATIVE - specification only, no entrypoint",no execution backend declared (catalogue metadata only),"none possible - these are specifications for a host agent, not callables",MIT,vendor,0,,,ClawBio/skills/bio-orchestrator/SKILL.md
clawbio.skill.bioconductor-bridge,bioconductor-bridge,skill,ClawBio,scrnaseq,none,UNAVAILABLE,False,"DECLARATIVE - specification only, no entrypoint",no execution backend declared (catalogue metadata only),"none possible - these are specifications for a host agent, not callables",MIT,vendor,0,,,ClawBio/skills/bioconductor-bridge/SKILL.md
clawbio.skill.bioqc-mcp,bioqc-mcp,skill,ClawBio,scrnaseq,none,UNAVAILABLE,False,"DECLARATIVE - specification only, no entrypoint",no execution backend declared (catalogue metadata only),"none possible - these are specifications for a host agent, not callables",MIT,vendor,0,,,ClawBio/skills/bioqc-mcp/SKILL.md
clawbio.skill.busco-assessor,busco-assessor,skill,ClawBio,bulk_rnaseq,none,UNAVAILABLE,False,"DECLARATIVE - specification only, no entrypoint",no execution backend declared (catalogue metadata only),"none possible - these are specifications for a host agent, not callables",MIT,vendor,0,,,ClawBio/skills/busco-assessor/SKILL.md
clawbio.skill.cell-detection,cell-detection,skill,ClawBio,imaging,none,UNAVAILABLE,False,"DECLARATIVE - specification only, no entrypoint",no execution backend declared (catalogue metadata only),"none possible - these are specifications for a host agent, not callables",MIT,vendor,0,,,ClawBio/skills/cell-detection/SKILL.md
clawbio.skill.celltype-specificity-profiler,celltype-specificity-profiler,skill,ClawBio,scrnaseq,none,UNAVAILABLE,False,"DECLARATIVE - specification only, no entrypoint",no execution backend declared (catalogue metadata only),"none possible - these are specifications for a host agent, not callables",MIT,vendor,0,,,ClawBio/skills/celltype-specificity-profiler/SKILL.md
clawbio.skill.claw-ancestry-pca,claw-ancestry-pca,skill,ClawBio,wgs,none,UNAVAILABLE,False,"DECLARATIVE - specification only, no entrypoint",no execution backend declared (catalogue metadata only),"none possible - these are specifications for a host agent, not callables",MIT,vendor,0,,,ClawBio/skills/claw-ancestry-pca/SKILL.md
clawbio.skill.claw-metagenomics,claw-metagenomics,skill,ClawBio,wgs,none,UNAVAILABLE,False,"DECLARATIVE - specification only, no entrypoint",no execution backend declared (catalogue metadata only),"none possible - these are specifications for a host agent, not callables",MIT,vendor,0,,,ClawBio/skills/claw-metagenomics/SKILL.md
clawbio.skill.claw-methylation-cycle,claw-methylation-cycle,skill,ClawBio,wgs,none,UNAVAILABLE,False,"DECLARATIVE - specification only, no entrypoint",no execution backend declared (catalogue metadata only),"none possible - these are specifications for a host agent, not callables",MIT,vendor,0,,,ClawBio/skills/claw-methylation-cycle/SKILL.md
clawbio.skill.claw-semantic-sim,claw-semantic-sim,skill,ClawBio,literature,none,UNAVAILABLE,False,"DECLARATIVE - specification only, no entrypoint",no execution backend declared (catalogue metadata only),"none possible - these are specifications for a host agent, not callables",MIT,vendor,0,,,ClawBio/skills/claw-semantic-sim/SKILL.md
clawbio.skill.clawpathy-autoresearch,clawpathy-autoresearch,skill,ClawBio,general,none,UNAVAILABLE,False,"DECLARATIVE - specification only, no entrypoint",no execution backend declared (catalogue metadata only),"none possible - these are specifications for a host agent, not callables",MIT,vendor,0,,,ClawBio/skills/clawpathy-autoresearch/SKILL.md
clawbio.skill.clinical-trial-finder,clinical-trial-finder,skill,ClawBio,clinical,none,UNAVAILABLE,False,"DECLARATIVE - specification only, no entrypoint",no execution backend declared (catalogue metadata only),"none possible - these are specifications for a host agent, not callables",MIT,vendor,0,,,ClawBio/skills/clinical-trial-finder/SKILL.md
clawbio.skill.clinical-variant-prioritizer,clinical-variant-prioritizer,skill,ClawBio,wgs,none,UNAVAILABLE,False,"DECLARATIVE - specification only, no entrypoint",no execution backend declared (catalogue metadata only),"none possible - these are specifications for a host agent, not callables",MIT,vendor,0,,,ClawBio/skills/clinical-variant-prioritizer/SKILL.md
clawbio.skill.clinical-variant-reporter,clinical-variant-reporter,skill,ClawBio,wgs,none,UNAVAILABLE,False,"DECLARATIVE - specification only, no entrypoint",no execution backend declared (catalogue metadata only),"none possible - these are specifications for a host agent, not callables",MIT,vendor,0,,,ClawBio/skills/clinical-variant-reporter/SKILL.md
clawbio.skill.clinpgx,clinpgx,skill,ClawBio,wgs,none,UNAVAILABLE,False,"DECLARATIVE - specification only, no entrypoint",no execution backend declared (catalogue metadata only),"none possible - these are specifications for a host agent, not callables",MIT,vendor,0,,,ClawBio/skills/clinpgx/SKILL.md
clawbio.skill.cnv-acmg-classifier,cnv-acmg-classifier,skill,ClawBio,wgs,none,UNAVAILABLE,False,"DECLARATIVE - specification only, no entrypoint",no execution backend declared (catalogue metadata only),"none possible - these are specifications for a host agent, not callables",MIT,vendor,0,,,ClawBio/skills/cnv-acmg-classifier/SKILL.md
clawbio.skill.crispr-screen-triage,crispr-screen-triage,skill,ClawBio,scrnaseq,none,UNAVAILABLE,False,"DECLARATIVE - specification only, no entrypoint",no execution backend declared (catalogue metadata only),"none possible - these are specifications for a host agent, not callables",MIT,vendor,0,,,ClawBio/skills/crispr-screen-triage/SKILL.md
clawbio.skill.data-extractor,data-extractor,skill,ClawBio,literature,none,UNAVAILABLE,False,"DECLARATIVE - specification only, no entrypoint",no execution backend declared (catalogue metadata only),"none possible - these are specifications for a host agent, not callables",MIT,vendor,0,,,ClawBio/skills/data-extractor/SKILL.md
clawbio.skill.de-summary,de-summary,skill,ClawBio,bulk_rnaseq,none,UNAVAILABLE,False,"DECLARATIVE - specification only, no entrypoint",no execution backend declared (catalogue metadata only),"none possible - these are specifications for a host agent, not callables",MIT,vendor,0,,,ClawBio/skills/de-summary/SKILL.md
clawbio.skill.diff-visualizer,diff-visualizer,skill,ClawBio,scrnaseq,none,UNAVAILABLE,False,"DECLARATIVE - specification only, no entrypoint",no execution backend declared (catalogue metadata only),"none possible - these are specifications for a host agent, not callables",MIT,vendor,0,,,ClawBio/skills/diff-visualizer/SKILL.md
clawbio.skill.dnasp,dnasp,skill,ClawBio,chemistry,none,UNAVAILABLE,False,"DECLARATIVE - specification only, no entrypoint",no execution backend declared (catalogue metadata only),"none possible - these are specifications for a host agent, not callables",MIT,vendor,0,,,ClawBio/skills/dnasp/SKILL.md
clawbio.skill.drug-photo,drug-photo,skill,ClawBio,wgs,none,UNAVAILABLE,False,"DECLARATIVE - specification only, no entrypoint",no execution backend declared (catalogue metadata only),"none possible - these are specifications for a host agent, not callables",MIT,vendor,0,,,ClawBio/skills/drug-photo/SKILL.md
clawbio.skill.drug-repurposing-screen,drug-repurposing-screen,skill,ClawBio,proteomics,none,UNAVAILABLE,False,"DECLARATIVE - specification only, no entrypoint",no execution backend declared (catalogue metadata only),"none possible - these are specifications for a host agent, not callables",MIT,vendor,0,,,ClawBio/skills/drug-repurposing-screen/SKILL.md
clawbio.skill.eqtl-catalogue-region-fetch,eqtl-catalogue-region-fetch,skill,ClawBio,chemistry,none,UNAVAILABLE,False,"DECLARATIVE - specification only, no entrypoint",no execution backend declared (catalogue metadata only),"none possible - these are specifications for a host agent, not callables",MIT,vendor,0,,,ClawBio/skills/eqtl-catalogue-region-fetch/SKILL.md
clawbio.skill.equity-scorer,equity-scorer,skill,ClawBio,wgs,none,UNAVAILABLE,False,"DECLARATIVE - specification only, no entrypoint",no execution backend declared (catalogue metadata only),"none possible - these are specifications for a host agent, not callables",MIT,vendor,0,,,ClawBio/skills/equity-scorer/SKILL.md
clawbio.skill.fastreer,fastreer,skill,ClawBio,wgs,none,UNAVAILABLE,False,"DECLARATIVE - specification only, no entrypoint",no execution backend declared (catalogue metadata only),"none possible - these are specifications for a host agent, not callables",MIT,vendor,0,,,ClawBio/skills/fastreer/SKILL.md
clawbio.skill.fine-mapping,fine-mapping,skill,ClawBio,general,none,UNAVAILABLE,False,"DECLARATIVE - specification only, no entrypoint",no execution backend declared (catalogue metadata only),"none possible - these are specifications for a host agent, not callables",MIT,vendor,0,,,ClawBio/skills/fine-mapping/SKILL.md
clawbio.skill.flow-bio,flow-bio,skill,ClawBio,general,none,UNAVAILABLE,False,"DECLARATIVE - specification only, no entrypoint",no execution backend declared (catalogue metadata only),"none possible - these are specifications for a host agent, not callables",MIT,vendor,0,,,ClawBio/skills/flow-bio/SKILL.md
clawbio.skill.galaxy-bridge,galaxy-bridge,skill,ClawBio,proteomics,none,UNAVAILABLE,False,"DECLARATIVE - specification only, no entrypoint",no execution backend declared (catalogue metadata only),"none possible - these are specifications for a host agent, not callables",MIT,vendor,0,,,ClawBio/skills/galaxy-bridge/SKILL.md
clawbio.skill.genome-compare,genome-compare,skill,ClawBio,wgs,none,UNAVAILABLE,False,"DECLARATIVE - specification only, no entrypoint",no execution backend declared (catalogue metadata only),"none possible - these are specifications for a host agent, not callables",MIT,vendor,0,,,ClawBio/skills/genome-compare/SKILL.md
clawbio.skill.genome-match,genome-match,skill,ClawBio,wgs,none,UNAVAILABLE,False,"DECLARATIVE - specification only, no entrypoint",no execution backend declared (catalogue metadata only),"none possible - these are specifications for a host agent, not callables",MIT,vendor,0,,,ClawBio/skills/genome-match/SKILL.md
clawbio.skill.gi-annotation,gi-annotation,skill,ClawBio,wgs,none,UNAVAILABLE,False,"DECLARATIVE - specification only, no entrypoint",no execution backend declared (catalogue metadata only),"none possible - these are specifications for a host agent, not callables",MIT,vendor,0,,,ClawBio/skills/gi-annotation/SKILL.md
clawbio.skill.gi-chromatin,gi-chromatin,skill,ClawBio,atacseq,none,UNAVAILABLE,False,"DECLARATIVE - specification only, no entrypoint",no execution backend declared (catalogue metadata only),"none possible - these are specifications for a host agent, not callables",MIT,vendor,0,,,ClawBio/skills/gi-chromatin/SKILL.md
clawbio.skill.gi-enhancer,gi-enhancer,skill,ClawBio,wgs,none,UNAVAILABLE,False,"DECLARATIVE - specification only, no entrypoint",no execution backend declared (catalogue metadata only),"none possible - these are specifications for a host agent, not callables",MIT,vendor,0,,,ClawBio/skills/gi-enhancer/SKILL.md
clawbio.skill.gi-expression,gi-expression,skill,ClawBio,wgs,none,UNAVAILABLE,False,"DECLARATIVE - specification only, no entrypoint",no execution backend declared (catalogue metadata only),"none possible - these are specifications for a host agent, not callables",MIT,vendor,0,,,ClawBio/skills/gi-expression/SKILL.md
clawbio.skill.gi-promoter,gi-promoter,skill,ClawBio,wgs,none,UNAVAILABLE,False,"DECLARATIVE - specification only, no entrypoint",no execution backend declared (catalogue metadata only),"none possible - these are specifications for a host agent, not callables",MIT,vendor,0,,,ClawBio/skills/gi-promoter/SKILL.md
clawbio.skill.gi-splice,gi-splice,skill,ClawBio,wgs,none,UNAVAILABLE,False,"DECLARATIVE - specification only, no entrypoint",no execution backend declared (catalogue metadata only),"none possible - these are specifications for a host agent, not callables",MIT,vendor,0,,,ClawBio/skills/gi-splice/SKILL.md
clawbio.skill.gwas-catalog-region-fetch,gwas-catalog-region-fetch,skill,ClawBio,literature,none,UNAVAILABLE,False,"DECLARATIVE - specification only, no entrypoint",no execution backend declared (catalogue metadata only),"none possible - these are specifications for a host agent, not callables",MIT,vendor,0,,,ClawBio/skills/gwas-catalog-region-fetch/SKILL.md
clawbio.skill.gwas-lookup,gwas-lookup,skill,ClawBio,wgs,none,UNAVAILABLE,False,"DECLARATIVE - specification only, no entrypoint",no execution backend declared (catalogue metadata only),"none possible - these are specifications for a host agent, not callables",MIT,vendor,0,,,ClawBio/skills/gwas-lookup/SKILL.md
clawbio.skill.gwas-pipeline,gwas-pipeline,skill,ClawBio,wgs,none,UNAVAILABLE,False,"DECLARATIVE - specification only, no entrypoint",no execution backend declared (catalogue metadata only),"none possible - these are specifications for a host agent, not callables",MIT,vendor,0,,,ClawBio/skills/gwas-pipeline/SKILL.md
clawbio.skill.gwas-prs,gwas-prs,skill,ClawBio,clinical,none,UNAVAILABLE,False,"DECLARATIVE - specification only, no entrypoint",no execution backend declared (catalogue metadata only),"none possible - these are specifications for a host agent, not callables",MIT,vendor,0,,,ClawBio/skills/gwas-prs/SKILL.md
clawbio.skill.hla-typing,hla-typing,skill,ClawBio,wgs,none,UNAVAILABLE,False,"DECLARATIVE - specification only, no entrypoint",no execution backend declared (catalogue metadata only),"none possible - these are specifications for a host agent, not callables",MIT,vendor,0,,,ClawBio/skills/hla-typing/SKILL.md
clawbio.skill.illumina-bridge,illumina-bridge,skill,ClawBio,wgs,none,UNAVAILABLE,False,"DECLARATIVE - specification only, no entrypoint",no execution backend declared (catalogue metadata only),"none possible - these are specifications for a host agent, not callables",MIT,vendor,0,,,ClawBio/skills/illumina-bridge/SKILL.md
clawbio.skill.just-prs-mcp,just-prs-mcp,skill,ClawBio,wgs,none,UNAVAILABLE,False,"DECLARATIVE - specification only, no entrypoint",no execution backend declared (catalogue metadata only),"none possible - these are specifications for a host agent, not callables",MIT,vendor,0,,,ClawBio/skills/just-prs-mcp/SKILL.md
clawbio.skill.labstep,labstep,skill,ClawBio,general,none,UNAVAILABLE,False,"DECLARATIVE - specification only, no entrypoint",no execution backend declared (catalogue metadata only),"none possible - these are specifications for a host agent, not callables",MIT,vendor,0,,,ClawBio/skills/labstep/SKILL.md
clawbio.skill.ld-1000g-region-compute,ld-1000g-region-compute,skill,ClawBio,wgs,none,UNAVAILABLE,False,"DECLARATIVE - specification only, no entrypoint",no execution backend declared (catalogue metadata only),"none possible - these are specifications for a host agent, not callables",MIT,vendor,0,,,ClawBio/skills/ld-1000g-region-compute/SKILL.md
clawbio.skill.lit-synthesizer,lit-synthesizer,skill,ClawBio,literature,none,UNAVAILABLE,False,"DECLARATIVE - specification only, no entrypoint",no execution backend declared (catalogue metadata only),"none possible - these are specifications for a host agent, not callables",MIT,vendor,0,,,ClawBio/skills/lit-synthesizer/SKILL.md
clawbio.skill.locuscompare-region-render,locuscompare-region-render,skill,ClawBio,wgs,none,UNAVAILABLE,False,"DECLARATIVE - specification only, no entrypoint",no execution backend declared (catalogue metadata only),"none possible - these are specifications for a host agent, not callables",MIT,vendor,0,,,ClawBio/skills/locuscompare-region-render/SKILL.md
clawbio.skill.marker-dominance-mapper,marker-dominance-mapper,skill,ClawBio,scrnaseq,none,UNAVAILABLE,False,"DECLARATIVE - specification only, no entrypoint",no execution backend declared (catalogue metadata only),"none possible - these are specifications for a host agent, not callables",MIT,vendor,0,,,ClawBio/skills/marker-dominance-mapper/SKILL.md
clawbio.skill.mendelian-randomisation,mendelian-randomisation,skill,ClawBio,clinical,none,UNAVAILABLE,False,"DECLARATIVE - specification only, no entrypoint",no execution backend declared (catalogue metadata only),"none possible - these are specifications for a host agent, not callables",MIT,vendor,0,,,ClawBio/skills/mendelian-randomisation/SKILL.md
clawbio.skill.methylation-clock,methylation-clock,skill,ClawBio,scrnaseq,none,UNAVAILABLE,False,"DECLARATIVE - specification only, no entrypoint",no execution backend declared (catalogue metadata only),"none possible - these are specifications for a host agent, not callables",MIT,vendor,0,,,ClawBio/skills/methylation-clock/SKILL.md
clawbio.skill.multiqc-reporter,multiqc-reporter,skill,ClawBio,wgs,none,UNAVAILABLE,False,"DECLARATIVE - specification only, no entrypoint",no execution backend declared (catalogue metadata only),"none possible - these are specifications for a host agent, not callables",MIT,vendor,0,,,ClawBio/skills/multiqc-reporter/SKILL.md
clawbio.skill.ncbi-datasets,ncbi-datasets,skill,ClawBio,wgs,none,UNAVAILABLE,False,"DECLARATIVE - specification only, no entrypoint",no execution backend declared (catalogue metadata only),"none possible - these are specifications for a host agent, not callables",MIT,vendor,0,,,ClawBio/skills/ncbi-datasets/SKILL.md
clawbio.skill.nfcore-rnaseq-wrapper,nfcore-rnaseq-wrapper,skill,ClawBio,bulk_rnaseq,none,UNAVAILABLE,False,"DECLARATIVE - specification only, no entrypoint",no execution backend declared (catalogue metadata only),"none possible - these are specifications for a host agent, not callables",MIT,vendor,0,,,ClawBio/skills/nfcore-rnaseq-wrapper/SKILL.md
clawbio.skill.nfcore-sarek-wrapper,nfcore-sarek-wrapper,skill,ClawBio,wgs,none,UNAVAILABLE,False,"DECLARATIVE - specification only, no entrypoint",no execution backend declared (catalogue metadata only),"none possible - these are specifications for a host agent, not callables",MIT,vendor,0,,,ClawBio/skills/nfcore-sarek-wrapper/SKILL.md
clawbio.skill.nfcore-scrnaseq-wrapper,nfcore-scrnaseq-wrapper,skill,ClawBio,scrnaseq,none,UNAVAILABLE,False,"DECLARATIVE - specification only, no entrypoint",no execution backend declared (catalogue metadata only),"none possible - these are specifications for a host agent, not callables",MIT,vendor,0,,,ClawBio/skills/nfcore-scrnaseq-wrapper/SKILL.md
clawbio.skill.nutrigx,nutrigx,skill,ClawBio,wgs,none,UNAVAILABLE,False,"DECLARATIVE - specification only, no entrypoint",no execution backend declared (catalogue metadata only),"none possible - these are specifications for a host agent, not callables",MIT,vendor,0,,,ClawBio/skills/nutrigx/SKILL.md
clawbio.skill.omics-target-evidence-mapper,omics-target-evidence-mapper,skill,ClawBio,literature,none,UNAVAILABLE,False,"DECLARATIVE - specification only, no entrypoint",no execution backend declared (catalogue metadata only),"none possible - these are specifications for a host agent, not callables",MIT,vendor,0,,,ClawBio/skills/omics-target-evidence-mapper/SKILL.md
clawbio.skill.organ-aging-studio,organ-aging-studio,skill,ClawBio,proteomics,none,UNAVAILABLE,False,"DECLARATIVE - specification only, no entrypoint",no execution backend declared (catalogue metadata only),"none possible - these are specifications for a host agent, not callables",MIT,vendor,0,,,ClawBio/skills/organ-aging-studio/SKILL.md
clawbio.skill.pathway-enricher,pathway-enricher,skill,ClawBio,bulk_rnaseq,none,UNAVAILABLE,False,"DECLARATIVE - specification only, no entrypoint",no execution backend declared (catalogue metadata only),"none possible - these are specifications for a host agent, not callables",MIT,vendor,0,,,ClawBio/skills/pathway-enricher/SKILL.md
clawbio.skill.pharmgx-reporter,pharmgx-reporter,skill,ClawBio,wgs,none,UNAVAILABLE,False,"DECLARATIVE - specification only, no entrypoint",no execution backend declared (catalogue metadata only),"none possible - these are specifications for a host agent, not callables",MIT,vendor,0,,,ClawBio/skills/pharmgx-reporter/SKILL.md
clawbio.skill.phylogenetics-builder,phylogenetics-builder,skill,ClawBio,wgs,none,UNAVAILABLE,False,"DECLARATIVE - specification only, no entrypoint",no execution backend declared (catalogue metadata only),"none possible - these are specifications for a host agent, not callables",MIT,vendor,0,,,ClawBio/skills/phylogenetics-builder/SKILL.md
clawbio.skill.polars-bio,polars-bio,skill,ClawBio,wgs,none,UNAVAILABLE,False,"DECLARATIVE - specification only, no entrypoint",no execution backend declared (catalogue metadata only),"none possible - these are specifications for a host agent, not callables",MIT,vendor,0,,,ClawBio/skills/polars-bio/SKILL.md
clawbio.skill.profile-report,profile-report,skill,ClawBio,clinical,none,UNAVAILABLE,False,"DECLARATIVE - specification only, no entrypoint",no execution backend declared (catalogue metadata only),"none possible - these are specifications for a host agent, not callables",MIT,vendor,0,,,ClawBio/skills/profile-report/SKILL.md
clawbio.skill.proteomics-clock,proteomics-clock,skill,ClawBio,proteomics,none,UNAVAILABLE,False,"DECLARATIVE - specification only, no entrypoint",no execution backend declared (catalogue metadata only),"none possible - these are specifications for a host agent, not callables",MIT,vendor,0,,,ClawBio/skills/proteomics-clock/SKILL.md
clawbio.skill.proteomics-de,proteomics-de,skill,ClawBio,bulk_rnaseq,none,UNAVAILABLE,False,"DECLARATIVE - specification only, no entrypoint",no execution backend declared (catalogue metadata only),"none possible - these are specifications for a host agent, not callables",MIT,vendor,0,,,ClawBio/skills/proteomics-de/SKILL.md
clawbio.skill.protocols-io,protocols-io,skill,ClawBio,general,none,UNAVAILABLE,False,"DECLARATIVE - specification only, no entrypoint",no execution backend declared (catalogue metadata only),"none possible - these are specifications for a host agent, not callables",MIT,vendor,0,,,ClawBio/skills/protocols-io/SKILL.md
clawbio.skill.pubmed-summariser,pubmed-summariser,skill,ClawBio,literature,none,UNAVAILABLE,False,"DECLARATIVE - specification only, no entrypoint",no execution backend declared (catalogue metadata only),"none possible - these are specifications for a host agent, not callables",MIT,vendor,0,,,ClawBio/skills/pubmed-summariser/SKILL.md
clawbio.skill.rare-disease-rnaseq,rare-disease-rnaseq,skill,ClawBio,bulk_rnaseq,none,UNAVAILABLE,False,"DECLARATIVE - specification only, no entrypoint",no execution backend declared (catalogue metadata only),"none possible - these are specifications for a host agent, not callables",MIT,vendor,0,,,ClawBio/skills/rare-disease-rnaseq/SKILL.md
clawbio.skill.rare-high-impact-variants,rare-high-impact-variants,skill,ClawBio,wgs,none,UNAVAILABLE,False,"DECLARATIVE - specification only, no entrypoint",no execution backend declared (catalogue metadata only),"none possible - these are specifications for a host agent, not callables",MIT,vendor,0,,,ClawBio/skills/rare-high-impact-variants/SKILL.md
clawbio.skill.recombinator,recombinator,skill,ClawBio,wgs,none,UNAVAILABLE,False,"DECLARATIVE - specification only, no entrypoint",no execution backend declared (catalogue metadata only),"none possible - these are specifications for a host agent, not callables",MIT,vendor,0,,,ClawBio/skills/recombinator/SKILL.md
clawbio.skill.repro-enforcer,repro-enforcer,skill,ClawBio,general,none,UNAVAILABLE,False,"DECLARATIVE - specification only, no entrypoint",no execution backend declared (catalogue metadata only),"none possible - these are specifications for a host agent, not callables",MIT,vendor,0,,,ClawBio/skills/repro-enforcer/SKILL.md
clawbio.skill.rnaseq-de,rnaseq-de,skill,ClawBio,bulk_rnaseq,none,UNAVAILABLE,False,"DECLARATIVE - specification only, no entrypoint",no execution backend declared (catalogue metadata only),"none possible - these are specifications for a host agent, not callables",MIT,vendor,0,,,ClawBio/skills/rnaseq-de/SKILL.md
clawbio.skill.sample-qc-triage,sample-qc-triage,skill,ClawBio,literature,none,UNAVAILABLE,False,"DECLARATIVE - specification only, no entrypoint",no execution backend declared (catalogue metadata only),"none possible - these are specifications for a host agent, not callables",MIT,vendor,0,,,ClawBio/skills/sample-qc-triage/SKILL.md
clawbio.skill.scrna-embedding,scrna-embedding,skill,ClawBio,scrnaseq,none,UNAVAILABLE,False,"DECLARATIVE - specification only, no entrypoint",no execution backend declared (catalogue metadata only),"none possible - these are specifications for a host agent, not callables",MIT,vendor,0,,,ClawBio/skills/scrna-embedding/SKILL.md
clawbio.skill.scrna-orchestrator,scrna-orchestrator,skill,ClawBio,scrnaseq,none,UNAVAILABLE,False,"DECLARATIVE - specification only, no entrypoint",no execution backend declared (catalogue metadata only),"none possible - these are specifications for a host agent, not callables",MIT,vendor,0,,,ClawBio/skills/scrna-orchestrator/SKILL.md
clawbio.skill.seq-wrangler,seq-wrangler,skill,ClawBio,wgs,none,UNAVAILABLE,False,"DECLARATIVE - specification only, no entrypoint",no execution backend declared (catalogue metadata only),"none possible - these are specifications for a host agent, not callables",MIT,vendor,0,,,ClawBio/skills/seq-wrangler/SKILL.md
clawbio.skill.skill,skill,skill,ClawBio,wgs,none,UNAVAILABLE,False,"DECLARATIVE - specification only, no entrypoint",no execution backend declared (catalogue metadata only),"none possible - these are specifications for a host agent, not callables",MIT,vendor,0,,,ClawBio/skills/clawpathy-autoresearch/examples/demo_task/skill/SKILL.md
clawbio.skill.skill-builder,skill-builder,skill,ClawBio,wgs,none,UNAVAILABLE,False,"DECLARATIVE - specification only, no entrypoint",no execution backend declared (catalogue metadata only),"none possible - these are specifications for a host agent, not callables",MIT,vendor,0,,,ClawBio/skills/skill-builder/SKILL.md
clawbio.skill.soul2dna,soul2dna,skill,ClawBio,wgs,none,UNAVAILABLE,False,"DECLARATIVE - specification only, no entrypoint",no execution backend declared (catalogue metadata only),"none possible - these are specifications for a host agent, not callables",MIT,vendor,0,,,ClawBio/skills/soul2dna/SKILL.md
clawbio.skill.struct-predictor,struct-predictor,skill,ClawBio,proteomics,none,UNAVAILABLE,False,"DECLARATIVE - specification only, no entrypoint",no execution backend declared (catalogue metadata only),"none possible - these are specifications for a host agent, not callables",MIT,vendor,0,,,ClawBio/skills/struct-predictor/SKILL.md
clawbio.skill.target-validation-scorer,target-validation-scorer,skill,ClawBio,chemistry,none,UNAVAILABLE,False,"DECLARATIVE - specification only, no entrypoint",no execution backend declared (catalogue metadata only),"none possible - these are specifications for a host agent, not callables",MIT,vendor,0,,,ClawBio/skills/target-validation-scorer/SKILL.md
clawbio.skill.turingdb-graph,turingdb-graph,skill,ClawBio,clinical,none,UNAVAILABLE,False,"DECLARATIVE - specification only, no entrypoint",no execution backend declared (catalogue metadata only),"none possible - these are specifications for a host agent, not callables",MIT,vendor,0,,,ClawBio/skills/turingdb-graph/SKILL.md
clawbio.skill.ukb-navigator,ukb-navigator,skill,ClawBio,imaging,none,UNAVAILABLE,False,"DECLARATIVE - specification only, no entrypoint",no execution backend declared (catalogue metadata only),"none possible - these are specifications for a host agent, not callables",MIT,vendor,0,,,ClawBio/skills/ukb-navigator/SKILL.md
clawbio.skill.ukb-ppp-region-fetch,ukb-ppp-region-fetch,skill,ClawBio,proteomics,none,UNAVAILABLE,False,"DECLARATIVE - specification only, no entrypoint",no execution backend declared (catalogue metadata only),"none possible - these are specifications for a host agent, not callables",MIT,vendor,0,,,ClawBio/skills/ukb-ppp-region-fetch/SKILL.md
clawbio.skill.variant-annotation,variant-annotation,skill,ClawBio,wgs,none,UNAVAILABLE,False,"DECLARATIVE - specification only, no entrypoint",no execution backend declared (catalogue metadata only),"none possible - these are specifications for a host agent, not callables",MIT,vendor,0,,,ClawBio/skills/variant-annotation/SKILL.md
clawbio.skill.vcf-annotator,vcf-annotator,skill,ClawBio,wgs,none,UNAVAILABLE,False,"DECLARATIVE - specification only, no entrypoint",no execution backend declared (catalogue metadata only),"none possible - these are specifications for a host agent, not callables",MIT,vendor,0,,,ClawBio/skills/vcf-annotator/SKILL.md
clawbio.skill.wes-clinical-report-en,wes-clinical-report-en,skill,ClawBio,wes,none,UNAVAILABLE,False,"DECLARATIVE - specification only, no entrypoint",no execution backend declared (catalogue metadata only),"none possible - these are specifications for a host agent, not callables",MIT,vendor,0,,,ClawBio/skills/wes-clinical-report-en/SKILL.md
clawbio.skill.wes-clinical-report-es,wes-clinical-report-es,skill,ClawBio,wes,none,UNAVAILABLE,False,"DECLARATIVE - specification only, no entrypoint",no execution backend declared (catalogue metadata only),"none possible - these are specifications for a host agent, not callables",MIT,vendor,0,,,ClawBio/skills/wes-clinical-report-es/SKILL.md
clawbio.skill.wgs-prs,wgs-prs,skill,ClawBio,wgs,none,UNAVAILABLE,False,"DECLARATIVE - specification only, no entrypoint",no execution backend declared (catalogue metadata only),"none possible - these are specifications for a host agent, not callables",MIT,vendor,0,,,ClawBio/skills/wgs-prs/SKILL.md
clawbio.skill.xena-tcga-gene-query,xena-tcga-gene-query,skill,ClawBio,bulk_rnaseq,none,UNAVAILABLE,False,"DECLARATIVE - specification only, no entrypoint",no execution backend declared (catalogue metadata only),"none possible - these are specifications for a host agent, not callables",MIT,vendor,0,,,ClawBio/skills/xena-tcga-gene-query/SKILL.md
crispr-gpt.agent_role.executorstate,ExecutorState,agent_role,CRISPR-GPT,general,none,UNAVAILABLE,False,"DECLARATIVE - specification only, no entrypoint",no execution backend declared (catalogue metadata only),"none possible - these are specifications for a host agent, not callables",NONE,federated,0,,,CRISPR-GPT/crisprgpt/automation.py
geneagent.agent_role.agentphd,AgentPhD,agent_role,GeneAgent,general,none,UNAVAILABLE,False,"DECLARATIVE - specification only, no entrypoint",no execution backend declared (catalogue metadata only),"none possible - these are specifications for a host agent, not callables",NLM-Public-Domain,vendor,0,,,GeneAgent/worker.py
genomas.agent_role.coderevieweragent,CodeReviewerAgent,agent_role,GenoMAS,general,none,UNAVAILABLE,False,"DECLARATIVE - specification only, no entrypoint",no execution backend declared (catalogue metadata only),"none possible - these are specifications for a host agent, not callables",MIT,vendor,0,,,GenoMAS/agents/code_reviewer.py
genomas.agent_role.domainexpertagent,DomainExpertAgent,agent_role,GenoMAS,general,none,UNAVAILABLE,False,"DECLARATIVE - specification only, no entrypoint",no execution backend declared (catalogue metadata only),"none possible - these are specifications for a host agent, not callables",MIT,vendor,0,,,GenoMAS/agents/domain_expert.py
genomas.agent_role.geoagent,GEOAgent,agent_role,GenoMAS,general,none,UNAVAILABLE,False,"DECLARATIVE - specification only, no entrypoint",no execution backend declared (catalogue metadata only),"none possible - these are specifications for a host agent, not callables",MIT,vendor,0,,,GenoMAS/agents/geo_agent.py
genomas.agent_role.multistepprogrammingagent,MultiStepProgrammingAgent,agent_role,GenoMAS,general,none,UNAVAILABLE,False,"DECLARATIVE - specification only, no entrypoint",no execution backend declared (catalogue metadata only),"none possible - these are specifications for a host agent, not callables",MIT,vendor,0,,,GenoMAS/agents/multi_step_agent.py
genomas.agent_role.piagent,PIAgent,agent_role,GenoMAS,general,none,UNAVAILABLE,False,"DECLARATIVE - specification only, no entrypoint",no execution backend declared (catalogue metadata only),"none possible - these are specifications for a host agent, not callables",MIT,vendor,0,,,GenoMAS/agents/pi_agent.py
genomas.agent_role.statisticianagent,StatisticianAgent,agent_role,GenoMAS,general,none,UNAVAILABLE,False,"DECLARATIVE - specification only, no entrypoint",no execution backend declared (catalogue metadata only),"none possible - these are specifications for a host agent, not callables",MIT,vendor,0,,,GenoMAS/agents/statistician_agent.py
genomas.agent_role.tcgaagent,TCGAAgent,agent_role,GenoMAS,general,none,UNAVAILABLE,False,"DECLARATIVE - specification only, no entrypoint",no execution backend declared (catalogue metadata only),"none possible - these are specifications for a host agent, not callables",MIT,vendor,0,,,GenoMAS/agents/tcga_agent.py
k-dense.skill.adaptyv,adaptyv,skill,K-Dense,general,none,UNAVAILABLE,False,"DECLARATIVE - specification only, no entrypoint",no execution backend declared (catalogue metadata only),"none possible - these are specifications for a host agent, not callables",MIT,vendor,0,,,K-Dense-scientific-agent-skills/skills/adaptyv/SKILL.md
k-dense.skill.aeon,aeon,skill,K-Dense,imaging,none,UNAVAILABLE,False,"DECLARATIVE - specification only, no entrypoint",no execution backend declared (catalogue metadata only),"none possible - these are specifications for a host agent, not callables",MIT,vendor,0,,,K-Dense-scientific-agent-skills/skills/aeon/SKILL.md
k-dense.skill.analytical-method-validation,analytical-method-validation,skill,K-Dense,literature,none,UNAVAILABLE,False,"DECLARATIVE - specification only, no entrypoint",no execution backend declared (catalogue metadata only),"none possible - these are specifications for a host agent, not callables",MIT,vendor,0,,,K-Dense-scientific-agent-skills/skills/analytical-method-validation/SKILL.md
k-dense.skill.anndata,anndata,skill,K-Dense,scrnaseq,none,UNAVAILABLE,False,"DECLARATIVE - specification only, no entrypoint",no execution backend declared (catalogue metadata only),"none possible - these are specifications for a host agent, not callables",MIT,vendor,0,,,K-Dense-scientific-agent-skills/skills/anndata/SKILL.md
k-dense.skill.arbor,arbor,skill,K-Dense,general,none,UNAVAILABLE,False,"DECLARATIVE - specification only, no entrypoint",no execution backend declared (catalogue metadata only),"none possible - these are specifications for a host agent, not callables",MIT,vendor,0,,,K-Dense-scientific-agent-skills/skills/arbor/SKILL.md
k-dense.skill.arboreto,arboreto,skill,K-Dense,scrnaseq,none,UNAVAILABLE,False,"DECLARATIVE - specification only, no entrypoint",no execution backend declared (catalogue metadata only),"none possible - these are specifications for a host agent, not callables",MIT,vendor,0,,,K-Dense-scientific-agent-skills/skills/arboreto/SKILL.md
k-dense.skill.astropy,astropy,skill,K-Dense,general,none,UNAVAILABLE,False,"DECLARATIVE - specification only, no entrypoint",no execution backend declared (catalogue metadata only),"none possible - these are specifications for a host agent, not callables",MIT,vendor,0,,,K-Dense-scientific-agent-skills/skills/astropy/SKILL.md
k-dense.skill.autoskill,autoskill,skill,K-Dense,general,none,UNAVAILABLE,False,"DECLARATIVE - specification only, no entrypoint",no execution backend declared (catalogue metadata only),"none possible - these are specifications for a host agent, not callables",MIT,vendor,0,,,K-Dense-scientific-agent-skills/skills/autoskill/SKILL.md
k-dense.skill.benchling-integration,benchling-integration,skill,K-Dense,general,none,UNAVAILABLE,False,"DECLARATIVE - specification only, no entrypoint",no execution backend declared (catalogue metadata only),"none possible - these are specifications for a host agent, not callables",MIT,vendor,0,,,K-Dense-scientific-agent-skills/skills/benchling-integration/SKILL.md
k-dense.skill.bgpt-paper-search,bgpt-paper-search,skill,K-Dense,literature,none,UNAVAILABLE,False,"DECLARATIVE - specification only, no entrypoint",no execution backend declared (catalogue metadata only),"none possible - these are specifications for a host agent, not callables",MIT,vendor,0,,,K-Dense-scientific-agent-skills/skills/bgpt-paper-search/SKILL.md
k-dense.skill.bids,bids,skill,K-Dense,imaging,none,UNAVAILABLE,False,"DECLARATIVE - specification only, no entrypoint",no execution backend declared (catalogue metadata only),"none possible - these are specifications for a host agent, not callables",MIT,vendor,0,,,K-Dense-scientific-agent-skills/skills/bids/SKILL.md
k-dense.skill.biopython,biopython,skill,K-Dense,chemistry,none,UNAVAILABLE,False,"DECLARATIVE - specification only, no entrypoint",no execution backend declared (catalogue metadata only),"none possible - these are specifications for a host agent, not callables",MIT,vendor,0,,,K-Dense-scientific-agent-skills/skills/biopython/SKILL.md
k-dense.skill.bioservices,bioservices,skill,K-Dense,chemistry,none,UNAVAILABLE,False,"DECLARATIVE - specification only, no entrypoint",no execution backend declared (catalogue metadata only),"none possible - these are specifications for a host agent, not callables",MIT,vendor,0,,,K-Dense-scientific-agent-skills/skills/bioservices/SKILL.md
k-dense.skill.bulk-rnaseq,bulk-rnaseq,skill,K-Dense,scrnaseq,none,UNAVAILABLE,False,"DECLARATIVE - specification only, no entrypoint",no execution backend declared (catalogue metadata only),"none possible - these are specifications for a host agent, not callables",MIT,vendor,0,,,K-Dense-scientific-agent-skills/skills/bulk-rnaseq/SKILL.md
k-dense.skill.cellxgene-census,cellxgene-census,skill,K-Dense,scrnaseq,none,UNAVAILABLE,False,"DECLARATIVE - specification only, no entrypoint",no execution backend declared (catalogue metadata only),"none possible - these are specifications for a host agent, not callables",MIT,vendor,0,,,K-Dense-scientific-agent-skills/skills/cellxgene-census/SKILL.md
k-dense.skill.cirq,cirq,skill,K-Dense,general,none,UNAVAILABLE,False,"DECLARATIVE - specification only, no entrypoint",no execution backend declared (catalogue metadata only),"none possible - these are specifications for a host agent, not callables",MIT,vendor,0,,,K-Dense-scientific-agent-skills/skills/cirq/SKILL.md
k-dense.skill.citation-management,citation-management,skill,K-Dense,literature,none,UNAVAILABLE,False,"DECLARATIVE - specification only, no entrypoint",no execution backend declared (catalogue metadata only),"none possible - these are specifications for a host agent, not callables",MIT,vendor,0,,,K-Dense-scientific-agent-skills/skills/citation-management/SKILL.md
k-dense.skill.clinical-decision-support,clinical-decision-support,skill,K-Dense,clinical,none,UNAVAILABLE,False,"DECLARATIVE - specification only, no entrypoint",no execution backend declared (catalogue metadata only),"none possible - these are specifications for a host agent, not callables",MIT,vendor,0,,,K-Dense-scientific-agent-skills/skills/clinical-decision-support/SKILL.md
k-dense.skill.clinical-reports,clinical-reports,skill,K-Dense,bulk_rnaseq,none,UNAVAILABLE,False,"DECLARATIVE - specification only, no entrypoint",no execution backend declared (catalogue metadata only),"none possible - these are specifications for a host agent, not callables",MIT,vendor,0,,,K-Dense-scientific-agent-skills/skills/clinical-reports/SKILL.md
k-dense.skill.cobrapy,cobrapy,skill,K-Dense,bulk_rnaseq,none,UNAVAILABLE,False,"DECLARATIVE - specification only, no entrypoint",no execution backend declared (catalogue metadata only),"none possible - these are specifications for a host agent, not callables",MIT,vendor,0,,,K-Dense-scientific-agent-skills/skills/cobrapy/SKILL.md
k-dense.skill.consciousness-council,consciousness-council,skill,K-Dense,general,none,UNAVAILABLE,False,"DECLARATIVE - specification only, no entrypoint",no execution backend declared (catalogue metadata only),"none possible - these are specifications for a host agent, not callables",MIT,vendor,0,,,K-Dense-scientific-agent-skills/skills/consciousness-council/SKILL.md
k-dense.skill.dask,dask,skill,K-Dense,general,none,UNAVAILABLE,False,"DECLARATIVE - specification only, no entrypoint",no execution backend declared (catalogue metadata only),"none possible - these are specifications for a host agent, not callables",MIT,vendor,0,,,K-Dense-scientific-agent-skills/skills/dask/SKILL.md
k-dense.skill.database-lookup,database-lookup,skill,K-Dense,proteomics,none,UNAVAILABLE,False,"DECLARATIVE - specification only, no entrypoint",no execution backend declared (catalogue metadata only),"none possible - these are specifications for a host agent, not callables",MIT,vendor,0,,,K-Dense-scientific-agent-skills/skills/database-lookup/SKILL.md
k-dense.skill.datamol,datamol,skill,K-Dense,chemistry,none,UNAVAILABLE,False,"DECLARATIVE - specification only, no entrypoint",no execution backend declared (catalogue metadata only),"none possible - these are specifications for a host agent, not callables",MIT,vendor,0,,,K-Dense-scientific-agent-skills/skills/datamol/SKILL.md
k-dense.skill.deepchem,deepchem,skill,K-Dense,chemistry,none,UNAVAILABLE,False,"DECLARATIVE - specification only, no entrypoint",no execution backend declared (catalogue metadata only),"none possible - these are specifications for a host agent, not callables",MIT,vendor,0,,,K-Dense-scientific-agent-skills/skills/deepchem/SKILL.md
k-dense.skill.deepspot-m,deepspot-m,skill,K-Dense,spatial,none,UNAVAILABLE,False,"DECLARATIVE - specification only, no entrypoint",no execution backend declared (catalogue metadata only),"none possible - these are specifications for a host agent, not callables",MIT,vendor,0,,,K-Dense-scientific-agent-skills/skills/deepspot-m/SKILL.md
k-dense.skill.deeptools,deeptools,skill,K-Dense,chipseq,none,UNAVAILABLE,False,"DECLARATIVE - specification only, no entrypoint",no execution backend declared (catalogue metadata only),"none possible - these are specifications for a host agent, not callables",MIT,vendor,0,,,K-Dense-scientific-agent-skills/skills/deeptools/SKILL.md
k-dense.skill.depmap,depmap,skill,K-Dense,wgs,none,UNAVAILABLE,False,"DECLARATIVE - specification only, no entrypoint",no execution backend declared (catalogue metadata only),"none possible - these are specifications for a host agent, not callables",MIT,vendor,0,,,K-Dense-scientific-agent-skills/skills/depmap/SKILL.md
k-dense.skill.dhdna-profiler,dhdna-profiler,skill,K-Dense,general,none,UNAVAILABLE,False,"DECLARATIVE - specification only, no entrypoint",no execution backend declared (catalogue metadata only),"none possible - these are specifications for a host agent, not callables",MIT,vendor,0,,,K-Dense-scientific-agent-skills/skills/dhdna-profiler/SKILL.md
k-dense.skill.diffdock,diffdock,skill,K-Dense,proteomics,none,UNAVAILABLE,False,"DECLARATIVE - specification only, no entrypoint",no execution backend declared (catalogue metadata only),"none possible - these are specifications for a host agent, not callables",MIT,vendor,0,,,K-Dense-scientific-agent-skills/skills/diffdock/SKILL.md
k-dense.skill.dnanexus-integration,dnanexus-integration,skill,K-Dense,wgs,none,UNAVAILABLE,False,"DECLARATIVE - specification only, no entrypoint",no execution backend declared (catalogue metadata only),"none possible - these are specifications for a host agent, not callables",MIT,vendor,0,,,K-Dense-scientific-agent-skills/skills/dnanexus-integration/SKILL.md
k-dense.skill.docx,docx,skill,K-Dense,general,none,UNAVAILABLE,False,"DECLARATIVE - specification only, no entrypoint",no execution backend declared (catalogue metadata only),"none possible - these are specifications for a host agent, not callables",MIT,vendor,0,,,K-Dense-scientific-agent-skills/skills/docx/SKILL.md
k-dense.skill.esm,esm,skill,K-Dense,general,none,UNAVAILABLE,False,"DECLARATIVE - specification only, no entrypoint",no execution backend declared (catalogue metadata only),"none possible - these are specifications for a host agent, not callables",MIT,vendor,0,,,K-Dense-scientific-agent-skills/skills/esm/SKILL.md
k-dense.skill.etetoolkit,etetoolkit,skill,K-Dense,wgs,none,UNAVAILABLE,False,"DECLARATIVE - specification only, no entrypoint",no execution backend declared (catalogue metadata only),"none possible - these are specifications for a host agent, not callables",MIT,vendor,0,,,K-Dense-scientific-agent-skills/skills/etetoolkit/SKILL.md
k-dense.skill.exa-search,exa-search,skill,K-Dense,literature,none,UNAVAILABLE,False,"DECLARATIVE - specification only, no entrypoint",no execution backend declared (catalogue metadata only),"none possible - these are specifications for a host agent, not callables",MIT,vendor,0,,,K-Dense-scientific-agent-skills/skills/exa-search/SKILL.md
k-dense.skill.experimental-design,experimental-design,skill,K-Dense,general,none,UNAVAILABLE,False,"DECLARATIVE - specification only, no entrypoint",no execution backend declared (catalogue metadata only),"none possible - these are specifications for a host agent, not callables",MIT,vendor,0,,,K-Dense-scientific-agent-skills/skills/experimental-design/SKILL.md
k-dense.skill.exploratory-data-analysis,exploratory-data-analysis,skill,K-Dense,wgs,none,UNAVAILABLE,False,"DECLARATIVE - specification only, no entrypoint",no execution backend declared (catalogue metadata only),"none possible - these are specifications for a host agent, not callables",MIT,vendor,0,,,K-Dense-scientific-agent-skills/skills/exploratory-data-analysis/SKILL.md
k-dense.skill.flowio,flowio,skill,K-Dense,general,none,UNAVAILABLE,False,"DECLARATIVE - specification only, no entrypoint",no execution backend declared (catalogue metadata only),"none possible - these are specifications for a host agent, not callables",MIT,vendor,0,,,K-Dense-scientific-agent-skills/skills/flowio/SKILL.md
k-dense.skill.fluidsim,fluidsim,skill,K-Dense,general,none,UNAVAILABLE,False,"DECLARATIVE - specification only, no entrypoint",no execution backend declared (catalogue metadata only),"none possible - these are specifications for a host agent, not callables",MIT,vendor,0,,,K-Dense-scientific-agent-skills/skills/fluidsim/SKILL.md
k-dense.skill.generate-image,generate-image,skill,K-Dense,general,none,UNAVAILABLE,False,"DECLARATIVE - specification only, no entrypoint",no execution backend declared (catalogue metadata only),"none possible - these are specifications for a host agent, not callables",MIT,vendor,0,,,K-Dense-scientific-agent-skills/skills/generate-image/SKILL.md
k-dense.skill.geniml,geniml,skill,K-Dense,wgs,none,UNAVAILABLE,False,"DECLARATIVE - specification only, no entrypoint",no execution backend declared (catalogue metadata only),"none possible - these are specifications for a host agent, not callables",MIT,vendor,0,,,K-Dense-scientific-agent-skills/skills/geniml/SKILL.md
k-dense.skill.genomic-coordinates,genomic-coordinates,skill,K-Dense,wgs,none,UNAVAILABLE,False,"DECLARATIVE - specification only, no entrypoint",no execution backend declared (catalogue metadata only),"none possible - these are specifications for a host agent, not callables",MIT,vendor,0,,,K-Dense-scientific-agent-skills/skills/genomic-coordinates/SKILL.md
k-dense.skill.genomic-intelligence,genomic-intelligence,skill,K-Dense,wgs,none,UNAVAILABLE,False,"DECLARATIVE - specification only, no entrypoint",no execution backend declared (catalogue metadata only),"none possible - these are specifications for a host agent, not callables",MIT,vendor,0,,,K-Dense-scientific-agent-skills/skills/genomic-intelligence/SKILL.md
k-dense.skill.geomaster,geomaster,skill,K-Dense,wgs,none,UNAVAILABLE,False,"DECLARATIVE - specification only, no entrypoint",no execution backend declared (catalogue metadata only),"none possible - these are specifications for a host agent, not callables",MIT,vendor,0,,,K-Dense-scientific-agent-skills/skills/geomaster/SKILL.md
k-dense.skill.geopandas,geopandas,skill,K-Dense,general,none,UNAVAILABLE,False,"DECLARATIVE - specification only, no entrypoint",no execution backend declared (catalogue metadata only),"none possible - these are specifications for a host agent, not callables",MIT,vendor,0,,,K-Dense-scientific-agent-skills/skills/geopandas/SKILL.md
k-dense.skill.get-available-resources,get-available-resources,skill,K-Dense,general,none,UNAVAILABLE,False,"DECLARATIVE - specification only, no entrypoint",no execution backend declared (catalogue metadata only),"none possible - these are specifications for a host agent, not callables",MIT,vendor,0,,,K-Dense-scientific-agent-skills/skills/get-available-resources/SKILL.md
k-dense.skill.gget,gget,skill,K-Dense,proteomics,none,UNAVAILABLE,False,"DECLARATIVE - specification only, no entrypoint",no execution backend declared (catalogue metadata only),"none possible - these are specifications for a host agent, not callables",MIT,vendor,0,,,K-Dense-scientific-agent-skills/skills/gget/SKILL.md
k-dense.skill.ginkgo-cloud-lab,ginkgo-cloud-lab,skill,K-Dense,chemistry,none,UNAVAILABLE,False,"DECLARATIVE - specification only, no entrypoint",no execution backend declared (catalogue metadata only),"none possible - these are specifications for a host agent, not callables",MIT,vendor,0,,,K-Dense-scientific-agent-skills/skills/ginkgo-cloud-lab/SKILL.md
k-dense.skill.glycoengineering,glycoengineering,skill,K-Dense,clinical,none,UNAVAILABLE,False,"DECLARATIVE - specification only, no entrypoint",no execution backend declared (catalogue metadata only),"none possible - these are specifications for a host agent, not callables",MIT,vendor,0,,,K-Dense-scientific-agent-skills/skills/glycoengineering/SKILL.md
k-dense.skill.gtars,gtars,skill,K-Dense,wgs,none,UNAVAILABLE,False,"DECLARATIVE - specification only, no entrypoint",no execution backend declared (catalogue metadata only),"none possible - these are specifications for a host agent, not callables",MIT,vendor,0,,,K-Dense-scientific-agent-skills/skills/gtars/SKILL.md
k-dense.skill.histolab,histolab,skill,K-Dense,proteomics,none,UNAVAILABLE,False,"DECLARATIVE - specification only, no entrypoint",no execution backend declared (catalogue metadata only),"none possible - these are specifications for a host agent, not callables",MIT,vendor,0,,,K-Dense-scientific-agent-skills/skills/histolab/SKILL.md
k-dense.skill.hugging-science,hugging-science,skill,K-Dense,scrnaseq,none,UNAVAILABLE,False,"DECLARATIVE - specification only, no entrypoint",no execution backend declared (catalogue metadata only),"none possible - these are specifications for a host agent, not callables",MIT,vendor,0,,,K-Dense-scientific-agent-skills/skills/hugging-science/SKILL.md
k-dense.skill.hypogenic,hypogenic,skill,K-Dense,literature,none,UNAVAILABLE,False,"DECLARATIVE - specification only, no entrypoint",no execution backend declared (catalogue metadata only),"none possible - these are specifications for a host agent, not callables",MIT,vendor,0,,,K-Dense-scientific-agent-skills/skills/hypogenic/SKILL.md
k-dense.skill.hypothesis-generation,hypothesis-generation,skill,K-Dense,bulk_rnaseq,none,UNAVAILABLE,False,"DECLARATIVE - specification only, no entrypoint",no execution backend declared (catalogue metadata only),"none possible - these are specifications for a host agent, not callables",MIT,vendor,0,,,K-Dense-scientific-agent-skills/skills/hypothesis-generation/SKILL.md
k-dense.skill.imaging-data-commons,imaging-data-commons,skill,K-Dense,imaging,none,UNAVAILABLE,False,"DECLARATIVE - specification only, no entrypoint",no execution backend declared (catalogue metadata only),"none possible - these are specifications for a host agent, not callables",MIT,vendor,0,,,K-Dense-scientific-agent-skills/skills/imaging-data-commons/SKILL.md
k-dense.skill.infographics,infographics,skill,K-Dense,chemistry,none,UNAVAILABLE,False,"DECLARATIVE - specification only, no entrypoint",no execution backend declared (catalogue metadata only),"none possible - these are specifications for a host agent, not callables",MIT,vendor,0,,,K-Dense-scientific-agent-skills/skills/infographics/SKILL.md
k-dense.skill.iso-standards-readiness,iso-standards-readiness,skill,K-Dense,bulk_rnaseq,none,UNAVAILABLE,False,"DECLARATIVE - specification only, no entrypoint",no execution backend declared (catalogue metadata only),"none possible - these are specifications for a host agent, not callables",MIT,vendor,0,,,K-Dense-scientific-agent-skills/skills/iso-standards-readiness/SKILL.md
k-dense.skill.labarchive-integration,labarchive-integration,skill,K-Dense,general,none,UNAVAILABLE,False,"DECLARATIVE - specification only, no entrypoint",no execution backend declared (catalogue metadata only),"none possible - these are specifications for a host agent, not callables",MIT,vendor,0,,,K-Dense-scientific-agent-skills/skills/labarchive-integration/SKILL.md
k-dense.skill.lamindb,lamindb,skill,K-Dense,scrnaseq,none,UNAVAILABLE,False,"DECLARATIVE - specification only, no entrypoint",no execution backend declared (catalogue metadata only),"none possible - these are specifications for a host agent, not callables",MIT,vendor,0,,,K-Dense-scientific-agent-skills/skills/lamindb/SKILL.md
k-dense.skill.latchbio-integration,latchbio-integration,skill,K-Dense,atacseq,none,UNAVAILABLE,False,"DECLARATIVE - specification only, no entrypoint",no execution backend declared (catalogue metadata only),"none possible - these are specifications for a host agent, not callables",MIT,vendor,0,,,K-Dense-scientific-agent-skills/skills/latchbio-integration/SKILL.md
k-dense.skill.latex-posters,latex-posters,skill,K-Dense,literature,none,UNAVAILABLE,False,"DECLARATIVE - specification only, no entrypoint",no execution backend declared (catalogue metadata only),"none possible - these are specifications for a host agent, not callables",MIT,vendor,0,,,K-Dense-scientific-agent-skills/skills/latex-posters/SKILL.md
k-dense.skill.liteparse,liteparse,skill,K-Dense,literature,none,UNAVAILABLE,False,"DECLARATIVE - specification only, no entrypoint",no execution backend declared (catalogue metadata only),"none possible - these are specifications for a host agent, not callables",MIT,vendor,0,,,K-Dense-scientific-agent-skills/skills/liteparse/SKILL.md
k-dense.skill.literature-review,literature-review,skill,K-Dense,literature,none,UNAVAILABLE,False,"DECLARATIVE - specification only, no entrypoint",no execution backend declared (catalogue metadata only),"none possible - these are specifications for a host agent, not callables",MIT,vendor,0,,,K-Dense-scientific-agent-skills/skills/literature-review/SKILL.md
k-dense.skill.markdown-mermaid-writing,markdown-mermaid-writing,skill,K-Dense,general,none,UNAVAILABLE,False,"DECLARATIVE - specification only, no entrypoint",no execution backend declared (catalogue metadata only),"none possible - these are specifications for a host agent, not callables",MIT,vendor,0,,,K-Dense-scientific-agent-skills/skills/markdown-mermaid-writing/SKILL.md
k-dense.skill.market-research-reports,market-research-reports,skill,K-Dense,bulk_rnaseq,none,UNAVAILABLE,False,"DECLARATIVE - specification only, no entrypoint",no execution backend declared (catalogue metadata only),"none possible - these are specifications for a host agent, not callables",MIT,vendor,0,,,K-Dense-scientific-agent-skills/skills/market-research-reports/SKILL.md
k-dense.skill.markitdown,markitdown,skill,K-Dense,literature,none,UNAVAILABLE,False,"DECLARATIVE - specification only, no entrypoint",no execution backend declared (catalogue metadata only),"none possible - these are specifications for a host agent, not callables",MIT,vendor,0,,,K-Dense-scientific-agent-skills/skills/markitdown/SKILL.md
k-dense.skill.matchms,matchms,skill,K-Dense,proteomics,none,UNAVAILABLE,False,"DECLARATIVE - specification only, no entrypoint",no execution backend declared (catalogue metadata only),"none possible - these are specifications for a host agent, not callables",MIT,vendor,0,,,K-Dense-scientific-agent-skills/skills/matchms/SKILL.md
k-dense.skill.matlab,matlab,skill,K-Dense,general,none,UNAVAILABLE,False,"DECLARATIVE - specification only, no entrypoint",no execution backend declared (catalogue metadata only),"none possible - these are specifications for a host agent, not callables",MIT,vendor,0,,,K-Dense-scientific-agent-skills/skills/matlab/SKILL.md
k-dense.skill.matplotlib,matplotlib,skill,K-Dense,general,none,UNAVAILABLE,False,"DECLARATIVE - specification only, no entrypoint",no execution backend declared (catalogue metadata only),"none possible - these are specifications for a host agent, not callables",MIT,vendor,0,,,K-Dense-scientific-agent-skills/skills/matplotlib/SKILL.md
k-dense.skill.medchem,medchem,skill,K-Dense,chemistry,none,UNAVAILABLE,False,"DECLARATIVE - specification only, no entrypoint",no execution backend declared (catalogue metadata only),"none possible - these are specifications for a host agent, not callables",MIT,vendor,0,,,K-Dense-scientific-agent-skills/skills/medchem/SKILL.md
k-dense.skill.modal,modal,skill,K-Dense,general,none,UNAVAILABLE,False,"DECLARATIVE - specification only, no entrypoint",no execution backend declared (catalogue metadata only),"none possible - these are specifications for a host agent, not callables",MIT,vendor,0,,,K-Dense-scientific-agent-skills/skills/modal/SKILL.md
k-dense.skill.molecular-dynamics,molecular-dynamics,skill,K-Dense,proteomics,none,UNAVAILABLE,False,"DECLARATIVE - specification only, no entrypoint",no execution backend declared (catalogue metadata only),"none possible - these are specifications for a host agent, not callables",MIT,vendor,0,,,K-Dense-scientific-agent-skills/skills/molecular-dynamics/SKILL.md
k-dense.skill.molfeat,molfeat,skill,K-Dense,chemistry,none,UNAVAILABLE,False,"DECLARATIVE - specification only, no entrypoint",no execution backend declared (catalogue metadata only),"none possible - these are specifications for a host agent, not callables",MIT,vendor,0,,,K-Dense-scientific-agent-skills/skills/molfeat/SKILL.md
k-dense.skill.ncats-arax,ncats-arax,skill,K-Dense,clinical,none,UNAVAILABLE,False,"DECLARATIVE - specification only, no entrypoint",no execution backend declared (catalogue metadata only),"none possible - these are specifications for a host agent, not callables",MIT,vendor,0,,,K-Dense-scientific-agent-skills/skills/ncats-arax/SKILL.md
k-dense.skill.networkx,networkx,skill,K-Dense,literature,none,UNAVAILABLE,False,"DECLARATIVE - specification only, no entrypoint",no execution backend declared (catalogue metadata only),"none possible - these are specifications for a host agent, not callables",MIT,vendor,0,,,K-Dense-scientific-agent-skills/skills/networkx/SKILL.md
k-dense.skill.neurokit2,neurokit2,skill,K-Dense,clinical,none,UNAVAILABLE,False,"DECLARATIVE - specification only, no entrypoint",no execution backend declared (catalogue metadata only),"none possible - these are specifications for a host agent, not callables",MIT,vendor,0,,,K-Dense-scientific-agent-skills/skills/neurokit2/SKILL.md
k-dense.skill.neuropixels-analysis,neuropixels-analysis,skill,K-Dense,general,none,UNAVAILABLE,False,"DECLARATIVE - specification only, no entrypoint",no execution backend declared (catalogue metadata only),"none possible - these are specifications for a host agent, not callables",MIT,vendor,0,,,K-Dense-scientific-agent-skills/skills/neuropixels-analysis/SKILL.md
k-dense.skill.nextflow,nextflow,skill,K-Dense,wgs,none,UNAVAILABLE,False,"DECLARATIVE - specification only, no entrypoint",no execution backend declared (catalogue metadata only),"none possible - these are specifications for a host agent, not callables",MIT,vendor,0,,,K-Dense-scientific-agent-skills/skills/nextflow/SKILL.md
k-dense.skill.omero-integration,omero-integration,skill,K-Dense,imaging,none,UNAVAILABLE,False,"DECLARATIVE - specification only, no entrypoint",no execution backend declared (catalogue metadata only),"none possible - these are specifications for a host agent, not callables",MIT,vendor,0,,,K-Dense-scientific-agent-skills/skills/omero-integration/SKILL.md
k-dense.skill.onekgpd,onekgpd,skill,K-Dense,wes,none,UNAVAILABLE,False,"DECLARATIVE - specification only, no entrypoint",no execution backend declared (catalogue metadata only),"none possible - these are specifications for a host agent, not callables",MIT,vendor,0,,,K-Dense-scientific-agent-skills/skills/onekgpd/SKILL.md
k-dense.skill.ontology-term-resolution,ontology-term-resolution,skill,K-Dense,scrnaseq,none,UNAVAILABLE,False,"DECLARATIVE - specification only, no entrypoint",no execution backend declared (catalogue metadata only),"none possible - these are specifications for a host agent, not callables",MIT,vendor,0,,,K-Dense-scientific-agent-skills/skills/ontology-term-resolution/SKILL.md
k-dense.skill.open-notebook,open-notebook,skill,K-Dense,literature,none,UNAVAILABLE,False,"DECLARATIVE - specification only, no entrypoint",no execution backend declared (catalogue metadata only),"none possible - these are specifications for a host agent, not callables",MIT,vendor,0,,,K-Dense-scientific-agent-skills/skills/open-notebook/SKILL.md
k-dense.skill.openpiv,openpiv,skill,K-Dense,atacseq,none,UNAVAILABLE,False,"DECLARATIVE - specification only, no entrypoint",no execution backend declared (catalogue metadata only),"none possible - these are specifications for a host agent, not callables",MIT,vendor,0,,,K-Dense-scientific-agent-skills/skills/openpiv/SKILL.md
k-dense.skill.opentrons-integration,opentrons-integration,skill,K-Dense,general,none,UNAVAILABLE,False,"DECLARATIVE - specification only, no entrypoint",no execution backend declared (catalogue metadata only),"none possible - these are specifications for a host agent, not callables",MIT,vendor,0,,,K-Dense-scientific-agent-skills/skills/opentrons-integration/SKILL.md
k-dense.skill.optimize-for-gpu,optimize-for-gpu,skill,K-Dense,imaging,none,UNAVAILABLE,False,"DECLARATIVE - specification only, no entrypoint",no execution backend declared (catalogue metadata only),"none possible - these are specifications for a host agent, not callables",MIT,vendor,0,,,K-Dense-scientific-agent-skills/skills/optimize-for-gpu/SKILL.md
k-dense.skill.pacsomatic,pacsomatic,skill,K-Dense,clinical,none,UNAVAILABLE,False,"DECLARATIVE - specification only, no entrypoint",no execution backend declared (catalogue metadata only),"none possible - these are specifications for a host agent, not callables",MIT,vendor,0,,,K-Dense-scientific-agent-skills/skills/pacsomatic/SKILL.md
k-dense.skill.paper-lookup,paper-lookup,skill,K-Dense,literature,none,UNAVAILABLE,False,"DECLARATIVE - specification only, no entrypoint",no execution backend declared (catalogue metadata only),"none possible - these are specifications for a host agent, not callables",BSD-2-Clause,vendor,0,,,K-Dense-scientific-agent-skills/skills/paper-lookup/SKILL.md
k-dense.skill.paperclip,paperclip,skill,K-Dense,clinical,none,UNAVAILABLE,False,"DECLARATIVE - specification only, no entrypoint",no execution backend declared (catalogue metadata only),"none possible - these are specifications for a host agent, not callables",MIT,vendor,0,,,K-Dense-scientific-agent-skills/skills/paperclip/SKILL.md
k-dense.skill.paperzilla,paperzilla,skill,K-Dense,general,none,UNAVAILABLE,False,"DECLARATIVE - specification only, no entrypoint",no execution backend declared (catalogue metadata only),"none possible - these are specifications for a host agent, not callables",MIT,vendor,0,,,K-Dense-scientific-agent-skills/skills/paperzilla/SKILL.md
k-dense.skill.parallel-web,parallel-web,skill,K-Dense,literature,none,UNAVAILABLE,False,"DECLARATIVE - specification only, no entrypoint",no execution backend declared (catalogue metadata only),"none possible - these are specifications for a host agent, not callables",MIT,vendor,0,,,K-Dense-scientific-agent-skills/skills/parallel-web/SKILL.md
k-dense.skill.pathml,pathml,skill,K-Dense,clinical,none,UNAVAILABLE,False,"DECLARATIVE - specification only, no entrypoint",no execution backend declared (catalogue metadata only),"none possible - these are specifications for a host agent, not callables",MIT,vendor,0,,,K-Dense-scientific-agent-skills/skills/pathml/SKILL.md
k-dense.skill.pathogen-variant-surveillance,pathogen-variant-surveillance,skill,K-Dense,wgs,none,UNAVAILABLE,False,"DECLARATIVE - specification only, no entrypoint",no execution backend declared (catalogue metadata only),"none possible - these are specifications for a host agent, not callables",MIT,vendor,0,,,K-Dense-scientific-agent-skills/skills/pathogen-variant-surveillance/SKILL.md
k-dense.skill.pathway-enrichment,pathway-enrichment,skill,K-Dense,scrnaseq,none,UNAVAILABLE,False,"DECLARATIVE - specification only, no entrypoint",no execution backend declared (catalogue metadata only),"none possible - these are specifications for a host agent, not callables",MIT,vendor,0,,,K-Dense-scientific-agent-skills/skills/pathway-enrichment/SKILL.md
k-dense.skill.pdf,pdf,skill,K-Dense,general,none,UNAVAILABLE,False,"DECLARATIVE - specification only, no entrypoint",no execution backend declared (catalogue metadata only),"none possible - these are specifications for a host agent, not callables",MIT,vendor,0,,,K-Dense-scientific-agent-skills/skills/pdf/SKILL.md
k-dense.skill.peer-review,peer-review,skill,K-Dense,literature,none,UNAVAILABLE,False,"DECLARATIVE - specification only, no entrypoint",no execution backend declared (catalogue metadata only),"none possible - these are specifications for a host agent, not callables",MIT,vendor,0,,,K-Dense-scientific-agent-skills/skills/peer-review/SKILL.md
k-dense.skill.pennylane,pennylane,skill,K-Dense,chemistry,none,UNAVAILABLE,False,"DECLARATIVE - specification only, no entrypoint",no execution backend declared (catalogue metadata only),"none possible - these are specifications for a host agent, not callables",MIT,vendor,0,,,K-Dense-scientific-agent-skills/skills/pennylane/SKILL.md
k-dense.skill.phylogenetics,phylogenetics,skill,K-Dense,chemistry,none,UNAVAILABLE,False,"DECLARATIVE - specification only, no entrypoint",no execution backend declared (catalogue metadata only),"none possible - these are specifications for a host agent, not callables",MIT,vendor,0,,,K-Dense-scientific-agent-skills/skills/phylogenetics/SKILL.md
k-dense.skill.pi-agent,pi-agent,skill,K-Dense,general,none,UNAVAILABLE,False,"DECLARATIVE - specification only, no entrypoint",no execution backend declared (catalogue metadata only),"none possible - these are specifications for a host agent, not callables",MIT,vendor,0,,,K-Dense-scientific-agent-skills/skills/pi-agent/SKILL.md
k-dense.skill.pkpd-modeling,pkpd-modeling,skill,K-Dense,clinical,none,UNAVAILABLE,False,"DECLARATIVE - specification only, no entrypoint",no execution backend declared (catalogue metadata only),"none possible - these are specifications for a host agent, not callables",MIT,vendor,0,,,K-Dense-scientific-agent-skills/skills/pkpd-modeling/SKILL.md
k-dense.skill.polars,polars,skill,K-Dense,general,none,UNAVAILABLE,False,"DECLARATIVE - specification only, no entrypoint",no execution backend declared (catalogue metadata only),"none possible - these are specifications for a host agent, not callables",MIT,vendor,0,,,K-Dense-scientific-agent-skills/skills/polars/SKILL.md
k-dense.skill.pptx,pptx,skill,K-Dense,general,none,UNAVAILABLE,False,"DECLARATIVE - specification only, no entrypoint",no execution backend declared (catalogue metadata only),"none possible - these are specifications for a host agent, not callables",MIT,vendor,0,,,K-Dense-scientific-agent-skills/skills/pptx/SKILL.md
k-dense.skill.pptx-posters,pptx-posters,skill,K-Dense,literature,none,UNAVAILABLE,False,"DECLARATIVE - specification only, no entrypoint",no execution backend declared (catalogue metadata only),"none possible - these are specifications for a host agent, not callables",MIT,vendor,0,,,K-Dense-scientific-agent-skills/skills/pptx-posters/SKILL.md
k-dense.skill.primekg,primekg,skill,K-Dense,chemistry,none,UNAVAILABLE,False,"DECLARATIVE - specification only, no entrypoint",no execution backend declared (catalogue metadata only),"none possible - these are specifications for a host agent, not callables",MIT,vendor,0,,,K-Dense-scientific-agent-skills/skills/primekg/SKILL.md
k-dense.skill.protocolsio-integration,protocolsio-integration,skill,K-Dense,scrnaseq,none,UNAVAILABLE,False,"DECLARATIVE - specification only, no entrypoint",no execution backend declared (catalogue metadata only),"none possible - these are specifications for a host agent, not callables",MIT,vendor,0,,,K-Dense-scientific-agent-skills/skills/protocolsio-integration/SKILL.md
k-dense.skill.pufferlib,pufferlib,skill,K-Dense,general,none,UNAVAILABLE,False,"DECLARATIVE - specification only, no entrypoint",no execution backend declared (catalogue metadata only),"none possible - these are specifications for a host agent, not callables",MIT,vendor,0,,,K-Dense-scientific-agent-skills/skills/pufferlib/SKILL.md
k-dense.skill.pydeseq2,pydeseq2,skill,K-Dense,bulk_rnaseq,none,UNAVAILABLE,False,"DECLARATIVE - specification only, no entrypoint",no execution backend declared (catalogue metadata only),"none possible - these are specifications for a host agent, not callables",MIT,vendor,0,,,K-Dense-scientific-agent-skills/skills/pydeseq2/SKILL.md
k-dense.skill.pydicom,pydicom,skill,K-Dense,general,none,UNAVAILABLE,False,"DECLARATIVE - specification only, no entrypoint",no execution backend declared (catalogue metadata only),"none possible - these are specifications for a host agent, not callables",MIT,vendor,0,,,K-Dense-scientific-agent-skills/skills/pydicom/SKILL.md
k-dense.skill.pyhealth,pyhealth,skill,K-Dense,imaging,none,UNAVAILABLE,False,"DECLARATIVE - specification only, no entrypoint",no execution backend declared (catalogue metadata only),"none possible - these are specifications for a host agent, not callables",MIT,vendor,0,,,K-Dense-scientific-agent-skills/skills/pyhealth/SKILL.md
k-dense.skill.pylabrobot,pylabrobot,skill,K-Dense,general,none,UNAVAILABLE,False,"DECLARATIVE - specification only, no entrypoint",no execution backend declared (catalogue metadata only),"none possible - these are specifications for a host agent, not callables",MIT,vendor,0,,,K-Dense-scientific-agent-skills/skills/pylabrobot/SKILL.md
k-dense.skill.pymatgen,pymatgen,skill,K-Dense,chemistry,none,UNAVAILABLE,False,"DECLARATIVE - specification only, no entrypoint",no execution backend declared (catalogue metadata only),"none possible - these are specifications for a host agent, not callables",MIT,vendor,0,,,K-Dense-scientific-agent-skills/skills/pymatgen/SKILL.md
k-dense.skill.pymc,pymc,skill,K-Dense,general,none,UNAVAILABLE,False,"DECLARATIVE - specification only, no entrypoint",no execution backend declared (catalogue metadata only),"none possible - these are specifications for a host agent, not callables",MIT,vendor,0,,,K-Dense-scientific-agent-skills/skills/pymc/SKILL.md
k-dense.skill.pymoo,pymoo,skill,K-Dense,general,none,UNAVAILABLE,False,"DECLARATIVE - specification only, no entrypoint",no execution backend declared (catalogue metadata only),"none possible - these are specifications for a host agent, not callables",MIT,vendor,0,,,K-Dense-scientific-agent-skills/skills/pymoo/SKILL.md
k-dense.skill.pyopenms,pyopenms,skill,K-Dense,proteomics,none,UNAVAILABLE,False,"DECLARATIVE - specification only, no entrypoint",no execution backend declared (catalogue metadata only),"none possible - these are specifications for a host agent, not callables",MIT,vendor,0,,,K-Dense-scientific-agent-skills/skills/pyopenms/SKILL.md
k-dense.skill.pysam,pysam,skill,K-Dense,wgs,none,UNAVAILABLE,False,"DECLARATIVE - specification only, no entrypoint",no execution backend declared (catalogue metadata only),"none possible - these are specifications for a host agent, not callables",MIT,vendor,0,,,K-Dense-scientific-agent-skills/skills/pysam/SKILL.md
k-dense.skill.pytdc,pytdc,skill,K-Dense,chemistry,none,UNAVAILABLE,False,"DECLARATIVE - specification only, no entrypoint",no execution backend declared (catalogue metadata only),"none possible - these are specifications for a host agent, not callables",MIT,vendor,0,,,K-Dense-scientific-agent-skills/skills/pytdc/SKILL.md
k-dense.skill.pytorch-lightning,pytorch-lightning,skill,K-Dense,general,none,UNAVAILABLE,False,"DECLARATIVE - specification only, no entrypoint",no execution backend declared (catalogue metadata only),"none possible - these are specifications for a host agent, not callables",MIT,vendor,0,,,K-Dense-scientific-agent-skills/skills/pytorch-lightning/SKILL.md
k-dense.skill.pyzotero,pyzotero,skill,K-Dense,literature,none,UNAVAILABLE,False,"DECLARATIVE - specification only, no entrypoint",no execution backend declared (catalogue metadata only),"none possible - these are specifications for a host agent, not callables",MIT,vendor,0,,,K-Dense-scientific-agent-skills/skills/pyzotero/SKILL.md
k-dense.skill.qiskit,qiskit,skill,K-Dense,general,none,UNAVAILABLE,False,"DECLARATIVE - specification only, no entrypoint",no execution backend declared (catalogue metadata only),"none possible - these are specifications for a host agent, not callables",MIT,vendor,0,,,K-Dense-scientific-agent-skills/skills/qiskit/SKILL.md
k-dense.skill.qutip,qutip,skill,K-Dense,general,none,UNAVAILABLE,False,"DECLARATIVE - specification only, no entrypoint",no execution backend declared (catalogue metadata only),"none possible - these are specifications for a host agent, not callables",MIT,vendor,0,,,K-Dense-scientific-agent-skills/skills/qutip/SKILL.md
k-dense.skill.rdkit,rdkit,skill,K-Dense,chemistry,none,UNAVAILABLE,False,"DECLARATIVE - specification only, no entrypoint",no execution backend declared (catalogue metadata only),"none possible - these are specifications for a host agent, not callables",MIT,vendor,0,,,K-Dense-scientific-agent-skills/skills/rdkit/SKILL.md
k-dense.skill.relsa-severity-assessment,relsa-severity-assessment,skill,K-Dense,general,none,UNAVAILABLE,False,"DECLARATIVE - specification only, no entrypoint",no execution backend declared (catalogue metadata only),"none possible - these are specifications for a host agent, not callables",MIT,vendor,0,,,K-Dense-scientific-agent-skills/skills/relsa-severity-assessment/SKILL.md
k-dense.skill.research-grants,research-grants,skill,K-Dense,literature,none,UNAVAILABLE,False,"DECLARATIVE - specification only, no entrypoint",no execution backend declared (catalogue metadata only),"none possible - these are specifications for a host agent, not callables",MIT,vendor,0,,,K-Dense-scientific-agent-skills/skills/research-grants/SKILL.md
k-dense.skill.research-lookup,research-lookup,skill,K-Dense,literature,none,UNAVAILABLE,False,"DECLARATIVE - specification only, no entrypoint",no execution backend declared (catalogue metadata only),"none possible - these are specifications for a host agent, not callables",MIT,vendor,0,,,K-Dense-scientific-agent-skills/skills/research-lookup/SKILL.md
k-dense.skill.rowan,rowan,skill,K-Dense,proteomics,none,UNAVAILABLE,False,"DECLARATIVE - specification only, no entrypoint",no execution backend declared (catalogue metadata only),"none possible - these are specifications for a host agent, not callables",MIT,vendor,0,,,K-Dense-scientific-agent-skills/skills/rowan/SKILL.md
k-dense.skill.scanpy,scanpy,skill,K-Dense,scrnaseq,none,UNAVAILABLE,False,"DECLARATIVE - specification only, no entrypoint",no execution backend declared (catalogue metadata only),"none possible - these are specifications for a host agent, not callables",MIT,vendor,0,,,K-Dense-scientific-agent-skills/skills/scanpy/SKILL.md
k-dense.skill.scholar-evaluation,scholar-evaluation,skill,K-Dense,bulk_rnaseq,none,UNAVAILABLE,False,"DECLARATIVE - specification only, no entrypoint",no execution backend declared (catalogue metadata only),"none possible - these are specifications for a host agent, not callables",MIT,vendor,0,,,K-Dense-scientific-agent-skills/skills/scholar-evaluation/SKILL.md
k-dense.skill.scientific-brainstorming,scientific-brainstorming,skill,K-Dense,clinical,none,UNAVAILABLE,False,"DECLARATIVE - specification only, no entrypoint",no execution backend declared (catalogue metadata only),"none possible - these are specifications for a host agent, not callables",MIT,vendor,0,,,K-Dense-scientific-agent-skills/skills/scientific-brainstorming/SKILL.md
k-dense.skill.scientific-critical-thinking,scientific-critical-thinking,skill,K-Dense,literature,none,UNAVAILABLE,False,"DECLARATIVE - specification only, no entrypoint",no execution backend declared (catalogue metadata only),"none possible - these are specifications for a host agent, not callables",MIT,vendor,0,,,K-Dense-scientific-agent-skills/skills/scientific-critical-thinking/SKILL.md
k-dense.skill.scientific-schematics,scientific-schematics,skill,K-Dense,clinical,none,UNAVAILABLE,False,"DECLARATIVE - specification only, no entrypoint",no execution backend declared (catalogue metadata only),"none possible - these are specifications for a host agent, not callables",MIT,vendor,0,,,K-Dense-scientific-agent-skills/skills/scientific-schematics/SKILL.md
k-dense.skill.scientific-slides,scientific-slides,skill,K-Dense,literature,none,UNAVAILABLE,False,"DECLARATIVE - specification only, no entrypoint",no execution backend declared (catalogue metadata only),"none possible - these are specifications for a host agent, not callables",MIT,vendor,0,,,K-Dense-scientific-agent-skills/skills/scientific-slides/SKILL.md
k-dense.skill.scientific-visualization,scientific-visualization,skill,K-Dense,general,none,UNAVAILABLE,False,"DECLARATIVE - specification only, no entrypoint",no execution backend declared (catalogue metadata only),"none possible - these are specifications for a host agent, not callables",MIT,vendor,0,,,K-Dense-scientific-agent-skills/skills/scientific-visualization/SKILL.md
k-dense.skill.scientific-writing,scientific-writing,skill,K-Dense,literature,none,UNAVAILABLE,False,"DECLARATIVE - specification only, no entrypoint",no execution backend declared (catalogue metadata only),"none possible - these are specifications for a host agent, not callables",MIT,vendor,0,,,K-Dense-scientific-agent-skills/skills/scientific-writing/SKILL.md
k-dense.skill.scikit-bio,scikit-bio,skill,K-Dense,general,none,UNAVAILABLE,False,"DECLARATIVE - specification only, no entrypoint",no execution backend declared (catalogue metadata only),"none possible - these are specifications for a host agent, not callables",MIT,vendor,0,,,K-Dense-scientific-agent-skills/skills/scikit-bio/SKILL.md
k-dense.skill.scikit-learn,scikit-learn,skill,K-Dense,general,none,UNAVAILABLE,False,"DECLARATIVE - specification only, no entrypoint",no execution backend declared (catalogue metadata only),"none possible - these are specifications for a host agent, not callables",MIT,vendor,0,,,K-Dense-scientific-agent-skills/skills/scikit-learn/SKILL.md
k-dense.skill.scikit-survival,scikit-survival,skill,K-Dense,general,none,UNAVAILABLE,False,"DECLARATIVE - specification only, no entrypoint",no execution backend declared (catalogue metadata only),"none possible - these are specifications for a host agent, not callables",MIT,vendor,0,,,K-Dense-scientific-agent-skills/skills/scikit-survival/SKILL.md
k-dense.skill.scvelo,scvelo,skill,K-Dense,scrnaseq,none,UNAVAILABLE,False,"DECLARATIVE - specification only, no entrypoint",no execution backend declared (catalogue metadata only),"none possible - these are specifications for a host agent, not callables",MIT,vendor,0,,,K-Dense-scientific-agent-skills/skills/scvelo/SKILL.md
k-dense.skill.scvi-tools,scvi-tools,skill,K-Dense,scrnaseq,none,UNAVAILABLE,False,"DECLARATIVE - specification only, no entrypoint",no execution backend declared (catalogue metadata only),"none possible - these are specifications for a host agent, not callables",MIT,vendor,0,,,K-Dense-scientific-agent-skills/skills/scvi-tools/SKILL.md
k-dense.skill.seaborn,seaborn,skill,K-Dense,general,none,UNAVAILABLE,False,"DECLARATIVE - specification only, no entrypoint",no execution backend declared (catalogue metadata only),"none possible - these are specifications for a host agent, not callables",MIT,vendor,0,,,K-Dense-scientific-agent-skills/skills/seaborn/SKILL.md
k-dense.skill.shap,shap,skill,K-Dense,general,none,UNAVAILABLE,False,"DECLARATIVE - specification only, no entrypoint",no execution backend declared (catalogue metadata only),"none possible - these are specifications for a host agent, not callables",MIT,vendor,0,,,K-Dense-scientific-agent-skills/skills/shap/SKILL.md
k-dense.skill.simpy,simpy,skill,K-Dense,general,none,UNAVAILABLE,False,"DECLARATIVE - specification only, no entrypoint",no execution backend declared (catalogue metadata only),"none possible - these are specifications for a host agent, not callables",MIT,vendor,0,,,K-Dense-scientific-agent-skills/skills/simpy/SKILL.md
k-dense.skill.stable-baselines3,stable-baselines3,skill,K-Dense,general,none,UNAVAILABLE,False,"DECLARATIVE - specification only, no entrypoint",no execution backend declared (catalogue metadata only),"none possible - these are specifications for a host agent, not callables",MIT,vendor,0,,,K-Dense-scientific-agent-skills/skills/stable-baselines3/SKILL.md
k-dense.skill.statistical-analysis,statistical-analysis,skill,K-Dense,general,none,UNAVAILABLE,False,"DECLARATIVE - specification only, no entrypoint",no execution backend declared (catalogue metadata only),"none possible - these are specifications for a host agent, not callables",MIT,vendor,0,,,K-Dense-scientific-agent-skills/skills/statistical-analysis/SKILL.md
k-dense.skill.statistical-power,statistical-power,skill,K-Dense,clinical,none,UNAVAILABLE,False,"DECLARATIVE - specification only, no entrypoint",no execution backend declared (catalogue metadata only),"none possible - these are specifications for a host agent, not callables",MIT,vendor,0,,,K-Dense-scientific-agent-skills/skills/statistical-power/SKILL.md
k-dense.skill.statsmodels,statsmodels,skill,K-Dense,general,none,UNAVAILABLE,False,"DECLARATIVE - specification only, no entrypoint",no execution backend declared (catalogue metadata only),"none possible - these are specifications for a host agent, not callables",MIT,vendor,0,,,K-Dense-scientific-agent-skills/skills/statsmodels/SKILL.md
k-dense.skill.sympy,sympy,skill,K-Dense,general,none,UNAVAILABLE,False,"DECLARATIVE - specification only, no entrypoint",no execution backend declared (catalogue metadata only),"none possible - these are specifications for a host agent, not callables",MIT,vendor,0,,,K-Dense-scientific-agent-skills/skills/sympy/SKILL.md
k-dense.skill.tamarind,tamarind,skill,K-Dense,proteomics,none,UNAVAILABLE,False,"DECLARATIVE - specification only, no entrypoint",no execution backend declared (catalogue metadata only),"none possible - these are specifications for a host agent, not callables",MIT,vendor,0,,,K-Dense-scientific-agent-skills/skills/tamarind/SKILL.md
k-dense.skill.tiledbvcf,tiledbvcf,skill,K-Dense,wgs,none,UNAVAILABLE,False,"DECLARATIVE - specification only, no entrypoint",no execution backend declared (catalogue metadata only),"none possible - these are specifications for a host agent, not callables",MIT,vendor,0,,,K-Dense-scientific-agent-skills/skills/tiledbvcf/SKILL.md
k-dense.skill.timesfm-forecasting,timesfm-forecasting,skill,K-Dense,general,none,UNAVAILABLE,False,"DECLARATIVE - specification only, no entrypoint",no execution backend declared (catalogue metadata only),"none possible - these are specifications for a host agent, not callables",MIT,vendor,0,,,K-Dense-scientific-agent-skills/skills/timesfm-forecasting/SKILL.md
k-dense.skill.torch-geometric,torch-geometric,skill,K-Dense,chemistry,none,UNAVAILABLE,False,"DECLARATIVE - specification only, no entrypoint",no execution backend declared (catalogue metadata only),"none possible - these are specifications for a host agent, not callables",MIT,vendor,0,,,K-Dense-scientific-agent-skills/skills/torch-geometric/SKILL.md
k-dense.skill.torchdrug,torchdrug,skill,K-Dense,chemistry,none,UNAVAILABLE,False,"DECLARATIVE - specification only, no entrypoint",no execution backend declared (catalogue metadata only),"none possible - these are specifications for a host agent, not callables",MIT,vendor,0,,,K-Dense-scientific-agent-skills/skills/torchdrug/SKILL.md
k-dense.skill.transformers,transformers,skill,K-Dense,general,none,UNAVAILABLE,False,"DECLARATIVE - specification only, no entrypoint",no execution backend declared (catalogue metadata only),"none possible - these are specifications for a host agent, not callables",MIT,vendor,0,,,K-Dense-scientific-agent-skills/skills/transformers/SKILL.md
k-dense.skill.treatment-plans,treatment-plans,skill,K-Dense,clinical,none,UNAVAILABLE,False,"DECLARATIVE - specification only, no entrypoint",no execution backend declared (catalogue metadata only),"none possible - these are specifications for a host agent, not callables",MIT,vendor,0,,,K-Dense-scientific-agent-skills/skills/treatment-plans/SKILL.md
k-dense.skill.umap-learn,umap-learn,skill,K-Dense,general,none,UNAVAILABLE,False,"DECLARATIVE - specification only, no entrypoint",no execution backend declared (catalogue metadata only),"none possible - these are specifications for a host agent, not callables",MIT,vendor,0,,,K-Dense-scientific-agent-skills/skills/umap-learn/SKILL.md
k-dense.skill.uncertainty-and-units,uncertainty-and-units,skill,K-Dense,general,none,UNAVAILABLE,False,"DECLARATIVE - specification only, no entrypoint",no execution backend declared (catalogue metadata only),"none possible - these are specifications for a host agent, not callables",MIT,vendor,0,,,K-Dense-scientific-agent-skills/skills/uncertainty-and-units/SKILL.md
k-dense.skill.usfiscaldata,usfiscaldata,skill,K-Dense,general,none,UNAVAILABLE,False,"DECLARATIVE - specification only, no entrypoint",no execution backend declared (catalogue metadata only),"none possible - these are specifications for a host agent, not callables",MIT,vendor,0,,,K-Dense-scientific-agent-skills/skills/usfiscaldata/SKILL.md
k-dense.skill.vaex,vaex,skill,K-Dense,general,none,UNAVAILABLE,False,"DECLARATIVE - specification only, no entrypoint",no execution backend declared (catalogue metadata only),"none possible - these are specifications for a host agent, not callables",MIT,vendor,0,,,K-Dense-scientific-agent-skills/skills/vaex/SKILL.md
k-dense.skill.venue-templates,venue-templates,skill,K-Dense,literature,none,UNAVAILABLE,False,"DECLARATIVE - specification only, no entrypoint",no execution backend declared (catalogue metadata only),"none possible - these are specifications for a host agent, not callables",MIT,vendor,0,,,K-Dense-scientific-agent-skills/skills/venue-templates/SKILL.md
k-dense.skill.what-if-oracle,what-if-oracle,skill,K-Dense,general,none,UNAVAILABLE,False,"DECLARATIVE - specification only, no entrypoint",no execution backend declared (catalogue metadata only),"none possible - these are specifications for a host agent, not callables",MIT,vendor,0,,,K-Dense-scientific-agent-skills/skills/what-if-oracle/SKILL.md
k-dense.skill.xlsx,xlsx,skill,K-Dense,general,none,UNAVAILABLE,False,"DECLARATIVE - specification only, no entrypoint",no execution backend declared (catalogue metadata only),"none possible - these are specifications for a host agent, not callables",MIT,vendor,0,,,K-Dense-scientific-agent-skills/skills/xlsx/SKILL.md
k-dense.skill.zarr-python,zarr-python,skill,K-Dense,general,none,UNAVAILABLE,False,"DECLARATIVE - specification only, no entrypoint",no execution backend declared (catalogue metadata only),"none possible - these are specifications for a host agent, not callables",MIT,vendor,0,,,K-Dense-scientific-agent-skills/skills/zarr-python/SKILL.md
origene.agent_role.toolexecutor,ToolExecutor,agent_role,OriGene,general,none,UNAVAILABLE,False,"DECLARATIVE - specification only, no entrypoint",no execution backend declared (catalogue metadata only),"none possible - these are specifications for a host agent, not callables",NOASSERTION,federated,0,,,OriGene/src/local_deep_research/tool_executor.py
origene.agent_role.toolparseagent,ToolParseAgent,agent_role,OriGene,general,none,UNAVAILABLE,False,"DECLARATIVE - specification only, no entrypoint",no execution backend declared (catalogue metadata only),"none possible - these are specifications for a host agent, not callables",NOASSERTION,federated,0,,,OriGene/src/local_deep_research/evidence_parser.py
pantheonos.agent_role.analysis_expert,analysis_expert,agent_role,PantheonOS,scrnaseq,none,UNAVAILABLE,False,"DECLARATIVE - specification only, no entrypoint",no execution backend declared (catalogue metadata only),"none possible - these are specifications for a host agent, not callables",BSD-2-Clause,vendor,0,,,PantheonOS_src/pantheon/factory/templates/agents/single_cell/analysis_expert.md
pantheonos.agent_role.auditor,auditor,agent_role,PantheonOS,literature,none,UNAVAILABLE,False,"DECLARATIVE - specification only, no entrypoint",no execution backend declared (catalogue metadata only),"none possible - these are specifications for a host agent, not callables",BSD-2-Clause,vendor,0,,,PantheonOS_src/pantheon/factory/templates/agents/rare_disease/auditor.md
pantheonos.agent_role.biologist,biologist,agent_role,PantheonOS,scrnaseq,none,UNAVAILABLE,False,"DECLARATIVE - specification only, no entrypoint",no execution backend declared (catalogue metadata only),"none possible - these are specifications for a host agent, not callables",BSD-2-Clause,vendor,0,,,PantheonOS_src/pantheon/factory/templates/agents/single_cell/biologist.md
pantheonos.agent_role.browser_use,browser_use,agent_role,PantheonOS,literature,none,UNAVAILABLE,False,"DECLARATIVE - specification only, no entrypoint",no execution backend declared (catalogue metadata only),"none possible - these are specifications for a host agent, not callables",BSD-2-Clause,vendor,0,,,PantheonOS_src/pantheon/factory/templates/agents/single_cell/browser_use.md
pantheonos.agent_role.code-evolution-team,Code Evolution Team,agent_role,PantheonOS,general,none,UNAVAILABLE,False,"DECLARATIVE - specification only, no entrypoint",no execution backend declared (catalogue metadata only),"none possible - these are specifications for a host agent, not callables",BSD-2-Clause,vendor,0,,,PantheonOS_src/pantheon/factory/templates/teams/evolution_team.md
pantheonos.agent_role.conventions,conventions,agent_role,PantheonOS,scrnaseq,none,UNAVAILABLE,False,"DECLARATIVE - specification only, no entrypoint",no execution backend declared (catalogue metadata only),"none possible - these are specifications for a host agent, not callables",BSD-2-Clause,vendor,0,,,PantheonOS_src/.agents/conventions.md
pantheonos.agent_role.fm_router,fm_router,agent_role,PantheonOS,scrnaseq,none,UNAVAILABLE,False,"DECLARATIVE - specification only, no entrypoint",no execution backend declared (catalogue metadata only),"none possible - these are specifications for a host agent, not callables",BSD-2-Clause,vendor,0,,,PantheonOS_src/pantheon/factory/templates/agents/single_cell/fm_router.md
pantheonos.agent_role.general-team,General Team,agent_role,PantheonOS,imaging,none,UNAVAILABLE,False,"DECLARATIVE - specification only, no entrypoint",no execution backend declared (catalogue metadata only),"none possible - these are specifications for a host agent, not callables",BSD-2-Clause,vendor,0,,,PantheonOS_src/pantheon/factory/templates/teams/default.md
pantheonos.agent_role.leader,leader,agent_role,PantheonOS,literature,none,UNAVAILABLE,False,"DECLARATIVE - specification only, no entrypoint",no execution backend declared (catalogue metadata only),"none possible - these are specifications for a host agent, not callables",BSD-2-Clause,vendor,0,,,PantheonOS_src/pantheon/factory/templates/agents/paper_write/leader.md
pantheonos.agent_role.memory-learning-systems,memory-learning-systems,agent_role,PantheonOS,general,none,UNAVAILABLE,False,"DECLARATIVE - specification only, no entrypoint",no execution backend declared (catalogue metadata only),"none possible - these are specifications for a host agent, not callables",BSD-2-Clause,vendor,0,,,PantheonOS_src/.agents/memory-learning-systems.md
pantheonos.agent_role.omicverse-expert,OmicVerse Expert,agent_role,PantheonOS,scrnaseq,none,UNAVAILABLE,False,"DECLARATIVE - specification only, no entrypoint",no execution backend declared (catalogue metadata only),"none possible - these are specifications for a host agent, not callables",BSD-2-Clause,vendor,0,,,PantheonOS_src/pantheon/factory/templates/agents/omicverse_expert.md
pantheonos.agent_role.omicverse-leader,OmicVerse Leader,agent_role,PantheonOS,literature,none,UNAVAILABLE,False,"DECLARATIVE - specification only, no entrypoint",no execution backend declared (catalogue metadata only),"none possible - these are specifications for a host agent, not callables",BSD-2-Clause,vendor,0,,,PantheonOS_src/pantheon/factory/templates/agents/omicverse_leader.md
pantheonos.agent_role.omicverse-team,OmicVerse Team,agent_role,PantheonOS,scrnaseq,none,UNAVAILABLE,False,"DECLARATIVE - specification only, no entrypoint",no execution backend declared (catalogue metadata only),"none possible - these are specifications for a host agent, not callables",BSD-2-Clause,vendor,0,,,PantheonOS_src/pantheon/factory/templates/teams/omicverse_team.md
pantheonos.agent_role.overview,overview,agent_role,PantheonOS,scrnaseq,none,UNAVAILABLE,False,"DECLARATIVE - specification only, no entrypoint",no execution backend declared (catalogue metadata only),"none possible - these are specifications for a host agent, not callables",BSD-2-Clause,vendor,0,,,PantheonOS_src/.agents/overview.md
pantheonos.agent_role.package-developer,Package Developer,agent_role,PantheonOS,general,none,UNAVAILABLE,False,"DECLARATIVE - specification only, no entrypoint",no execution backend declared (catalogue metadata only),"none possible - these are specifications for a host agent, not callables",BSD-2-Clause,vendor,0,,,PantheonOS_src/pantheon/factory/templates/agents/package_developer.md
pantheonos.agent_role.paper-write-team,Paper Write Team,agent_role,PantheonOS,literature,none,UNAVAILABLE,False,"DECLARATIVE - specification only, no entrypoint",no execution backend declared (catalogue metadata only),"none possible - these are specifications for a host agent, not callables",BSD-2-Clause,vendor,0,,,PantheonOS_src/pantheon/factory/templates/teams/paper_write_team.md
pantheonos.agent_role.rare-disease-mdt-copilot,Rare Disease MDT Copilot,agent_role,PantheonOS,wgs,none,UNAVAILABLE,False,"DECLARATIVE - specification only, no entrypoint",no execution backend declared (catalogue metadata only),"none possible - these are specifications for a host agent, not callables",BSD-2-Clause,vendor,0,,,PantheonOS_src/pantheon/factory/templates/teams/rare_disease_team.md
pantheonos.agent_role.readme,README,agent_role,PantheonOS,general,none,UNAVAILABLE,False,"DECLARATIVE - specification only, no entrypoint",no execution backend declared (catalogue metadata only),"none possible - these are specifications for a host agent, not callables",BSD-2-Clause,vendor,0,,,PantheonOS_src/.agents/README.md
pantheonos.agent_role.reporter,reporter,agent_role,PantheonOS,general,none,UNAVAILABLE,False,"DECLARATIVE - specification only, no entrypoint",no execution backend declared (catalogue metadata only),"none possible - these are specifications for a host agent, not callables",BSD-2-Clause,vendor,0,,,PantheonOS_src/pantheon/factory/templates/agents/paper_write/reporter.md
pantheonos.agent_role.researcher,Researcher,agent_role,PantheonOS,literature,none,UNAVAILABLE,False,"DECLARATIVE - specification only, no entrypoint",no execution backend declared (catalogue metadata only),"none possible - these are specifications for a host agent, not callables",BSD-2-Clause,vendor,0,,,PantheonOS_src/pantheon/factory/templates/agents/rare_disease/researcher.md
pantheonos.agent_role.scientific-illustrator,Scientific Illustrator,agent_role,PantheonOS,scrnaseq,none,UNAVAILABLE,False,"DECLARATIVE - specification only, no entrypoint",no execution backend declared (catalogue metadata only),"none possible - these are specifications for a host agent, not callables",BSD-2-Clause,vendor,0,,,PantheonOS_src/pantheon/factory/templates/agents/scientific_illustrator.md
pantheonos.agent_role.single-cell-analysis-team,Single Cell Analysis Team,agent_role,PantheonOS,scrnaseq,none,UNAVAILABLE,False,"DECLARATIVE - specification only, no entrypoint",no execution backend declared (catalogue metadata only),"none possible - these are specifications for a host agent, not callables",BSD-2-Clause,vendor,0,,,PantheonOS_src/pantheon/factory/templates/teams/single_cell_team.md
pantheonos.agent_role.system_manager,system_manager,agent_role,PantheonOS,scrnaseq,none,UNAVAILABLE,False,"DECLARATIVE - specification only, no entrypoint",no execution backend declared (catalogue metadata only),"none possible - these are specifications for a host agent, not callables",BSD-2-Clause,vendor,0,,,PantheonOS_src/pantheon/factory/templates/agents/single_cell/system_manager.md
pantheonos.agent_role.writer,writer,agent_role,PantheonOS,proteomics,none,UNAVAILABLE,False,"DECLARATIVE - specification only, no entrypoint",no execution backend declared (catalogue metadata only),"none possible - these are specifications for a host agent, not callables",BSD-2-Clause,vendor,0,,,PantheonOS_src/pantheon/factory/templates/agents/paper_write/writer.md
pantheonos.skill.2d-small-molecules-with-rdkit-js,2D Small Molecules with RDKit-JS,skill,PantheonOS,chemistry,none,UNAVAILABLE,False,"DECLARATIVE - specification only, no entrypoint",no execution backend declared (catalogue metadata only),"none possible - these are specifications for a host agent, not callables",BSD-2-Clause,vendor,0,,,PantheonOS_src/pantheon/factory/templates/skills/live_view/rdkit/rdkit.md
pantheonos.skill.3d-spatial-data-visualization,3D Spatial Data Visualization,skill,PantheonOS,scrnaseq,none,UNAVAILABLE,False,"DECLARATIVE - specification only, no entrypoint",no execution backend declared (catalogue metadata only),"none possible - these are specifications for a host agent, not callables",BSD-2-Clause,vendor,0,,,PantheonOS_src/pantheon/factory/templates/skills/omics/spatial/visualize_3d_spatial.md
pantheonos.skill.3d-spatial-transcriptomics-liveview,3D Spatial Transcriptomics LiveView,skill,PantheonOS,scrnaseq,none,UNAVAILABLE,False,"DECLARATIVE - specification only, no entrypoint",no execution backend declared (catalogue metadata only),"none possible - these are specifications for a host agent, not callables",BSD-2-Clause,vendor,0,,,PantheonOS_src/pantheon/factory/templates/skills/live_view/spatial3d/spatial3d.md
pantheonos.skill.3d-volume-mip-iso-liveview,3D Volume (MIP / ISO) LiveView,skill,PantheonOS,spatial,none,UNAVAILABLE,False,"DECLARATIVE - specification only, no entrypoint",no execution backend declared (catalogue metadata only),"none possible - these are specifications for a host agent, not callables",BSD-2-Clause,vendor,0,,,PantheonOS_src/pantheon/factory/templates/skills/live_view/volume3d/volume3d.md
pantheonos.skill.4dn-nucleome-portal-3d-genome-data,4DN Nucleome Portal — 3D Genome Data,skill,PantheonOS,scrnaseq,none,UNAVAILABLE,False,"DECLARATIVE - specification only, no entrypoint",no execution backend declared (catalogue metadata only),"none possible - these are specifications for a host agent, not callables",BSD-2-Clause,vendor,0,,,PantheonOS_src/pantheon/factory/templates/skills/omics/database_access/fourdn.md
pantheonos.skill.abstract-writing-best-practices,Abstract Writing Best Practices,skill,PantheonOS,scrnaseq,none,UNAVAILABLE,False,"DECLARATIVE - specification only, no entrypoint",no execution backend declared (catalogue metadata only),"none possible - these are specifications for a host agent, not callables",BSD-2-Clause,vendor,0,,,PantheonOS_src/pantheon/factory/templates/skills/paper_writing/writing/abstract.md
pantheonos.skill.aidocell,aidocell,skill,PantheonOS,scrnaseq,none,UNAVAILABLE,False,"DECLARATIVE - specification only, no entrypoint",no execution backend declared (catalogue metadata only),"none possible - these are specifications for a host agent, not callables",BSD-2-Clause,vendor,0,,,PantheonOS_src/pantheon/factory/templates/skills/omics/scfm/_docs/models/aidocell.md
pantheonos.skill.atacformer,atacformer,skill,PantheonOS,scrnaseq,none,UNAVAILABLE,False,"DECLARATIVE - specification only, no entrypoint",no execution backend declared (catalogue metadata only),"none possible - these are specifications for a host agent, not callables",BSD-2-Clause,vendor,0,,,PantheonOS_src/pantheon/factory/templates/skills/omics/scfm/_docs/models/atacformer.md
pantheonos.skill.atrium-desktop-driving-apps,Atrium Desktop — driving apps,skill,PantheonOS,chemistry,none,UNAVAILABLE,False,"DECLARATIVE - specification only, no entrypoint",no execution backend declared (catalogue metadata only),"none possible - these are specifications for a host agent, not callables",BSD-2-Clause,vendor,0,,,PantheonOS_src/pantheon/factory/templates/skills/desktop/SKILL.md
pantheonos.skill.bio-image-processing-skills-index,Bio Image Processing Skills Index,skill,PantheonOS,imaging,none,UNAVAILABLE,False,"DECLARATIVE - specification only, no entrypoint",no execution backend declared (catalogue metadata only),"none possible - these are specifications for a host agent, not callables",BSD-2-Clause,vendor,0,,,PantheonOS_src/pantheon/factory/templates/skills/bio_image_processing/SKILL.md
pantheonos.skill.biological-networks-with-cytoscape.js,Biological Networks with Cytoscape.js,skill,PantheonOS,chemistry,none,UNAVAILABLE,False,"DECLARATIVE - specification only, no entrypoint",no execution backend declared (catalogue metadata only),"none possible - these are specifications for a host agent, not callables",BSD-2-Clause,vendor,0,,,PantheonOS_src/pantheon/factory/templates/skills/live_view/cytoscape/cytoscape.md
pantheonos.skill.cell-segmentation-skills-index,Cell Segmentation Skills Index,skill,PantheonOS,imaging,none,UNAVAILABLE,False,"DECLARATIVE - specification only, no entrypoint",no execution backend declared (catalogue metadata only),"none possible - these are specifications for a host agent, not callables",BSD-2-Clause,vendor,0,,,PantheonOS_src/pantheon/factory/templates/skills/bio_image_processing/segmentation/SKILL.md
pantheonos.skill.cell-segmentation-with-cellpose,Cell Segmentation with Cellpose,skill,PantheonOS,imaging,none,UNAVAILABLE,False,"DECLARATIVE - specification only, no entrypoint",no execution backend declared (catalogue metadata only),"none possible - these are specifications for a host agent, not callables",BSD-2-Clause,vendor,0,,,PantheonOS_src/pantheon/factory/templates/skills/bio_image_processing/segmentation/cellpose.md
pantheonos.skill.cell-segmentation-with-instanseg,Cell Segmentation with InstanSeg,skill,PantheonOS,imaging,none,UNAVAILABLE,False,"DECLARATIVE - specification only, no entrypoint",no execution backend declared (catalogue metadata only),"none possible - these are specifications for a host agent, not callables",BSD-2-Clause,vendor,0,,,PantheonOS_src/pantheon/factory/templates/skills/bio_image_processing/segmentation/instanseg.md
pantheonos.skill.cell-trajectory-inference,Cell Trajectory Inference,skill,PantheonOS,scrnaseq,none,UNAVAILABLE,False,"DECLARATIVE - specification only, no entrypoint",no execution backend declared (catalogue metadata only),"none possible - these are specifications for a host agent, not callables",BSD-2-Clause,vendor,0,,,PantheonOS_src/pantheon/factory/templates/skills/omics/single_cell/trajectory_inference.md
pantheonos.skill.cell-type-annotation,Cell Type Annotation,skill,PantheonOS,scrnaseq,none,UNAVAILABLE,False,"DECLARATIVE - specification only, no entrypoint",no execution backend declared (catalogue metadata only),"none possible - these are specifications for a host agent, not callables",BSD-2-Clause,vendor,0,,,PantheonOS_src/pantheon/factory/templates/skills/omics/single_cell/cell_type_annotation.md
pantheonos.skill.cell2sentence,cell2sentence,skill,PantheonOS,scrnaseq,none,UNAVAILABLE,False,"DECLARATIVE - specification only, no entrypoint",no execution backend declared (catalogue metadata only),"none possible - these are specifications for a host agent, not callables",BSD-2-Clause,vendor,0,,,PantheonOS_src/pantheon/factory/templates/skills/omics/scfm/_docs/models/cell2sentence.md
pantheonos.skill.cellfm,cellfm,skill,PantheonOS,scrnaseq,none,UNAVAILABLE,False,"DECLARATIVE - specification only, no entrypoint",no execution backend declared (catalogue metadata only),"none possible - these are specifications for a host agent, not callables",BSD-2-Clause,vendor,0,,,PantheonOS_src/pantheon/factory/templates/skills/omics/scfm/_docs/models/cellfm.md
pantheonos.skill.cellplm,cellplm,skill,PantheonOS,scrnaseq,none,UNAVAILABLE,False,"DECLARATIVE - specification only, no entrypoint",no execution backend declared (catalogue metadata only),"none possible - these are specifications for a host agent, not callables",BSD-2-Clause,vendor,0,,,PantheonOS_src/pantheon/factory/templates/skills/omics/scfm/_docs/models/cellplm.md
pantheonos.skill.chatcell,chatcell,skill,PantheonOS,scrnaseq,none,UNAVAILABLE,False,"DECLARATIVE - specification only, no entrypoint",no execution backend declared (catalogue metadata only),"none possible - these are specifications for a host agent, not callables",BSD-2-Clause,vendor,0,,,PantheonOS_src/pantheon/factory/templates/skills/omics/scfm/_docs/models/chatcell.md
pantheonos.skill.checkpoint_layout,checkpoint_layout,skill,PantheonOS,general,none,UNAVAILABLE,False,"DECLARATIVE - specification only, no entrypoint",no execution backend declared (catalogue metadata only),"none possible - these are specifications for a host agent, not callables",BSD-2-Clause,vendor,0,,,PantheonOS_src/pantheon/factory/templates/skills/omics/scfm/_docs/checkpoint_layout.md
pantheonos.skill.chinese-latex-template,Chinese LaTeX Template,skill,PantheonOS,literature,none,UNAVAILABLE,False,"DECLARATIVE - specification only, no entrypoint",no execution backend declared (catalogue metadata only),"none possible - these are specifications for a host agent, not callables",BSD-2-Clause,vendor,0,,,PantheonOS_src/pantheon/factory/templates/skills/paper_writing/latex_cn.md
pantheonos.skill.claim-evidence-citation-grounding-check,Claim-Evidence + Citation Grounding Check,skill,PantheonOS,literature,none,UNAVAILABLE,False,"DECLARATIVE - specification only, no entrypoint",no execution backend declared (catalogue metadata only),"none possible - these are specifications for a host agent, not callables",BSD-2-Clause,vendor,0,,,PantheonOS_src/pantheon/factory/templates/skills/paper_writing/writing/claim_evidence_check.md
pantheonos.skill.clinical-genetics-report-format,Clinical Genetics Report Format,skill,PantheonOS,clinical,none,UNAVAILABLE,False,"DECLARATIVE - specification only, no entrypoint",no execution backend declared (catalogue metadata only),"none possible - these are specifications for a host agent, not callables",BSD-2-Clause,vendor,0,,,PantheonOS_src/pantheon/factory/templates/skills/rare_disease/clinical_report_format.md
pantheonos.skill.conference-paper-scenario,Conference Paper Scenario,skill,PantheonOS,literature,none,UNAVAILABLE,False,"DECLARATIVE - specification only, no entrypoint",no execution backend declared (catalogue metadata only),"none possible - these are specifications for a host agent, not callables",BSD-2-Clause,vendor,0,,,PantheonOS_src/pantheon/factory/templates/skills/paper_writing/scenarios/conference_paper.md
pantheonos.skill.conference-talk-scenario,Conference Talk Scenario,skill,PantheonOS,general,none,UNAVAILABLE,False,"DECLARATIVE - specification only, no entrypoint",no execution backend declared (catalogue metadata only),"none possible - these are specifications for a host agent, not callables",BSD-2-Clause,vendor,0,,,PantheonOS_src/pantheon/factory/templates/skills/paper_writing/scenarios/conference_talk.md
pantheonos.skill.cz-cellxgene-census-single-cell-data-access,CZ CELLxGENE Census: Single-Cell Data Access,skill,PantheonOS,scrnaseq,none,UNAVAILABLE,False,"DECLARATIVE - specification only, no entrypoint",no execution backend declared (catalogue metadata only),"none possible - these are specifications for a host agent, not callables",BSD-2-Clause,vendor,0,,,PantheonOS_src/pantheon/factory/templates/skills/omics/database_access/cellxgene_census.md
pantheonos.skill.database-access-skills-index,Database Access Skills Index,skill,PantheonOS,scrnaseq,none,UNAVAILABLE,False,"DECLARATIVE - specification only, no entrypoint",no execution backend declared (catalogue metadata only),"none possible - these are specifications for a host agent, not callables",BSD-2-Clause,vendor,0,,,PantheonOS_src/pantheon/factory/templates/skills/omics/database_access/SKILL.md
pantheonos.skill.designed-genomic-figures-with-gosling.js,Designed Genomic Figures with Gosling.js,skill,PantheonOS,wgs,none,UNAVAILABLE,False,"DECLARATIVE - specification only, no entrypoint",no execution backend declared (catalogue metadata only),"none possible - these are specifications for a host agent, not callables",BSD-2-Clause,vendor,0,,,PantheonOS_src/pantheon/factory/templates/skills/live_view/gosling/gosling.md
pantheonos.skill.developmental-gene-panel-design-workflow,Developmental Gene Panel Design Workflow,skill,PantheonOS,scrnaseq,none,UNAVAILABLE,False,"DECLARATIVE - specification only, no entrypoint",no execution backend declared (catalogue metadata only),"none possible - these are specifications for a host agent, not callables",BSD-2-Clause,vendor,0,,,PantheonOS_src/pantheon/factory/templates/skills/omics/developmental_gene_panel/SKILL.md
pantheonos.skill.discussion-writing-best-practices,Discussion Writing Best Practices,skill,PantheonOS,scrnaseq,none,UNAVAILABLE,False,"DECLARATIVE - specification only, no entrypoint",no execution backend declared (catalogue metadata only),"none possible - these are specifications for a host agent, not callables",BSD-2-Clause,vendor,0,,,PantheonOS_src/pantheon/factory/templates/skills/paper_writing/writing/discussion.md
pantheonos.skill.encode-portal-functional-genomics-tracks,ENCODE Portal — Functional Genomics Tracks,skill,PantheonOS,scrnaseq,none,UNAVAILABLE,False,"DECLARATIVE - specification only, no entrypoint",no execution backend declared (catalogue metadata only),"none possible - these are specifications for a host agent, not callables",BSD-2-Clause,vendor,0,,,PantheonOS_src/pantheon/factory/templates/skills/omics/database_access/encode.md
pantheonos.skill.english-latex-template,English LaTeX Template,skill,PantheonOS,literature,none,UNAVAILABLE,False,"DECLARATIVE - specification only, no entrypoint",no execution backend declared (catalogue metadata only),"none possible - these are specifications for a host agent, not callables",BSD-2-Clause,vendor,0,,,PantheonOS_src/pantheon/factory/templates/skills/paper_writing/latex_en.md
pantheonos.skill.environment-management,Environment Management,skill,PantheonOS,scrnaseq,none,UNAVAILABLE,False,"DECLARATIVE - specification only, no entrypoint",no execution backend declared (catalogue metadata only),"none possible - these are specifications for a host agent, not callables",BSD-2-Clause,vendor,0,,,PantheonOS_src/pantheon/factory/templates/skills/omics/general_data_analysis/environment_management.md
pantheonos.skill.evidence-bound-section-drafting,Evidence-Bound Section Drafting,skill,PantheonOS,literature,none,UNAVAILABLE,False,"DECLARATIVE - specification only, no entrypoint",no execution backend declared (catalogue metadata only),"none possible - these are specifications for a host agent, not callables",BSD-2-Clause,vendor,0,,,PantheonOS_src/pantheon/factory/templates/skills/paper_writing/writing/SKILL.md
pantheonos.skill.figure,figure,skill,PantheonOS,imaging,none,UNAVAILABLE,False,"DECLARATIVE - specification only, no entrypoint",no execution backend declared (catalogue metadata only),"none possible - these are specifications for a host agent, not callables",BSD-2-Clause,vendor,0,,,PantheonOS_src/pantheon/factory/templates/skills/figure_styling/figure.md
pantheonos.skill.figure-styling-skills-index,Figure Styling Skills Index,skill,PantheonOS,wgs,none,UNAVAILABLE,False,"DECLARATIVE - specification only, no entrypoint",no execution backend declared (catalogue metadata only),"none possible - these are specifications for a host agent, not callables",BSD-2-Clause,vendor,0,,,PantheonOS_src/pantheon/factory/templates/skills/figure_styling/SKILL.md
pantheonos.skill.flowchart,flowchart,skill,PantheonOS,imaging,none,UNAVAILABLE,False,"DECLARATIVE - specification only, no entrypoint",no execution backend declared (catalogue metadata only),"none possible - these are specifications for a host agent, not callables",BSD-2-Clause,vendor,0,,,PantheonOS_src/pantheon/factory/templates/skills/figure_styling/flowchart.md
pantheonos.skill.gdc-tcga-cancer-genomics-portal,GDC / TCGA — Cancer Genomics Portal,skill,PantheonOS,bulk_rnaseq,none,UNAVAILABLE,False,"DECLARATIVE - specification only, no entrypoint",no execution backend declared (catalogue metadata only),"none possible - these are specifications for a host agent, not callables",BSD-2-Clause,vendor,0,,,PantheonOS_src/pantheon/factory/templates/skills/omics/database_access/gdc.md
pantheonos.skill.gene-panel-selection-workflow,Gene Panel Selection Workflow,skill,PantheonOS,scrnaseq,none,UNAVAILABLE,False,"DECLARATIVE - specification only, no entrypoint",no execution backend declared (catalogue metadata only),"none possible - these are specifications for a host agent, not callables",BSD-2-Clause,vendor,0,,,PantheonOS_src/pantheon/factory/templates/skills/omics/gene_panel_selection/SKILL.md
pantheonos.skill.genecompass,genecompass,skill,PantheonOS,scrnaseq,none,UNAVAILABLE,False,"DECLARATIVE - specification only, no entrypoint",no execution backend declared (catalogue metadata only),"none possible - these are specifications for a host agent, not callables",BSD-2-Clause,vendor,0,,,PantheonOS_src/pantheon/factory/templates/skills/omics/scfm/_docs/models/genecompass.md
pantheonos.skill.genept,genept,skill,PantheonOS,scrnaseq,none,UNAVAILABLE,False,"DECLARATIVE - specification only, no entrypoint",no execution backend declared (catalogue metadata only),"none possible - these are specifications for a host agent, not callables",BSD-2-Clause,vendor,0,,,PantheonOS_src/pantheon/factory/templates/skills/omics/scfm/_docs/models/genept.md
pantheonos.skill.general-data-analysis-skills-index,General Data Analysis Skills Index,skill,PantheonOS,general,none,UNAVAILABLE,False,"DECLARATIVE - specification only, no entrypoint",no execution backend declared (catalogue metadata only),"none possible - these are specifications for a host agent, not callables",BSD-2-Clause,vendor,0,,,PantheonOS_src/pantheon/factory/templates/skills/omics/general_data_analysis/SKILL.md
pantheonos.skill.generate-an-agent-controllable-liveview-app,Generate an Agent-Controllable LiveView App,skill,PantheonOS,scrnaseq,none,UNAVAILABLE,False,"DECLARATIVE - specification only, no entrypoint",no execution backend declared (catalogue metadata only),"none possible - these are specifications for a host agent, not callables",BSD-2-Clause,vendor,0,,,PantheonOS_src/pantheon/factory/templates/skills/live_view/live-view-app.md
pantheonos.skill.gget-genomic-database-querying,gget: Genomic Database Querying,skill,PantheonOS,bulk_rnaseq,none,UNAVAILABLE,False,"DECLARATIVE - specification only, no entrypoint",no execution backend declared (catalogue metadata only),"none possible - these are specifications for a host agent, not callables",BSD-2-Clause,vendor,0,,,PantheonOS_src/pantheon/factory/templates/skills/omics/database_access/gget.md
pantheonos.skill.grant-proposal-scenario,Grant Proposal Scenario,skill,PantheonOS,literature,none,UNAVAILABLE,False,"DECLARATIVE - specification only, no entrypoint",no execution backend declared (catalogue metadata only),"none possible - these are specifications for a host agent, not callables",BSD-2-Clause,vendor,0,,,PantheonOS_src/pantheon/factory/templates/skills/paper_writing/scenarios/grant_proposal.md
pantheonos.skill.graphical-abstract,graphical-abstract,skill,PantheonOS,chemistry,none,UNAVAILABLE,False,"DECLARATIVE - specification only, no entrypoint",no execution backend declared (catalogue metadata only),"none possible - these are specifications for a host agent, not callables",BSD-2-Clause,vendor,0,,,PantheonOS_src/pantheon/factory/templates/skills/figure_styling/graphical-abstract.md
pantheonos.skill.group-report-scenario,Group Report Scenario,skill,PantheonOS,general,none,UNAVAILABLE,False,"DECLARATIVE - specification only, no entrypoint",no execution backend declared (catalogue metadata only),"none possible - these are specifications for a host agent, not callables",BSD-2-Clause,vendor,0,,,PantheonOS_src/pantheon/factory/templates/skills/paper_writing/scenarios/group_report.md
pantheonos.skill.hpc-data-transfer-via-ssh,HPC Data Transfer via SSH,skill,PantheonOS,general,none,UNAVAILABLE,False,"DECLARATIVE - specification only, no entrypoint",no execution backend declared (catalogue metadata only),"none possible - these are specifications for a host agent, not callables",BSD-2-Clause,vendor,0,,,PantheonOS_src/pantheon/factory/templates/skills/omics/general_data_analysis/hpc_data_transfer.md
pantheonos.skill.ieee-figure-style,IEEE Figure Style,skill,PantheonOS,general,none,UNAVAILABLE,False,"DECLARATIVE - specification only, no entrypoint",no execution backend declared (catalogue metadata only),"none possible - these are specifications for a host agent, not callables",BSD-2-Clause,vendor,0,,,PantheonOS_src/pantheon/factory/templates/skills/figure_styling/styles/ieee_figure.md
pantheonos.skill.introduction-writing-best-practices,Introduction Writing Best Practices,skill,PantheonOS,scrnaseq,none,UNAVAILABLE,False,"DECLARATIVE - specification only, no entrypoint",no execution backend declared (catalogue metadata only),"none possible - these are specifications for a host agent, not callables",BSD-2-Clause,vendor,0,,,PantheonOS_src/pantheon/factory/templates/skills/paper_writing/writing/introduction.md
pantheonos.skill.iseq-sequencing-data-download,iSeq: Sequencing Data Download,skill,PantheonOS,literature,none,UNAVAILABLE,False,"DECLARATIVE - specification only, no entrypoint",no execution backend declared (catalogue metadata only),"none possible - these are specifications for a host agent, not callables",BSD-2-Clause,vendor,0,,,PantheonOS_src/pantheon/factory/templates/skills/omics/database_access/iseq.md
pantheonos.skill.journal-article-scenario,Journal Article Scenario,skill,PantheonOS,clinical,none,UNAVAILABLE,False,"DECLARATIVE - specification only, no entrypoint",no execution backend declared (catalogue metadata only),"none possible - these are specifications for a host agent, not callables",BSD-2-Clause,vendor,0,,,PantheonOS_src/pantheon/factory/templates/skills/paper_writing/scenarios/journal_article.md
pantheonos.skill.kami-academic-theme,Kami Academic Theme,skill,PantheonOS,general,none,UNAVAILABLE,False,"DECLARATIVE - specification only, no entrypoint",no execution backend declared (catalogue metadata only),"none possible - these are specifications for a host agent, not callables",BSD-2-Clause,vendor,0,,,PantheonOS_src/pantheon/factory/templates/skills/paper_writing/themes/kami_academic.md
pantheonos.skill.lab-report-scenario,Lab Report Scenario,skill,PantheonOS,general,none,UNAVAILABLE,False,"DECLARATIVE - specification only, no entrypoint",no execution backend declared (catalogue metadata only),"none possible - these are specifications for a host agent, not callables",BSD-2-Clause,vendor,0,,,PantheonOS_src/pantheon/factory/templates/skills/paper_writing/scenarios/lab_report.md
pantheonos.skill.langcell,langcell,skill,PantheonOS,scrnaseq,none,UNAVAILABLE,False,"DECLARATIVE - specification only, no entrypoint",no execution backend declared (catalogue metadata only),"none possible - these are specifications for a host agent, not callables",BSD-2-Clause,vendor,0,,,PantheonOS_src/pantheon/factory/templates/skills/omics/scfm/_docs/models/langcell.md
pantheonos.skill.latex-compile-playbook,LaTeX Compile Playbook,skill,PantheonOS,general,none,UNAVAILABLE,False,"DECLARATIVE - specification only, no entrypoint",no execution backend declared (catalogue metadata only),"none possible - these are specifications for a host agent, not callables",BSD-2-Clause,vendor,0,,,PantheonOS_src/pantheon/factory/templates/skills/paper_writing/COMPILE.md
pantheonos.skill.liveview-skills-index,LiveView Skills Index,skill,PantheonOS,scrnaseq,none,UNAVAILABLE,False,"DECLARATIVE - specification only, no entrypoint",no execution backend declared (catalogue metadata only),"none possible - these are specifications for a host agent, not callables",BSD-2-Clause,vendor,0,,,PantheonOS_src/pantheon/factory/templates/skills/live_view/SKILL.md
pantheonos.skill.marp_slides,marp_slides,skill,PantheonOS,general,none,UNAVAILABLE,False,"DECLARATIVE - specification only, no entrypoint",no execution backend declared (catalogue metadata only),"none possible - these are specifications for a host agent, not callables",BSD-2-Clause,vendor,0,,,PantheonOS_src/pantheon/factory/templates/skills/presentation/marp_slides.md
pantheonos.skill.marp_template,marp_template,skill,PantheonOS,general,none,UNAVAILABLE,False,"DECLARATIVE - specification only, no entrypoint",no execution backend declared (catalogue metadata only),"none possible - these are specifications for a host agent, not callables",BSD-2-Clause,vendor,0,,,PantheonOS_src/pantheon/factory/templates/skills/presentation/marp_template.md
pantheonos.skill.methods-writing-best-practices,Methods Writing Best Practices,skill,PantheonOS,scrnaseq,none,UNAVAILABLE,False,"DECLARATIVE - specification only, no entrypoint",no execution backend declared (catalogue metadata only),"none possible - these are specifications for a host agent, not callables",BSD-2-Clause,vendor,0,,,PantheonOS_src/pantheon/factory/templates/skills/paper_writing/writing/method.md
pantheonos.skill.multiple-sequence-alignment-viewer,Multiple Sequence Alignment Viewer,skill,PantheonOS,general,none,UNAVAILABLE,False,"DECLARATIVE - specification only, no entrypoint",no execution backend declared (catalogue metadata only),"none possible - these are specifications for a host agent, not callables",BSD-2-Clause,vendor,0,,,PantheonOS_src/pantheon/factory/templates/skills/live_view/msa/msa.md
pantheonos.skill.nature-cell-science-figure-style,Nature / Cell / Science Figure Style,skill,PantheonOS,general,none,UNAVAILABLE,False,"DECLARATIVE - specification only, no entrypoint",no execution backend declared (catalogue metadata only),"none possible - these are specifications for a host agent, not callables",BSD-2-Clause,vendor,0,,,PantheonOS_src/pantheon/factory/templates/skills/figure_styling/styles/nature_figure.md
pantheonos.skill.neurips_diagram,neurips_diagram,skill,PantheonOS,general,none,UNAVAILABLE,False,"DECLARATIVE - specification only, no entrypoint",no execution backend declared (catalogue metadata only),"none possible - these are specifications for a host agent, not callables",BSD-2-Clause,vendor,0,,,PantheonOS_src/pantheon/factory/templates/skills/figure_styling/styles/neurips_diagram.md
pantheonos.skill.neurips_plot,neurips_plot,skill,PantheonOS,bulk_rnaseq,none,UNAVAILABLE,False,"DECLARATIVE - specification only, no entrypoint",no execution backend declared (catalogue metadata only),"none possible - these are specifications for a host agent, not callables",BSD-2-Clause,vendor,0,,,PantheonOS_src/pantheon/factory/templates/skills/figure_styling/styles/neurips_plot.md
pantheonos.skill.nf-core-dynamic-pipeline-discovery-usage,nf-core: Dynamic Pipeline Discovery & Usage,skill,PantheonOS,scrnaseq,none,UNAVAILABLE,False,"DECLARATIVE - specification only, no entrypoint",no execution backend declared (catalogue metadata only),"none possible - these are specifications for a host agent, not callables",BSD-2-Clause,vendor,0,,,PantheonOS_src/pantheon/factory/templates/skills/omics/upstream_processing/nfcore/nfcore_dynamic_discovery.md
pantheonos.skill.nf-core-epigenomics-pipelines,nf-core: Epigenomics Pipelines,skill,PantheonOS,bulk_rnaseq,none,UNAVAILABLE,False,"DECLARATIVE - specification only, no entrypoint",no execution backend declared (catalogue metadata only),"none possible - these are specifications for a host agent, not callables",BSD-2-Clause,vendor,0,,,PantheonOS_src/pantheon/factory/templates/skills/omics/upstream_processing/nfcore/nfcore_epigenomics.md
pantheonos.skill.nf-core-getting-started-usage,nf-core: Getting Started & Usage,skill,PantheonOS,scrnaseq,none,UNAVAILABLE,False,"DECLARATIVE - specification only, no entrypoint",no execution backend declared (catalogue metadata only),"none possible - these are specifications for a host agent, not callables",BSD-2-Clause,vendor,0,,,PantheonOS_src/pantheon/factory/templates/skills/omics/upstream_processing/nfcore/nfcore_usage.md
pantheonos.skill.nf-core-hi-c-chromatin-conformation-pipeline,nf-core: Hi-C Chromatin Conformation Pipeline,skill,PantheonOS,wgs,none,UNAVAILABLE,False,"DECLARATIVE - specification only, no entrypoint",no execution backend declared (catalogue metadata only),"none possible - these are specifications for a host agent, not callables",BSD-2-Clause,vendor,0,,,PantheonOS_src/pantheon/factory/templates/skills/omics/upstream_processing/nfcore/nfcore_hic.md
pantheonos.skill.nf-core-pipelines-skills-index,nf-core Pipelines Skills Index,skill,PantheonOS,scrnaseq,none,UNAVAILABLE,False,"DECLARATIVE - specification only, no entrypoint",no execution backend declared (catalogue metadata only),"none possible - these are specifications for a host agent, not callables",BSD-2-Clause,vendor,0,,,PantheonOS_src/pantheon/factory/templates/skills/omics/upstream_processing/nfcore/SKILL.md
pantheonos.skill.nf-core-single-cell-bulk-rna-seq-pipelines,nf-core: Single-Cell & Bulk RNA-seq Pipelines,skill,PantheonOS,scrnaseq,none,UNAVAILABLE,False,"DECLARATIVE - specification only, no entrypoint",no execution backend declared (catalogue metadata only),"none possible - these are specifications for a host agent, not callables",BSD-2-Clause,vendor,0,,,PantheonOS_src/pantheon/factory/templates/skills/omics/upstream_processing/nfcore/nfcore_transcriptomics.md
pantheonos.skill.nf-core-spatial-omics-pipelines,nf-core: Spatial Omics Pipelines,skill,PantheonOS,scrnaseq,none,UNAVAILABLE,False,"DECLARATIVE - specification only, no entrypoint",no execution backend declared (catalogue metadata only),"none possible - these are specifications for a host agent, not callables",BSD-2-Clause,vendor,0,,,PantheonOS_src/pantheon/factory/templates/skills/omics/upstream_processing/nfcore/nfcore_spatial.md
pantheonos.skill.nf-core-variant-calling-pipeline-sarek,nf-core: Variant Calling Pipeline (Sarek),skill,PantheonOS,wgs,none,UNAVAILABLE,False,"DECLARATIVE - specification only, no entrypoint",no execution backend declared (catalogue metadata only),"none possible - these are specifications for a host agent, not callables",BSD-2-Clause,vendor,0,,,PantheonOS_src/pantheon/factory/templates/skills/omics/upstream_processing/nfcore/nfcore_variant_calling.md
pantheonos.skill.nicheformer,nicheformer,skill,PantheonOS,scrnaseq,none,UNAVAILABLE,False,"DECLARATIVE - specification only, no entrypoint",no execution backend declared (catalogue metadata only),"none possible - these are specifications for a host agent, not callables",BSD-2-Clause,vendor,0,,,PantheonOS_src/pantheon/factory/templates/skills/omics/scfm/_docs/models/nicheformer.md
pantheonos.skill.nuclear-segmentation-with-stardist,Nuclear Segmentation with StarDist,skill,PantheonOS,imaging,none,UNAVAILABLE,False,"DECLARATIVE - specification only, no entrypoint",no execution backend declared (catalogue metadata only),"none possible - these are specifications for a host agent, not callables",BSD-2-Clause,vendor,0,,,PantheonOS_src/pantheon/factory/templates/skills/bio_image_processing/segmentation/stardist.md
pantheonos.skill.omics-analysis-skills-index,Omics Analysis Skills Index,skill,PantheonOS,scrnaseq,none,UNAVAILABLE,False,"DECLARATIVE - specification only, no entrypoint",no execution backend declared (catalogue metadata only),"none possible - these are specifications for a host agent, not callables",BSD-2-Clause,vendor,0,,,PantheonOS_src/pantheon/factory/templates/skills/omics/SKILL.md
pantheonos.skill.openst-computational-analysis-pipeline,OpenST: Computational Analysis Pipeline,skill,PantheonOS,scrnaseq,none,UNAVAILABLE,False,"DECLARATIVE - specification only, no entrypoint",no execution backend declared (catalogue metadata only),"none possible - these are specifications for a host agent, not callables",BSD-2-Clause,vendor,0,,,PantheonOS_src/pantheon/factory/templates/skills/omics/upstream_processing/openst/openst_computational.md
pantheonos.skill.openst-skills-index,OpenST Skills Index,skill,PantheonOS,scrnaseq,none,UNAVAILABLE,False,"DECLARATIVE - specification only, no entrypoint",no execution backend declared (catalogue metadata only),"none possible - these are specifications for a host agent, not callables",BSD-2-Clause,vendor,0,,,PantheonOS_src/pantheon/factory/templates/skills/omics/upstream_processing/openst/SKILL.md
pantheonos.skill.paper-submission-scenario,Paper Submission Scenario,skill,PantheonOS,literature,none,UNAVAILABLE,False,"DECLARATIVE - specification only, no entrypoint",no execution backend declared (catalogue metadata only),"none possible - these are specifications for a host agent, not callables",BSD-2-Clause,vendor,0,,,PantheonOS_src/pantheon/factory/templates/skills/paper_writing/scenarios/paper_submission.md
pantheonos.skill.paper-writing-scenario-router,Paper Writing Scenario Router,skill,PantheonOS,general,none,UNAVAILABLE,False,"DECLARATIVE - specification only, no entrypoint",no execution backend declared (catalogue metadata only),"none possible - these are specifications for a host agent, not callables",BSD-2-Clause,vendor,0,,,PantheonOS_src/pantheon/factory/templates/skills/paper_writing/scenarios/SKILL.md
pantheonos.skill.paper-writing-skills-index,Paper Writing Skills Index,skill,PantheonOS,literature,none,UNAVAILABLE,False,"DECLARATIVE - specification only, no entrypoint",no execution backend declared (catalogue metadata only),"none possible - these are specifications for a host agent, not callables",BSD-2-Clause,vendor,0,,,PantheonOS_src/pantheon/factory/templates/skills/paper_writing/SKILL.md
pantheonos.skill.paper-writing-workflow,Paper Writing Workflow,skill,PantheonOS,literature,none,UNAVAILABLE,False,"DECLARATIVE - specification only, no entrypoint",no execution backend declared (catalogue metadata only),"none possible - these are specifications for a host agent, not callables",BSD-2-Clause,vendor,0,,,PantheonOS_src/pantheon/factory/templates/skills/paper_writing/workflow/SKILL.md
pantheonos.skill.parallel-computing-for-single-cell-analysis,Parallel Computing for Single-Cell Analysis,skill,PantheonOS,scrnaseq,none,UNAVAILABLE,False,"DECLARATIVE - specification only, no entrypoint",no execution backend declared (catalogue metadata only),"none possible - these are specifications for a host agent, not callables",BSD-2-Clause,vendor,0,,,PantheonOS_src/pantheon/factory/templates/skills/omics/general_data_analysis/parallel_computing.md
pantheonos.skill.peer-review-rubric-neurips-standard,Peer Review Rubric (NeurIPS Standard),skill,PantheonOS,general,none,UNAVAILABLE,False,"DECLARATIVE - specification only, no entrypoint",no execution backend declared (catalogue metadata only),"none possible - these are specifications for a host agent, not callables",BSD-2-Clause,vendor,0,,,PantheonOS_src/pantheon/factory/templates/skills/paper_writing/writing/reviewer_rubric.md
pantheonos.skill.peer-review-rubric-worked-example,Peer Review Rubric — Worked Example,skill,PantheonOS,scrnaseq,none,UNAVAILABLE,False,"DECLARATIVE - specification only, no entrypoint",no execution backend declared (catalogue metadata only),"none possible - these are specifications for a host agent, not callables",BSD-2-Clause,vendor,0,,,PantheonOS_src/pantheon/factory/templates/skills/paper_writing/writing/reviewer_rubric_example.md
pantheonos.skill.phylogenetic-trees-with-phylotree.js,Phylogenetic Trees with phylotree.js,skill,PantheonOS,general,none,UNAVAILABLE,False,"DECLARATIVE - specification only, no entrypoint",no execution backend declared (catalogue metadata only),"none possible - these are specifications for a host agent, not callables",BSD-2-Clause,vendor,0,,,PantheonOS_src/pantheon/factory/templates/skills/live_view/phylotree/phylotree.md
pantheonos.skill.poster,poster,skill,PantheonOS,general,none,UNAVAILABLE,False,"DECLARATIVE - specification only, no entrypoint",no execution backend declared (catalogue metadata only),"none possible - these are specifications for a host agent, not callables",BSD-2-Clause,vendor,0,,,PantheonOS_src/pantheon/factory/templates/skills/figure_styling/poster.md
pantheonos.skill.presentation,presentation,skill,PantheonOS,general,none,UNAVAILABLE,False,"DECLARATIVE - specification only, no entrypoint",no execution backend declared (catalogue metadata only),"none possible - these are specifications for a host agent, not callables",BSD-2-Clause,vendor,0,,,PantheonOS_src/pantheon/factory/templates/skills/figure_styling/presentation.md
pantheonos.skill.presentation-skills-index,Presentation Skills Index,skill,PantheonOS,general,none,UNAVAILABLE,False,"DECLARATIVE - specification only, no entrypoint",no execution backend declared (catalogue metadata only),"none possible - these are specifications for a host agent, not callables",BSD-2-Clause,vendor,0,,,PantheonOS_src/pantheon/factory/templates/skills/presentation/SKILL.md
pantheonos.skill.protein-structures-alphafold-pdb,Protein Structures — AlphaFold & PDB,skill,PantheonOS,proteomics,none,UNAVAILABLE,False,"DECLARATIVE - specification only, no entrypoint",no execution backend declared (catalogue metadata only),"none possible - these are specifications for a host agent, not callables",BSD-2-Clause,vendor,0,,,PantheonOS_src/pantheon/factory/templates/skills/structural_biology/SKILL.md
pantheonos.skill.pulsar,pulsar,skill,PantheonOS,scrnaseq,none,UNAVAILABLE,False,"DECLARATIVE - specification only, no entrypoint",no execution backend declared (catalogue metadata only),"none possible - these are specifications for a host agent, not callables",BSD-2-Clause,vendor,0,,,PantheonOS_src/pantheon/factory/templates/skills/omics/scfm/_docs/models/pulsar.md
pantheonos.skill.rare-disease-ontology-first-workflow,Rare Disease Ontology-First Workflow,skill,PantheonOS,literature,none,UNAVAILABLE,False,"DECLARATIVE - specification only, no entrypoint",no execution backend declared (catalogue metadata only),"none possible - these are specifications for a host agent, not callables",BSD-2-Clause,vendor,0,,,PantheonOS_src/pantheon/factory/templates/skills/rare_disease/rd_ontology_first.md
pantheonos.skill.rare-disease-skills-index,Rare Disease Skills Index,skill,PantheonOS,general,none,UNAVAILABLE,False,"DECLARATIVE - specification only, no entrypoint",no execution backend declared (catalogue metadata only),"none possible - these are specifications for a host agent, not callables",BSD-2-Clause,vendor,0,,,PantheonOS_src/pantheon/factory/templates/skills/rare_disease/SKILL.md
pantheonos.skill.readme,README,skill,PantheonOS,scrnaseq,none,UNAVAILABLE,False,"DECLARATIVE - specification only, no entrypoint",no execution backend declared (catalogue metadata only),"none possible - these are specifications for a host agent, not callables",BSD-2-Clause,vendor,0,,,PantheonOS_src/pantheon/factory/templates/skills/omics/scfm/_docs/README.md
pantheonos.skill.report-academic-template,Report Academic Template,skill,PantheonOS,general,none,UNAVAILABLE,False,"DECLARATIVE - specification only, no entrypoint",no execution backend declared (catalogue metadata only),"none possible - these are specifications for a host agent, not callables",BSD-2-Clause,vendor,0,,,PantheonOS_src/pantheon/factory/templates/skills/paper_writing/report_academic.md
pantheonos.skill.report-standard-template,Report Standard Template,skill,PantheonOS,general,none,UNAVAILABLE,False,"DECLARATIVE - specification only, no entrypoint",no execution backend declared (catalogue metadata only),"none possible - these are specifications for a host agent, not callables",BSD-2-Clause,vendor,0,,,PantheonOS_src/pantheon/factory/templates/skills/paper_writing/report_standard.md
pantheonos.skill.reporting-guideline-check,Reporting Guideline Check,skill,PantheonOS,literature,none,UNAVAILABLE,False,"DECLARATIVE - specification only, no entrypoint",no execution backend declared (catalogue metadata only),"none possible - these are specifications for a host agent, not callables",BSD-2-Clause,vendor,0,,,PantheonOS_src/pantheon/factory/templates/skills/paper_writing/reporting_guideline_check.md
pantheonos.skill.response-letter-drafting,Response Letter Drafting,skill,PantheonOS,general,none,UNAVAILABLE,False,"DECLARATIVE - specification only, no entrypoint",no execution backend declared (catalogue metadata only),"none possible - these are specifications for a host agent, not callables",BSD-2-Clause,vendor,0,,,PantheonOS_src/pantheon/factory/templates/skills/paper_writing/writing/response_letter.md
pantheonos.skill.results-writing-best-practices,Results Writing Best Practices,skill,PantheonOS,scrnaseq,none,UNAVAILABLE,False,"DECLARATIVE - specification only, no entrypoint",no execution backend declared (catalogue metadata only),"none possible - these are specifications for a host agent, not callables",BSD-2-Clause,vendor,0,,,PantheonOS_src/pantheon/factory/templates/skills/paper_writing/writing/results.md
pantheonos.skill.revision-response-scenario,Revision Response Scenario,skill,PantheonOS,general,none,UNAVAILABLE,False,"DECLARATIVE - specification only, no entrypoint",no execution backend declared (catalogue metadata only),"none possible - these are specifications for a host agent, not callables",BSD-2-Clause,vendor,0,,,PantheonOS_src/pantheon/factory/templates/skills/paper_writing/scenarios/revision_response.md
pantheonos.skill.sam-based-cell-segmentation,SAM-Based Cell Segmentation,skill,PantheonOS,imaging,none,UNAVAILABLE,False,"DECLARATIVE - specification only, no entrypoint",no execution backend declared (catalogue metadata only),"none possible - these are specifications for a host agent, not callables",BSD-2-Clause,vendor,0,,,PantheonOS_src/pantheon/factory/templates/skills/bio_image_processing/segmentation/sam_based.md
pantheonos.skill.sc-best-practices-bulk-deconvolution,SC Best Practices: Bulk Deconvolution,skill,PantheonOS,scrnaseq,none,UNAVAILABLE,False,"DECLARATIVE - specification only, no entrypoint",no execution backend declared (catalogue metadata only),"none possible - these are specifications for a host agent, not callables",BSD-2-Clause,vendor,0,,,PantheonOS_src/pantheon/factory/templates/skills/omics/sc_best_practices/bulk_deconvolution.md
pantheonos.skill.sc-best-practices-chromatin-accessibility,SC Best Practices: Chromatin Accessibility,skill,PantheonOS,scrnaseq,none,UNAVAILABLE,False,"DECLARATIVE - specification only, no entrypoint",no execution backend declared (catalogue metadata only),"none possible - these are specifications for a host agent, not callables",BSD-2-Clause,vendor,0,,,PantheonOS_src/pantheon/factory/templates/skills/omics/sc_best_practices/chromatin_accessibility.md
pantheonos.skill.sc-best-practices-clustering-annotation-integration,"SC Best Practices: Clustering, Annotation & Integration",skill,PantheonOS,scrnaseq,none,UNAVAILABLE,False,"DECLARATIVE - specification only, no entrypoint",no execution backend declared (catalogue metadata only),"none possible - these are specifications for a host agent, not callables",BSD-2-Clause,vendor,0,,,PantheonOS_src/pantheon/factory/templates/skills/omics/sc_best_practices/clustering_and_annotation.md
pantheonos.skill.sc-best-practices-differential-condition-analysis,SC Best Practices: Differential & Condition Analysis,skill,PantheonOS,scrnaseq,none,UNAVAILABLE,False,"DECLARATIVE - specification only, no entrypoint",no execution backend declared (catalogue metadata only),"none possible - these are specifications for a host agent, not callables",BSD-2-Clause,vendor,0,,,PantheonOS_src/pantheon/factory/templates/skills/omics/sc_best_practices/differential_and_condition.md
pantheonos.skill.sc-best-practices-gene-regulatory-networks-cell-cell-communication,SC Best Practices: Gene Regulatory Networks & Cell-Cell Communication,skill,PantheonOS,scrnaseq,none,UNAVAILABLE,False,"DECLARATIVE - specification only, no entrypoint",no execution backend declared (catalogue metadata only),"none possible - these are specifications for a host agent, not callables",BSD-2-Clause,vendor,0,,,PantheonOS_src/pantheon/factory/templates/skills/omics/sc_best_practices/regulatory_and_communication.md
pantheonos.skill.sc-best-practices-immune-receptor-repertoire,SC Best Practices: Immune Receptor Repertoire,skill,PantheonOS,scrnaseq,none,UNAVAILABLE,False,"DECLARATIVE - specification only, no entrypoint",no execution backend declared (catalogue metadata only),"none possible - these are specifications for a host agent, not callables",BSD-2-Clause,vendor,0,,,PantheonOS_src/pantheon/factory/templates/skills/omics/sc_best_practices/immune_repertoire.md
pantheonos.skill.sc-best-practices-introduction-foundations,SC Best Practices: Introduction & Foundations,skill,PantheonOS,scrnaseq,none,UNAVAILABLE,False,"DECLARATIVE - specification only, no entrypoint",no execution backend declared (catalogue metadata only),"none possible - these are specifications for a host agent, not callables",BSD-2-Clause,vendor,0,,,PantheonOS_src/pantheon/factory/templates/skills/omics/sc_best_practices/introduction.md
pantheonos.skill.sc-best-practices-multimodal-integration,SC Best Practices: Multimodal Integration,skill,PantheonOS,scrnaseq,none,UNAVAILABLE,False,"DECLARATIVE - specification only, no entrypoint",no execution backend declared (catalogue metadata only),"none possible - these are specifications for a host agent, not callables",BSD-2-Clause,vendor,0,,,PantheonOS_src/pantheon/factory/templates/skills/omics/sc_best_practices/multimodal_integration.md
pantheonos.skill.sc-best-practices-preprocessing,SC Best Practices: Preprocessing,skill,PantheonOS,scrnaseq,none,UNAVAILABLE,False,"DECLARATIVE - specification only, no entrypoint",no execution backend declared (catalogue metadata only),"none possible - these are specifications for a host agent, not callables",BSD-2-Clause,vendor,0,,,PantheonOS_src/pantheon/factory/templates/skills/omics/sc_best_practices/preprocessing.md
pantheonos.skill.sc-best-practices-reproducibility,SC Best Practices: Reproducibility,skill,PantheonOS,scrnaseq,none,UNAVAILABLE,False,"DECLARATIVE - specification only, no entrypoint",no execution backend declared (catalogue metadata only),"none possible - these are specifications for a host agent, not callables",BSD-2-Clause,vendor,0,,,PantheonOS_src/pantheon/factory/templates/skills/omics/sc_best_practices/reproducibility.md
pantheonos.skill.sc-best-practices-skills-index,SC Best Practices Skills Index,skill,PantheonOS,scrnaseq,none,UNAVAILABLE,False,"DECLARATIVE - specification only, no entrypoint",no execution backend declared (catalogue metadata only),"none possible - these are specifications for a host agent, not callables",BSD-2-Clause,vendor,0,,,PantheonOS_src/pantheon/factory/templates/skills/omics/sc_best_practices/SKILL.md
pantheonos.skill.sc-best-practices-spatial-omics,SC Best Practices: Spatial Omics,skill,PantheonOS,scrnaseq,none,UNAVAILABLE,False,"DECLARATIVE - specification only, no entrypoint",no execution backend declared (catalogue metadata only),"none possible - these are specifications for a host agent, not callables",BSD-2-Clause,vendor,0,,,PantheonOS_src/pantheon/factory/templates/skills/omics/sc_best_practices/spatial_omics.md
pantheonos.skill.sc-best-practices-surface-protein-cite-seq,SC Best Practices: Surface Protein (CITE-seq),skill,PantheonOS,scrnaseq,none,UNAVAILABLE,False,"DECLARATIVE - specification only, no entrypoint",no execution backend declared (catalogue metadata only),"none possible - these are specifications for a host agent, not callables",BSD-2-Clause,vendor,0,,,PantheonOS_src/pantheon/factory/templates/skills/omics/sc_best_practices/surface_protein.md
pantheonos.skill.sc-best-practices-trajectory-analysis,SC Best Practices: Trajectory Analysis,skill,PantheonOS,scrnaseq,none,UNAVAILABLE,False,"DECLARATIVE - specification only, no entrypoint",no execution backend declared (catalogue metadata only),"none possible - these are specifications for a host agent, not callables",BSD-2-Clause,vendor,0,,,PantheonOS_src/pantheon/factory/templates/skills/omics/sc_best_practices/trajectory_analysis.md
pantheonos.skill.scbert,scbert,skill,PantheonOS,scrnaseq,none,UNAVAILABLE,False,"DECLARATIVE - specification only, no entrypoint",no execution backend declared (catalogue metadata only),"none possible - these are specifications for a host agent, not callables",BSD-2-Clause,vendor,0,,,PantheonOS_src/pantheon/factory/templates/skills/omics/scfm/_docs/models/scbert.md
pantheonos.skill.sccello,sccello,skill,PantheonOS,scrnaseq,none,UNAVAILABLE,False,"DECLARATIVE - specification only, no entrypoint",no execution backend declared (catalogue metadata only),"none possible - these are specifications for a host agent, not callables",BSD-2-Clause,vendor,0,,,PantheonOS_src/pantheon/factory/templates/skills/omics/scfm/_docs/models/sccello.md
pantheonos.skill.scientific-color-palettes,Scientific Color Palettes,skill,PantheonOS,general,none,UNAVAILABLE,False,"DECLARATIVE - specification only, no entrypoint",no execution backend declared (catalogue metadata only),"none possible - these are specifications for a host agent, not callables",BSD-2-Clause,vendor,0,,,PantheonOS_src/pantheon/factory/templates/skills/figure_styling/styles/color_palettes.md
pantheonos.skill.scmulan,scmulan,skill,PantheonOS,scrnaseq,none,UNAVAILABLE,False,"DECLARATIVE - specification only, no entrypoint",no execution backend declared (catalogue metadata only),"none possible - these are specifications for a host agent, not callables",BSD-2-Clause,vendor,0,,,PantheonOS_src/pantheon/factory/templates/skills/omics/scfm/_docs/models/scmulan.md
pantheonos.skill.scplantllm,scplantllm,skill,PantheonOS,scrnaseq,none,UNAVAILABLE,False,"DECLARATIVE - specification only, no entrypoint",no execution backend declared (catalogue metadata only),"none possible - these are specifications for a host agent, not callables",BSD-2-Clause,vendor,0,,,PantheonOS_src/pantheon/factory/templates/skills/omics/scfm/_docs/models/scplantllm.md
pantheonos.skill.scprint,scprint,skill,PantheonOS,scrnaseq,none,UNAVAILABLE,False,"DECLARATIVE - specification only, no entrypoint",no execution backend declared (catalogue metadata only),"none possible - these are specifications for a host agent, not callables",BSD-2-Clause,vendor,0,,,PantheonOS_src/pantheon/factory/templates/skills/omics/scfm/_docs/models/scprint.md
pantheonos.skill.serial-h-e-image-registration-roma,Serial H&E Image Registration (RoMa),skill,PantheonOS,general,none,UNAVAILABLE,False,"DECLARATIVE - specification only, no entrypoint",no execution backend declared (catalogue metadata only),"none possible - these are specifications for a host agent, not callables",BSD-2-Clause,vendor,0,,,PantheonOS_src/pantheon/factory/templates/skills/omics/spatial/he_image_registration.md
pantheonos.skill.single-cell-analysis-skills-index,Single-Cell Analysis Skills Index,skill,PantheonOS,scrnaseq,none,UNAVAILABLE,False,"DECLARATIVE - specification only, no entrypoint",no execution backend declared (catalogue metadata only),"none possible - these are specifications for a host agent, not callables",BSD-2-Clause,vendor,0,,,PantheonOS_src/pantheon/factory/templates/skills/omics/single_cell/SKILL.md
pantheonos.skill.single-cell-foundation-model-reference,Single-Cell Foundation Model Reference,skill,PantheonOS,scrnaseq,none,UNAVAILABLE,False,"DECLARATIVE - specification only, no entrypoint",no execution backend declared (catalogue metadata only),"none possible - these are specifications for a host agent, not callables",BSD-2-Clause,vendor,0,,,PantheonOS_src/pantheon/factory/templates/skills/omics/scfm/models.md
pantheonos.skill.single-cell-foundation-model-workflow,Single-Cell Foundation Model Workflow,skill,PantheonOS,scrnaseq,none,UNAVAILABLE,False,"DECLARATIVE - specification only, no entrypoint",no execution backend declared (catalogue metadata only),"none possible - these are specifications for a host agent, not callables",BSD-2-Clause,vendor,0,,,PantheonOS_src/pantheon/factory/templates/skills/omics/scfm/workflow.md
pantheonos.skill.single-cell-foundation-models-skills-index,Single-Cell Foundation Models Skills Index,skill,PantheonOS,scrnaseq,none,UNAVAILABLE,False,"DECLARATIVE - specification only, no entrypoint",no execution backend declared (catalogue metadata only),"none possible - these are specifications for a host agent, not callables",BSD-2-Clause,vendor,0,,,PantheonOS_src/pantheon/factory/templates/skills/omics/scfm/SKILL.md
pantheonos.skill.single-cell-quality-control,Single-Cell Quality Control,skill,PantheonOS,scrnaseq,none,UNAVAILABLE,False,"DECLARATIVE - specification only, no entrypoint",no execution backend declared (catalogue metadata only),"none possible - these are specifications for a host agent, not callables",BSD-2-Clause,vendor,0,,,PantheonOS_src/pantheon/factory/templates/skills/omics/single_cell/quality_control.md
pantheonos.skill.single-cell-to-spatial-mapping,Single-Cell to Spatial Mapping,skill,PantheonOS,scrnaseq,none,UNAVAILABLE,False,"DECLARATIVE - specification only, no entrypoint",no execution backend declared (catalogue metadata only),"none possible - these are specifications for a host agent, not callables",BSD-2-Clause,vendor,0,,,PantheonOS_src/pantheon/factory/templates/skills/omics/spatial/single_cell_spatial_mapping.md
pantheonos.skill.skill-review,Skill Review,skill,PantheonOS,general,none,UNAVAILABLE,False,"DECLARATIVE - specification only, no entrypoint",no execution backend declared (catalogue metadata only),"none possible - these are specifications for a host agent, not callables",BSD-2-Clause,vendor,0,,,PantheonOS_src/pantheon/factory/templates/skills/meta/skill_review.md
pantheonos.skill.skills,SKILLS,skill,PantheonOS,general,none,UNAVAILABLE,False,"DECLARATIVE - specification only, no entrypoint",no execution backend declared (catalogue metadata only),"none possible - these are specifications for a host agent, not callables",BSD-2-Clause,vendor,0,,,PantheonOS_src/pantheon/factory/templates/skills/SKILLS.md
pantheonos.skill.spatial-3d-slice-alignment-spateo,Spatial 3D Slice Alignment (Spateo),skill,PantheonOS,scrnaseq,none,UNAVAILABLE,False,"DECLARATIVE - specification only, no entrypoint",no execution backend declared (catalogue metadata only),"none possible - these are specifications for a host agent, not callables",BSD-2-Clause,vendor,0,,,PantheonOS_src/pantheon/factory/templates/skills/omics/spatial/spatial_3d_alignment.md
pantheonos.skill.spatial-cell-cell-interaction-spateo-lr,Spatial Cell-Cell Interaction (Spateo LR),skill,PantheonOS,scrnaseq,none,UNAVAILABLE,False,"DECLARATIVE - specification only, no entrypoint",no execution backend declared (catalogue metadata only),"none possible - these are specifications for a host agent, not callables",BSD-2-Clause,vendor,0,,,PantheonOS_src/pantheon/factory/templates/skills/omics/spatial/spatial_cci.md
pantheonos.skill.spatial-cell-type-deconvolution-cell2location-tangram,Spatial Cell Type Deconvolution (Cell2location / Tangram),skill,PantheonOS,scrnaseq,none,UNAVAILABLE,False,"DECLARATIVE - specification only, no entrypoint",no execution backend declared (catalogue metadata only),"none possible - these are specifications for a host agent, not callables",BSD-2-Clause,vendor,0,,,PantheonOS_src/pantheon/factory/templates/skills/omics/spatial/spatial_deconvolution.md
pantheonos.skill.spatial-omics-skills-index,Spatial Omics Skills Index,skill,PantheonOS,scrnaseq,none,UNAVAILABLE,False,"DECLARATIVE - specification only, no entrypoint",no execution backend declared (catalogue metadata only),"none possible - these are specifications for a host agent, not callables",BSD-2-Clause,vendor,0,,,PantheonOS_src/pantheon/factory/templates/skills/omics/spatial/SKILL.md
pantheonos.skill.spatial-signal-boundary-analysis,Spatial Signal Boundary Analysis,skill,PantheonOS,scrnaseq,none,UNAVAILABLE,False,"DECLARATIVE - specification only, no entrypoint",no execution backend declared (catalogue metadata only),"none possible - these are specifications for a host agent, not callables",BSD-2-Clause,vendor,0,,,PantheonOS_src/pantheon/factory/templates/skills/omics/spatial/spatial_boundary_analysis.md
pantheonos.skill.spec_template,SPEC_TEMPLATE,skill,PantheonOS,atacseq,none,UNAVAILABLE,False,"DECLARATIVE - specification only, no entrypoint",no execution backend declared (catalogue metadata only),"none possible - these are specifications for a host agent, not callables",BSD-2-Clause,vendor,0,,,PantheonOS_src/pantheon/factory/templates/skills/omics/scfm/_docs/SPEC_TEMPLATE.md
pantheonos.skill.tgpt,tgpt,skill,PantheonOS,scrnaseq,none,UNAVAILABLE,False,"DECLARATIVE - specification only, no entrypoint",no execution backend declared (catalogue metadata only),"none possible - these are specifications for a host agent, not callables",BSD-2-Clause,vendor,0,,,PantheonOS_src/pantheon/factory/templates/skills/omics/scfm/_docs/models/tgpt.md
pantheonos.skill.ucsc-genome-browser-api-liftover,UCSC Genome Browser API & liftOver,skill,PantheonOS,wgs,none,UNAVAILABLE,False,"DECLARATIVE - specification only, no entrypoint",no execution backend declared (catalogue metadata only),"none possible - these are specifications for a host agent, not callables",BSD-2-Clause,vendor,0,,,PantheonOS_src/pantheon/factory/templates/skills/omics/database_access/ucsc.md
pantheonos.skill.upstream-processing-skills-index,Upstream Processing Skills Index,skill,PantheonOS,scrnaseq,none,UNAVAILABLE,False,"DECLARATIVE - specification only, no entrypoint",no execution backend declared (catalogue metadata only),"none possible - these are specifications for a host agent, not callables",BSD-2-Clause,vendor,0,,,PantheonOS_src/pantheon/factory/templates/skills/omics/upstream_processing/SKILL.md
pantheonos.skill.view-3d-molecular-structures-with-mol,View 3D Molecular Structures with Mol*,skill,PantheonOS,proteomics,none,UNAVAILABLE,False,"DECLARATIVE - specification only, no entrypoint",no execution backend declared (catalogue metadata only),"none possible - these are specifications for a host agent, not callables",BSD-2-Clause,vendor,0,,,PantheonOS_src/pantheon/factory/templates/skills/live_view/molstar/molstar.md
pantheonos.skill.view-bioimages-with-the-viv-liveview,View Bioimages with the Viv LiveView,skill,PantheonOS,spatial,none,UNAVAILABLE,False,"DECLARATIVE - specification only, no entrypoint",no execution backend declared (catalogue metadata only),"none possible - these are specifications for a host agent, not callables",BSD-2-Clause,vendor,0,,,PantheonOS_src/pantheon/factory/templates/skills/live_view/viv/viv.md
pantheonos.skill.view-genome-tracks-with-igv.js,View Genome Tracks with IGV.js,skill,PantheonOS,wgs,none,UNAVAILABLE,False,"DECLARATIVE - specification only, no entrypoint",no execution backend declared (catalogue metadata only),"none possible - these are specifications for a host agent, not callables",BSD-2-Clause,vendor,0,,,PantheonOS_src/pantheon/factory/templates/skills/live_view/igv/igv.md
pantheonos.skill.virtual-embryo-atlas-data-knowledge-graph,Virtual Embryo — atlas data + knowledge graph,skill,PantheonOS,bulk_rnaseq,none,UNAVAILABLE,False,"DECLARATIVE - specification only, no entrypoint",no execution backend declared (catalogue metadata only),"none possible - these are specifications for a host agent, not callables",BSD-2-Clause,vendor,0,,,PantheonOS_src/pantheon/factory/templates/skills/virtualembryo/SKILL.md
pantheonos.skill.visualize-data-with-vitessce-liveview,Visualize Data with Vitessce LiveView,skill,PantheonOS,scrnaseq,none,UNAVAILABLE,False,"DECLARATIVE - specification only, no entrypoint",no execution backend declared (catalogue metadata only),"none possible - these are specifications for a host agent, not callables",BSD-2-Clause,vendor,0,,,PantheonOS_src/pantheon/factory/templates/skills/live_view/vitessce/vitessce.md
pantheonos.skill.whole-cell-segmentation-with-mesmer-deepcell,Whole-Cell Segmentation with Mesmer (DeepCell),skill,PantheonOS,imaging,none,UNAVAILABLE,False,"DECLARATIVE - specification only, no entrypoint",no execution backend declared (catalogue metadata only),"none possible - these are specifications for a host agent, not callables",BSD-2-Clause,vendor,0,,,PantheonOS_src/pantheon/factory/templates/skills/bio_image_processing/segmentation/mesmer.md
pantheonos.skill.workshop-share-scenario,Workshop Share Scenario,skill,PantheonOS,general,none,UNAVAILABLE,False,"DECLARATIVE - specification only, no entrypoint",no execution backend declared (catalogue metadata only),"none possible - these are specifications for a host agent, not callables",BSD-2-Clause,vendor,0,,,PantheonOS_src/pantheon/factory/templates/skills/paper_writing/scenarios/workshop_share.md
pantheonos.skill.workspace-file-organization,Workspace File Organization,skill,PantheonOS,spatial,none,UNAVAILABLE,False,"DECLARATIVE - specification only, no entrypoint",no execution backend declared (catalogue metadata only),"none possible - these are specifications for a host agent, not callables",BSD-2-Clause,vendor,0,,,PantheonOS_src/pantheon/factory/templates/skills/omics/general_data_analysis/file_organization.md
robin.agent_role.agentconfig,AgentConfig,agent_role,Robin,general,none,UNAVAILABLE,False,"DECLARATIVE - specification only, no entrypoint",no execution backend declared (catalogue metadata only),"none possible - these are specifications for a host agent, not callables",Apache-2.0,vendor,0,,,Robin/robin/configuration.py
stella.agent_role.protocolevaluatorengine,ProtocolEvaluatorEngine,agent_role,STELLA,general,none,UNAVAILABLE,False,"DECLARATIVE - specification only, no entrypoint",no execution backend declared (catalogue metadata only),"none possible - these are specifications for a host agent, not callables",Apache-2.0,vendor,0,,,STELLA/new_tools/protocol_evaluator.py
stella.agent_role.skillmanager,SkillManager,agent_role,STELLA,general,none,UNAVAILABLE,False,"DECLARATIVE - specification only, no entrypoint",no execution backend declared (catalogue metadata only),"none possible - these are specifications for a host agent, not callables",Apache-2.0,vendor,0,,,STELLA/skill_manager.py
agentomics.tool.apply_pub_style,apply_pub_style,tool,Agentomics,general,python,UNAVAILABLE,False,MISSING_DEPS - third-party imports absent,missing python modules: agentomics,install the named third-party modules,MIT,vendor,1,agentomics,,Agentomics/src/agentomics/runtime/generate_final_reports.py
agentomics.tool.archive_current_iteration,archive_current_iteration,tool,Agentomics,general,python,UNAVAILABLE,False,MISSING_DEPS - third-party imports absent,missing python modules: agentomics,install the named third-party modules,MIT,vendor,1,agentomics,,Agentomics/src/agentomics/runtime/read_write_utils.py
agentomics.tool.build_development_image,build_development_image,tool,Agentomics,general,python,UNAVAILABLE,False,MISSING_DEPS - third-party imports absent,missing python modules: agentomics,install the named third-party modules,MIT,vendor,1,agentomics,,Agentomics/src/agentomics/cli/docker_utils.py
agentomics.tool.build_iteration_base_prompt,build_iteration_base_prompt,tool,Agentomics,general,python,UNAVAILABLE,False,MISSING_DEPS - third-party imports absent,missing python modules: agentomics,install the named third-party modules,MIT,vendor,1,agentomics,,Agentomics/src/agentomics/agents/prompt_builder.py
agentomics.tool.build_iteration_end_commit_message,build_iteration_end_commit_message,tool,Agentomics,general,python,UNAVAILABLE,False,MISSING_DEPS - third-party imports absent,missing python modules: agentomics,install the named third-party modules,MIT,vendor,1,agentomics,,Agentomics/src/agentomics/runtime/git_checkpoints.py
agentomics.tool.build_parser,build_parser,tool,Agentomics,general,python,UNAVAILABLE,False,MISSING_DEPS - third-party imports absent,missing python modules: agentomics,install the named third-party modules,MIT,vendor,1,agentomics,,Agentomics/src/agentomics/cli/download_dataset.py
agentomics.tool.build_plots_for_split,build_plots_for_split,tool,Agentomics,general,python,UNAVAILABLE,False,MISSING_DEPS - third-party imports absent,missing python modules: agentomics,install the named third-party modules,MIT,vendor,1,agentomics,,Agentomics/src/agentomics/runtime/generate_final_reports.py
agentomics.tool.build_step_commit_message,build_step_commit_message,tool,Agentomics,general,python,UNAVAILABLE,False,MISSING_DEPS - third-party imports absent,missing python modules: agentomics,install the named third-party modules,MIT,vendor,1,agentomics,,Agentomics/src/agentomics/runtime/git_checkpoints.py
agentomics.tool.build_styles,build_styles,tool,Agentomics,general,python,UNAVAILABLE,False,MISSING_DEPS - third-party imports absent,missing python modules: agentomics,install the named third-party modules,MIT,vendor,1,agentomics,,Agentomics/src/agentomics/runtime/generate_final_reports.py
agentomics.tool.check_dataset,check_dataset,tool,Agentomics,general,python,UNAVAILABLE,False,MISSING_DEPS - third-party imports absent,"missing python modules: agentomics, rich",install the named third-party modules,MIT,vendor,2,agentomics;rich,,Agentomics/src/agentomics/datasets/dataset_preparation.py
agentomics.tool.check_dataset_prepared,check_dataset_prepared,tool,Agentomics,general,python,UNAVAILABLE,False,MISSING_DEPS - third-party imports absent,"missing python modules: agentomics, rich",install the named third-party modules,MIT,vendor,2,agentomics;rich,,Agentomics/src/agentomics/datasets/dataset_preparation.py
agentomics.tool.check_run_compatible,check_run_compatible,tool,Agentomics,general,python,UNAVAILABLE,False,MISSING_DEPS - third-party imports absent,missing python modules: agentomics,install the named third-party modules,MIT,vendor,1,agentomics,,Agentomics/src/agentomics/utils/versioning.py
agentomics.tool.choose_provider,choose_provider,tool,Agentomics,general,python,UNAVAILABLE,False,MISSING_DEPS - third-party imports absent,"missing python modules: agentomics, httpx, openai, pydantic_ai, requests, rich",install the named third-party modules,MIT,vendor,6,agentomics;httpx;openai;pydantic_ai;requests;rich,,Agentomics/src/agentomics/utils/providers/provider.py
agentomics.tool.clean_report_md,clean_report_md,tool,Agentomics,general,python,UNAVAILABLE,False,MISSING_DEPS - third-party imports absent,missing python modules: agentomics,install the named third-party modules,MIT,vendor,1,agentomics,,Agentomics/src/agentomics/runtime/generate_final_reports.py
agentomics.tool.commit_iteration_end,commit_iteration_end,tool,Agentomics,general,python,UNAVAILABLE,False,MISSING_DEPS - third-party imports absent,missing python modules: agentomics,install the named third-party modules,MIT,vendor,1,agentomics,,Agentomics/src/agentomics/runtime/git_checkpoints.py
agentomics.tool.commit_step_checkpoint,commit_step_checkpoint,tool,Agentomics,general,python,UNAVAILABLE,False,MISSING_DEPS - third-party imports absent,missing python modules: agentomics,install the named third-party modules,MIT,vendor,1,agentomics,,Agentomics/src/agentomics/runtime/git_checkpoints.py
agentomics.tool.compute_metrics,compute_metrics,tool,Agentomics,general,python,UNAVAILABLE,False,MISSING_DEPS - third-party imports absent,missing python modules: agentomics,install the named third-party modules,MIT,vendor,1,agentomics,,Agentomics/src/agentomics/runtime/inference_runner.py
agentomics.tool.convert_classification_labels,convert_classification_labels,tool,Agentomics,general,python,UNAVAILABLE,False,MISSING_DEPS - third-party imports absent,missing python modules: agentomics,install the named third-party modules,MIT,vendor,1,agentomics,,Agentomics/src/agentomics/datasets/label_processing.py
agentomics.tool.convert_csv_dataset,convert_csv_dataset,tool,Agentomics,general,python,UNAVAILABLE,False,MISSING_DEPS - third-party imports absent,missing python modules: agentomics,install the named third-party modules,MIT,vendor,1,agentomics,,Agentomics/src/agentomics/datasets/csv_converter.py
agentomics.tool.convert_csv_dataset_to_standard_raw_dataset,convert_csv_dataset_to_standard_raw_dataset,tool,Agentomics,general,python,UNAVAILABLE,False,MISSING_DEPS - third-party imports absent,missing python modules: agentomics,install the named third-party modules,MIT,vendor,1,agentomics,,Agentomics/src/agentomics/datasets/csv_converter.py
agentomics.tool.convert_csv_test_dataset_to_standard_raw_dataset,convert_csv_test_dataset_to_standard_raw_dataset,tool,Agentomics,general,python,UNAVAILABLE,False,MISSING_DEPS - third-party imports absent,missing python modules: agentomics,install the named third-party modules,MIT,vendor,1,agentomics,,Agentomics/src/agentomics/datasets/csv_converter.py
agentomics.tool.convert_inference_csv,convert_inference_csv,tool,Agentomics,general,python,UNAVAILABLE,False,MISSING_DEPS - third-party imports absent,missing python modules: agentomics,install the named third-party modules,MIT,vendor,1,agentomics,,Agentomics/src/agentomics/datasets/csv_converter.py
agentomics.tool.convert_regression_labels,convert_regression_labels,tool,Agentomics,general,python,UNAVAILABLE,False,MISSING_DEPS - third-party imports absent,missing python modules: agentomics,install the named third-party modules,MIT,vendor,1,agentomics,,Agentomics/src/agentomics/datasets/label_processing.py
agentomics.tool.create_agent_id,create_agent_id,tool,Agentomics,general,python,UNAVAILABLE,False,MISSING_DEPS - third-party imports absent,missing python modules: hrid,install the named third-party modules,MIT,vendor,1,hrid,,Agentomics/src/agentomics/utils/agent_id.py
agentomics.tool.create_and_checkout_branch_at_checkpoint,create_and_checkout_branch_at_checkpoint,tool,Agentomics,general,python,UNAVAILABLE,False,MISSING_DEPS - third-party imports absent,missing python modules: agentomics,install the named third-party modules,MIT,vendor,1,agentomics,,Agentomics/src/agentomics/runtime/git_checkpoints.py
agentomics.tool.create_bash_tool,create_bash_tool,tool,Agentomics,general,python,UNAVAILABLE,False,MISSING_DEPS - third-party imports absent,"missing python modules: agentomics, pydantic_ai",install the named third-party modules,MIT,vendor,2,agentomics;pydantic_ai,,Agentomics/src/agentomics/tools/bash_tool.py
agentomics.tool.create_environment_from_descriptor,create_environment_from_descriptor,tool,Agentomics,general,python,UNAVAILABLE,False,MISSING_DEPS - third-party imports absent,missing python modules: agentomics,install the named third-party modules,MIT,vendor,1,agentomics,,Agentomics/src/agentomics/runtime/conda_utils.py
agentomics.tool.create_new_api_key,create_new_api_key,tool,Agentomics,general,python,UNAVAILABLE,False,MISSING_DEPS - third-party imports absent,missing python modules: requests,install the named third-party modules,MIT,vendor,1,requests,,Agentomics/src/agentomics/utils/api_keys.py
agentomics.tool.create_parser,create_parser,tool,Agentomics,general,python,UNAVAILABLE,False,MISSING_DEPS - third-party imports absent,missing python modules: agentomics,install the named third-party modules,MIT,vendor,1,agentomics,,Agentomics/src/agentomics/cli/docker_utils.py
agentomics.tool.create_prepared_folder_dataset,create_prepared_folder_dataset,tool,Agentomics,general,python,UNAVAILABLE,False,MISSING_DEPS - third-party imports absent,missing python modules: agentomics,install the named third-party modules,MIT,vendor,1,agentomics,,Agentomics/test/test_dataset_folder_split_contracts.py
agentomics.tool.create_replace_tool,create_replace_tool,tool,Agentomics,general,python,UNAVAILABLE,False,MISSING_DEPS - third-party imports absent,"missing python modules: agentomics, pydantic, pydantic_ai",install the named third-party modules,MIT,vendor,3,agentomics;pydantic;pydantic_ai,,Agentomics/src/agentomics/tools/replace_tool.py
agentomics.tool.create_run_python_tool,create_run_python_tool,tool,Agentomics,general,python,UNAVAILABLE,False,MISSING_DEPS - third-party imports absent,"missing python modules: agentomics, pydantic_ai",install the named third-party modules,MIT,vendor,2,agentomics;pydantic_ai,,Agentomics/src/agentomics/tools/run_python_tool.py
agentomics.tool.create_tool,create_tool,tool,Agentomics,general,python,UNAVAILABLE,False,MISSING_DEPS - third-party imports absent,"missing python modules: agentomics, pydantic_ai, weave",install the named third-party modules,MIT,vendor,3,agentomics;pydantic_ai;weave,,Agentomics/src/agentomics/tools/tool_registry.py
agentomics.tool.create_tools,create_tools,tool,Agentomics,general,python,UNAVAILABLE,False,MISSING_DEPS - third-party imports absent,"missing python modules: agentomics, pydantic_ai, weave",install the named third-party modules,MIT,vendor,3,agentomics;pydantic_ai;weave,,Agentomics/src/agentomics/tools/tool_registry.py
agentomics.tool.create_write_python_tool,create_write_python_tool,tool,Agentomics,general,python,UNAVAILABLE,False,MISSING_DEPS - third-party imports absent,"missing python modules: agentomics, pydantic_ai",install the named third-party modules,MIT,vendor,2,agentomics;pydantic_ai,,Agentomics/src/agentomics/tools/write_python_tool.py
agentomics.tool.define_serial_metrics,define_serial_metrics,tool,Agentomics,general,python,UNAVAILABLE,False,MISSING_DEPS - third-party imports absent,"missing python modules: agentomics, wandb",install the named third-party modules,MIT,vendor,2,agentomics;wandb,,Agentomics/src/agentomics/run_logging/logging_helpers.py
agentomics.tool.delete_all_keys_with_a_name,delete_all_keys_with_a_name,tool,Agentomics,general,python,UNAVAILABLE,False,MISSING_DEPS - third-party imports absent,missing python modules: requests,install the named third-party modules,MIT,vendor,1,requests,,Agentomics/src/agentomics/utils/api_keys.py
agentomics.tool.delete_api_key,delete_api_key,tool,Agentomics,general,python,UNAVAILABLE,False,MISSING_DEPS - third-party imports absent,missing python modules: requests,install the named third-party modules,MIT,vendor,1,requests,,Agentomics/src/agentomics/utils/api_keys.py
agentomics.tool.display_metrics_table,display_metrics_table,tool,Agentomics,general,python,UNAVAILABLE,False,MISSING_DEPS - third-party imports absent,"missing python modules: agentomics, rich",install the named third-party modules,MIT,vendor,2,agentomics;rich,,Agentomics/src/agentomics/utils/metrics_interactive.py
agentomics.tool.docker_environment_arguments,docker_environment_arguments,tool,Agentomics,general,python,UNAVAILABLE,False,MISSING_DEPS - third-party imports absent,missing python modules: agentomics,install the named third-party modules,MIT,vendor,1,agentomics,,Agentomics/src/agentomics/cli/docker_utils.py
agentomics.tool.does_file_contain_iteration_pattern,does_file_contain_iteration_pattern,tool,Agentomics,general,python,UNAVAILABLE,False,MISSING_DEPS - third-party imports absent,missing python modules: agentomics,install the named third-party modules,MIT,vendor,1,agentomics,,Agentomics/src/agentomics/runtime/read_write_utils.py
agentomics.tool.does_file_contain_string,does_file_contain_string,tool,Agentomics,general,python,UNAVAILABLE,False,MISSING_DEPS - third-party imports absent,missing python modules: agentomics,install the named third-party modules,MIT,vendor,1,agentomics,,Agentomics/src/agentomics/runtime/read_write_utils.py
agentomics.tool.ensure_dir,ensure_dir,tool,Agentomics,general,python,UNAVAILABLE,False,MISSING_DEPS - third-party imports absent,missing python modules: agentomics,install the named third-party modules,MIT,vendor,1,agentomics,,Agentomics/src/agentomics/runtime/generate_final_reports.py
agentomics.tool.ensure_environment_from_descriptor,ensure_environment_from_descriptor,tool,Agentomics,general,python,UNAVAILABLE,False,MISSING_DEPS - third-party imports absent,missing python modules: agentomics,install the named third-party modules,MIT,vendor,1,agentomics,,Agentomics/src/agentomics/runtime/conda_utils.py
agentomics.tool.evaluate_predictions,evaluate_predictions,tool,Agentomics,general,python,UNAVAILABLE,False,MISSING_DEPS - third-party imports absent,missing python modules: agentomics,install the named third-party modules,MIT,vendor,1,agentomics,,Agentomics/src/agentomics/runtime/evaluate.py
agentomics.tool.export_environment_archive,export_environment_archive,tool,Agentomics,general,python,UNAVAILABLE,False,MISSING_DEPS - third-party imports absent,missing python modules: agentomics,install the named third-party modules,MIT,vendor,1,agentomics,,Agentomics/src/agentomics/runtime/conda_utils.py
agentomics.tool.export_environment_descriptor_to_path,export_environment_descriptor_to_path,tool,Agentomics,general,python,UNAVAILABLE,False,MISSING_DEPS - third-party imports absent,missing python modules: agentomics,install the named third-party modules,MIT,vendor,1,agentomics,,Agentomics/src/agentomics/runtime/conda_utils.py
agentomics.tool.export_shared_environment_descriptor,export_shared_environment_descriptor,tool,Agentomics,general,python,UNAVAILABLE,False,MISSING_DEPS - third-party imports absent,missing python modules: agentomics,install the named third-party modules,MIT,vendor,1,agentomics,,Agentomics/src/agentomics/runtime/conda_utils.py
agentomics.tool.extract_steps,extract_steps,tool,Agentomics,general,python,UNAVAILABLE,False,MISSING_DEPS - third-party imports absent,missing python modules: agentomics,install the named third-party modules,MIT,vendor,1,agentomics,,Agentomics/src/agentomics/runtime/generate_final_reports.py
agentomics.tool.fabricate_final_result_messages,fabricate_final_result_messages,tool,Agentomics,general,python,UNAVAILABLE,False,MISSING_DEPS - third-party imports absent,"missing python modules: agentomics, pydantic_ai, weave",install the named third-party modules,MIT,vendor,3,agentomics;pydantic_ai;weave,,Agentomics/src/agentomics/agents/agent_utils.py
agentomics.tool.fabricate_initial_prompt_messages,fabricate_initial_prompt_messages,tool,Agentomics,general,python,UNAVAILABLE,False,MISSING_DEPS - third-party imports absent,"missing python modules: agentomics, pydantic_ai, weave",install the named third-party modules,MIT,vendor,3,agentomics;pydantic_ai;weave,,Agentomics/src/agentomics/agents/agent_utils.py
agentomics.tool.fork_run,fork_run,tool,Agentomics,general,python,UNAVAILABLE,False,MISSING_DEPS - third-party imports absent,missing python modules: agentomics,install the named third-party modules,MIT,vendor,1,agentomics,,Agentomics/src/agentomics/runtime/setup_fork.py
agentomics.tool.gather_iteration_inputs,gather_iteration_inputs,tool,Agentomics,general,python,UNAVAILABLE,False,MISSING_DEPS - third-party imports absent,missing python modules: agentomics,install the named third-party modules,MIT,vendor,1,agentomics,,Agentomics/src/agentomics/runtime/generate_final_reports.py
agentomics.tool.generate_breast_cancer_files,generate_breast_cancer_files,tool,Agentomics,general,python,UNAVAILABLE,False,MISSING_DEPS - third-party imports absent,"missing python modules: agentomics, genomic_benchmarks, sklearn",install the named third-party modules,MIT,vendor,3,agentomics;genomic_benchmarks;sklearn,,Agentomics/src/agentomics/datasets/create_datasets.py
agentomics.tool.generate_dataset_files,generate_dataset_files,tool,Agentomics,general,python,UNAVAILABLE,False,MISSING_DEPS - third-party imports absent,"missing python modules: agentomics, genomic_benchmarks, sklearn",install the named third-party modules,MIT,vendor,3,agentomics;genomic_benchmarks;sklearn,,Agentomics/src/agentomics/datasets/create_datasets.py
agentomics.tool.generate_digits_images_files,generate_digits_images_files,tool,Agentomics,general,python,UNAVAILABLE,False,MISSING_DEPS - third-party imports absent,"missing python modules: agentomics, genomic_benchmarks, sklearn",install the named third-party modules,MIT,vendor,3,agentomics;genomic_benchmarks;sklearn,,Agentomics/src/agentomics/datasets/create_datasets.py
agentomics.tool.generate_genomic_benchmarks_files,generate_genomic_benchmarks_files,tool,Agentomics,wgs,python,UNAVAILABLE,False,MISSING_DEPS - third-party imports absent,"missing python modules: agentomics, genomic_benchmarks, sklearn",install the named third-party modules,MIT,vendor,3,agentomics;genomic_benchmarks;sklearn,,Agentomics/src/agentomics/datasets/create_datasets.py
agentomics.tool.generate_mirbench_files,generate_mirbench_files,tool,Agentomics,general,python,UNAVAILABLE,False,MISSING_DEPS - third-party imports absent,"missing python modules: agentomics, genomic_benchmarks, sklearn",install the named third-party modules,MIT,vendor,3,agentomics;genomic_benchmarks;sklearn,,Agentomics/src/agentomics/datasets/create_datasets.py
agentomics.tool.generate_spoken_digits_files,generate_spoken_digits_files,tool,Agentomics,general,python,UNAVAILABLE,False,MISSING_DEPS - third-party imports absent,"missing python modules: agentomics, genomic_benchmarks, sklearn",install the named third-party modules,MIT,vendor,3,agentomics;genomic_benchmarks;sklearn,,Agentomics/src/agentomics/datasets/create_datasets.py
agentomics.tool.get_all_api_keys,get_all_api_keys,tool,Agentomics,general,python,UNAVAILABLE,False,MISSING_DEPS - third-party imports absent,missing python modules: requests,install the named third-party modules,MIT,vendor,1,requests,,Agentomics/src/agentomics/utils/api_keys.py
agentomics.tool.get_all_datasets_info,get_all_datasets_info,tool,Agentomics,general,python,UNAVAILABLE,False,MISSING_DEPS - third-party imports absent,"missing python modules: agentomics, rich",install the named third-party modules,MIT,vendor,2,agentomics;rich,,Agentomics/src/agentomics/datasets/datasets_interactive.py
agentomics.tool.get_api_key,get_api_key,tool,Agentomics,general,python,UNAVAILABLE,False,MISSING_DEPS - third-party imports absent,missing python modules: requests,install the named third-party modules,Apache-2.0,vendor,1,requests,,Agentomics/src/agentomics/utils/api_keys.py
agentomics.tool.get_api_key_usage,get_api_key_usage,tool,Agentomics,general,python,UNAVAILABLE,False,MISSING_DEPS - third-party imports absent,missing python modules: requests,install the named third-party modules,MIT,vendor,1,requests,,Agentomics/src/agentomics/utils/api_keys.py
agentomics.tool.get_archived_iterations,get_archived_iterations,tool,Agentomics,general,python,UNAVAILABLE,False,MISSING_DEPS - third-party imports absent,missing python modules: agentomics,install the named third-party modules,MIT,vendor,1,agentomics,,Agentomics/src/agentomics/runtime/read_write_utils.py
agentomics.tool.get_classification_metrics_functions,get_classification_metrics_functions,tool,Agentomics,general,python,UNAVAILABLE,False,MISSING_DEPS - third-party imports absent,"missing python modules: agentomics, sklearn",install the named third-party modules,MIT,vendor,2,agentomics;sklearn,,Agentomics/src/agentomics/utils/metrics.py
agentomics.tool.get_classification_metrics_names,get_classification_metrics_names,tool,Agentomics,general,python,UNAVAILABLE,False,MISSING_DEPS - third-party imports absent,"missing python modules: agentomics, sklearn",install the named third-party modules,MIT,vendor,2,agentomics;sklearn,,Agentomics/src/agentomics/utils/metrics.py
agentomics.tool.get_codex_auth_path,get_codex_auth_path,tool,Agentomics,general,python,UNAVAILABLE,False,MISSING_DEPS - third-party imports absent,missing python modules: httpx,install the named third-party modules,MIT,vendor,1,httpx,,Agentomics/src/agentomics/utils/providers/codex_auth.py
agentomics.tool.get_codex_models_cache_path,get_codex_models_cache_path,tool,Agentomics,general,python,UNAVAILABLE,False,MISSING_DEPS - third-party imports absent,missing python modules: httpx,install the named third-party modules,MIT,vendor,1,httpx,,Agentomics/src/agentomics/utils/providers/codex_auth.py
agentomics.tool.get_dataset_knowledge,get_dataset_knowledge,tool,Agentomics,general,python,UNAVAILABLE,False,MISSING_DEPS - third-party imports absent,missing python modules: agentomics,install the named third-party modules,MIT,vendor,1,agentomics,,Agentomics/src/agentomics/agents/prompt_builder.py
agentomics.tool.get_default_val_metric,get_default_val_metric,tool,Agentomics,general,python,UNAVAILABLE,False,MISSING_DEPS - third-party imports absent,"missing python modules: agentomics, sklearn",install the named third-party modules,MIT,vendor,2,agentomics;sklearn,,Agentomics/src/agentomics/utils/metrics.py
agentomics.tool.get_higher_is_better_map,get_higher_is_better_map,tool,Agentomics,general,python,UNAVAILABLE,False,MISSING_DEPS - third-party imports absent,"missing python modules: agentomics, sklearn",install the named third-party modules,MIT,vendor,2,agentomics;sklearn,,Agentomics/src/agentomics/utils/metrics.py
agentomics.tool.get_iteration_environment_archive_path,get_iteration_environment_archive_path,tool,Agentomics,general,python,UNAVAILABLE,False,MISSING_DEPS - third-party imports absent,missing python modules: agentomics,install the named third-party modules,MIT,vendor,1,agentomics,,Agentomics/src/agentomics/runtime/conda_utils.py
agentomics.tool.get_iteration_environment_descriptor_path,get_iteration_environment_descriptor_path,tool,Agentomics,general,python,UNAVAILABLE,False,MISSING_DEPS - third-party imports absent,missing python modules: agentomics,install the named third-party modules,MIT,vendor,1,agentomics,,Agentomics/src/agentomics/runtime/conda_utils.py
agentomics.tool.get_last_successful_iteration,get_last_successful_iteration,tool,Agentomics,general,python,UNAVAILABLE,False,MISSING_DEPS - third-party imports absent,missing python modules: agentomics,install the named third-party modules,MIT,vendor,1,agentomics,,Agentomics/src/agentomics/runtime/read_write_utils.py
agentomics.tool.get_metrics,get_metrics,tool,Agentomics,general,python,UNAVAILABLE,False,MISSING_DEPS - third-party imports absent,missing python modules: agentomics,install the named third-party modules,MIT,vendor,1,agentomics,,Agentomics/src/agentomics/runtime/evaluate_result.py
agentomics.tool.get_new_rundir_files,get_new_rundir_files,tool,Agentomics,general,python,UNAVAILABLE,False,MISSING_DEPS - third-party imports absent,missing python modules: agentomics,install the named third-party modules,MIT,vendor,1,agentomics,,Agentomics/src/agentomics/runtime/read_write_utils.py
agentomics.tool.get_next_iteration_index,get_next_iteration_index,tool,Agentomics,general,python,UNAVAILABLE,False,MISSING_DEPS - third-party imports absent,missing python modules: agentomics,install the named third-party modules,MIT,vendor,1,agentomics,,Agentomics/src/agentomics/runtime/read_write_utils.py
agentomics.tool.get_provided_api_keys,get_provided_api_keys,tool,Agentomics,general,python,UNAVAILABLE,False,MISSING_DEPS - third-party imports absent,"missing python modules: agentomics, httpx, openai, pydantic_ai, requests, rich",install the named third-party modules,MIT,vendor,6,agentomics;httpx;openai;pydantic_ai;requests;rich,,Agentomics/src/agentomics/utils/providers/provider.py
agentomics.tool.get_provider_and_api_key,get_provider_and_api_key,tool,Agentomics,general,python,UNAVAILABLE,False,MISSING_DEPS - third-party imports absent,"missing python modules: agentomics, httpx, openai, pydantic_ai, requests, rich",install the named third-party modules,MIT,vendor,6,agentomics;httpx;openai;pydantic_ai;requests;rich,,Agentomics/src/agentomics/utils/providers/provider.py
agentomics.tool.get_provider_from_string,get_provider_from_string,tool,Agentomics,general,python,UNAVAILABLE,False,MISSING_DEPS - third-party imports absent,"missing python modules: agentomics, httpx, openai, pydantic_ai, requests, rich",install the named third-party modules,MIT,vendor,6,agentomics;httpx;openai;pydantic_ai;requests;rich,,Agentomics/src/agentomics/utils/providers/provider.py
agentomics.tool.get_regression_metrics_functions,get_regression_metrics_functions,tool,Agentomics,general,python,UNAVAILABLE,False,MISSING_DEPS - third-party imports absent,"missing python modules: agentomics, sklearn",install the named third-party modules,MIT,vendor,2,agentomics;sklearn,,Agentomics/src/agentomics/utils/metrics.py
agentomics.tool.get_regression_metrics_names,get_regression_metrics_names,tool,Agentomics,general,python,UNAVAILABLE,False,MISSING_DEPS - third-party imports absent,"missing python modules: agentomics, sklearn",install the named third-party modules,MIT,vendor,2,agentomics;sklearn,,Agentomics/src/agentomics/utils/metrics.py
agentomics.tool.get_shared_environment_path,get_shared_environment_path,tool,Agentomics,general,python,UNAVAILABLE,False,MISSING_DEPS - third-party imports absent,missing python modules: agentomics,install the named third-party modules,MIT,vendor,1,agentomics,,Agentomics/src/agentomics/runtime/conda_utils.py
agentomics.tool.get_shared_test_resources,get_shared_test_resources,tool,Agentomics,general,python,UNAVAILABLE,False,MISSING_DEPS - third-party imports absent,missing python modules: agentomics,install the named third-party modules,MIT,vendor,1,agentomics,,Agentomics/test/test_utils.py
agentomics.tool.get_split_metrics,get_split_metrics,tool,Agentomics,general,python,UNAVAILABLE,False,MISSING_DEPS - third-party imports absent,missing python modules: agentomics,install the named third-party modules,MIT,vendor,1,agentomics,,Agentomics/src/agentomics/runtime/generate_final_reports.py
agentomics.tool.get_step_class,get_step_class,tool,Agentomics,general,python,UNAVAILABLE,False,MISSING_DEPS - third-party imports absent,missing python modules: agentomics,install the named third-party modules,MIT,vendor,1,agentomics,,Agentomics/src/agentomics/agents/steps/step_registry.py
agentomics.tool.get_step_sequence,get_step_sequence,tool,Agentomics,general,python,UNAVAILABLE,False,MISSING_DEPS - third-party imports absent,missing python modules: agentomics,install the named third-party modules,MIT,vendor,1,agentomics,,Agentomics/src/agentomics/agents/steps/step_registry.py
agentomics.tool.get_system_prompt,get_system_prompt,tool,Agentomics,general,python,UNAVAILABLE,False,MISSING_DEPS - third-party imports absent,missing python modules: agentomics,install the named third-party modules,MIT,vendor,1,agentomics,,Agentomics/src/agentomics/agents/prompt_builder.py
agentomics.tool.get_task_to_metrics_names,get_task_to_metrics_names,tool,Agentomics,general,python,UNAVAILABLE,False,MISSING_DEPS - third-party imports absent,"missing python modules: agentomics, sklearn",install the named third-party modules,MIT,vendor,2,agentomics;sklearn,,Agentomics/src/agentomics/utils/metrics.py
agentomics.tool.get_tool_names,get_tool_names,tool,Agentomics,general,python,UNAVAILABLE,False,MISSING_DEPS - third-party imports absent,"missing python modules: agentomics, pydantic_ai, weave",install the named third-party modules,MIT,vendor,3,agentomics;pydantic_ai;weave,,Agentomics/src/agentomics/tools/tool_registry.py
agentomics.tool.get_user_input_for_int,get_user_input_for_int,tool,Agentomics,general,python,UNAVAILABLE,False,MISSING_DEPS - third-party imports absent,missing python modules: rich,install the named third-party modules,MIT,vendor,1,rich,,Agentomics/src/agentomics/utils/user_input.py
agentomics.tool.get_version,get_version,tool,Agentomics,general,python,UNAVAILABLE,False,MISSING_DEPS - third-party imports absent,missing python modules: agentomics,install the named third-party modules,MIT,vendor,1,agentomics,,Agentomics/src/agentomics/utils/versioning.py
agentomics.tool.initialize_current_iteration_metadata,initialize_current_iteration_metadata,tool,Agentomics,general,python,UNAVAILABLE,False,MISSING_DEPS - third-party imports absent,missing python modules: agentomics,install the named third-party modules,MIT,vendor,1,agentomics,,Agentomics/src/agentomics/runtime/read_write_utils.py
agentomics.tool.initialize_current_iteration_state,initialize_current_iteration_state,tool,Agentomics,general,python,UNAVAILABLE,False,MISSING_DEPS - third-party imports absent,missing python modules: agentomics,install the named third-party modules,MIT,vendor,1,agentomics,,Agentomics/src/agentomics/runtime/read_write_utils.py
agentomics.tool.initialize_current_iteration_workspace,initialize_current_iteration_workspace,tool,Agentomics,general,python,UNAVAILABLE,False,MISSING_DEPS - third-party imports absent,missing python modules: agentomics,install the named third-party modules,MIT,vendor,1,agentomics,,Agentomics/src/agentomics/runtime/read_write_utils.py
agentomics.tool.initialize_repo_if_needed,initialize_repo_if_needed,tool,Agentomics,general,python,UNAVAILABLE,False,MISSING_DEPS - third-party imports absent,missing python modules: agentomics,install the named third-party modules,MIT,vendor,1,agentomics,,Agentomics/src/agentomics/runtime/git_checkpoints.py
agentomics.tool.initialize_run_directories,initialize_run_directories,tool,Agentomics,general,python,UNAVAILABLE,False,MISSING_DEPS - third-party imports absent,missing python modules: agentomics,install the named third-party modules,MIT,vendor,1,agentomics,,Agentomics/src/agentomics/runtime/read_write_utils.py
agentomics.tool.interactive_dataset_selection,interactive_dataset_selection,tool,Agentomics,general,python,UNAVAILABLE,False,MISSING_DEPS - third-party imports absent,"missing python modules: agentomics, rich",install the named third-party modules,MIT,vendor,2,agentomics;rich,,Agentomics/src/agentomics/datasets/datasets_interactive.py
agentomics.tool.is_public_csv_dataset,is_public_csv_dataset,tool,Agentomics,general,python,UNAVAILABLE,False,MISSING_DEPS - third-party imports absent,missing python modules: agentomics,install the named third-party modules,MIT,vendor,1,agentomics,,Agentomics/src/agentomics/datasets/csv_converter.py
agentomics.tool.is_test_csv_dataset,is_test_csv_dataset,tool,Agentomics,general,python,UNAVAILABLE,False,MISSING_DEPS - third-party imports absent,missing python modules: agentomics,install the named third-party modules,MIT,vendor,1,agentomics,,Agentomics/src/agentomics/datasets/csv_converter.py
agentomics.tool.is_wandb_active,is_wandb_active,tool,Agentomics,general,python,UNAVAILABLE,False,MISSING_DEPS - third-party imports absent,"missing python modules: agentomics, wandb",install the named third-party modules,MIT,vendor,2,agentomics;wandb,,Agentomics/src/agentomics/run_logging/logging_helpers.py
agentomics.tool.list_dataset_names,list_dataset_names,tool,Agentomics,general,python,UNAVAILABLE,False,MISSING_DEPS - third-party imports absent,"missing python modules: agentomics, genomic_benchmarks, sklearn",install the named third-party modules,MIT,vendor,3,agentomics;genomic_benchmarks;sklearn,,Agentomics/src/agentomics/datasets/create_datasets.py
agentomics.tool.list_required_api_keys,list_required_api_keys,tool,Agentomics,general,python,UNAVAILABLE,False,MISSING_DEPS - third-party imports absent,"missing python modules: agentomics, httpx, openai, pydantic_ai, requests, rich",install the named third-party modules,MIT,vendor,6,agentomics;httpx;openai;pydantic_ai;requests;rich,,Agentomics/src/agentomics/utils/providers/provider.py
agentomics.tool.load_best_iteration_snapshot_iteration,load_best_iteration_snapshot_iteration,tool,Agentomics,general,python,UNAVAILABLE,False,MISSING_DEPS - third-party imports absent,missing python modules: agentomics,install the named third-party modules,MIT,vendor,1,agentomics,,Agentomics/src/agentomics/runtime/read_write_utils.py
agentomics.tool.load_config,load_config,tool,Agentomics,general,python,UNAVAILABLE,False,MISSING_DEPS - third-party imports absent,missing python modules: agentomics,install the named third-party modules,MIT,vendor,1,agentomics,,Agentomics/src/agentomics/runtime/read_write_utils.py
agentomics.tool.load_config_from_run_dir,load_config_from_run_dir,tool,Agentomics,general,python,UNAVAILABLE,False,MISSING_DEPS - third-party imports absent,missing python modules: agentomics,install the named third-party modules,MIT,vendor,1,agentomics,,Agentomics/src/agentomics/runtime/read_write_utils.py
agentomics.tool.load_config_from_run_dir_and_reroot,load_config_from_run_dir_and_reroot,tool,Agentomics,general,python,UNAVAILABLE,False,MISSING_DEPS - third-party imports absent,missing python modules: agentomics,install the named third-party modules,MIT,vendor,1,agentomics,,Agentomics/src/agentomics/runtime/read_write_utils.py
agentomics.tool.load_current_iteration_base_prompt,load_current_iteration_base_prompt,tool,Agentomics,general,python,UNAVAILABLE,False,MISSING_DEPS - third-party imports absent,missing python modules: agentomics,install the named third-party modules,MIT,vendor,1,agentomics,,Agentomics/src/agentomics/runtime/read_write_utils.py
agentomics.tool.load_current_iteration_index,load_current_iteration_index,tool,Agentomics,general,python,UNAVAILABLE,False,MISSING_DEPS - third-party imports absent,missing python modules: agentomics,install the named third-party modules,MIT,vendor,1,agentomics,,Agentomics/src/agentomics/runtime/read_write_utils.py
agentomics.tool.load_current_iteration_system_prompt,load_current_iteration_system_prompt,tool,Agentomics,general,python,UNAVAILABLE,False,MISSING_DEPS - third-party imports absent,missing python modules: agentomics,install the named third-party modules,MIT,vendor,1,agentomics,,Agentomics/src/agentomics/runtime/read_write_utils.py
agentomics.tool.load_dataset_meta_from_config,load_dataset_meta_from_config,tool,Agentomics,general,python,UNAVAILABLE,False,MISSING_DEPS - third-party imports absent,missing python modules: agentomics,install the named third-party modules,MIT,vendor,1,agentomics,,Agentomics/src/agentomics/runtime/generate_final_reports.py
agentomics.tool.load_dataset_metadata,load_dataset_metadata,tool,Agentomics,general,python,UNAVAILABLE,False,MISSING_DEPS - third-party imports absent,missing python modules: agentomics,install the named third-party modules,MIT,vendor,1,agentomics,,Agentomics/src/agentomics/runtime/read_write_utils.py
agentomics.tool.load_iteration_duration,load_iteration_duration,tool,Agentomics,general,python,UNAVAILABLE,False,MISSING_DEPS - third-party imports absent,missing python modules: agentomics,install the named third-party modules,MIT,vendor,1,agentomics,,Agentomics/src/agentomics/runtime/read_write_utils.py
agentomics.tool.load_iteration_metadata,load_iteration_metadata,tool,Agentomics,general,python,UNAVAILABLE,False,MISSING_DEPS - third-party imports absent,missing python modules: agentomics,install the named third-party modules,MIT,vendor,1,agentomics,,Agentomics/src/agentomics/runtime/read_write_utils.py
agentomics.tool.load_iteration_state,load_iteration_state,tool,Agentomics,general,python,UNAVAILABLE,False,MISSING_DEPS - third-party imports absent,missing python modules: agentomics,install the named third-party modules,MIT,vendor,1,agentomics,,Agentomics/src/agentomics/runtime/read_write_utils.py
agentomics.tool.load_run_meta,load_run_meta,tool,Agentomics,general,python,UNAVAILABLE,False,MISSING_DEPS - third-party imports absent,missing python modules: agentomics,install the named third-party modules,MIT,vendor,1,agentomics,,Agentomics/src/agentomics/runtime/generate_final_reports.py
agentomics.tool.load_saved_metrics,load_saved_metrics,tool,Agentomics,general,python,UNAVAILABLE,False,MISSING_DEPS - third-party imports absent,missing python modules: agentomics,install the named third-party modules,MIT,vendor,1,agentomics,,Agentomics/src/agentomics/runtime/generate_final_reports.py
agentomics.tool.load_split_label_dfs,load_split_label_dfs,tool,Agentomics,general,python,UNAVAILABLE,False,MISSING_DEPS - third-party imports absent,missing python modules: agentomics,install the named third-party modules,MIT,vendor,1,agentomics,,Agentomics/src/agentomics/datasets/label_processing.py
agentomics.tool.load_step_output,load_step_output,tool,Agentomics,general,python,UNAVAILABLE,False,MISSING_DEPS - third-party imports absent,missing python modules: agentomics,install the named third-party modules,MIT,vendor,1,agentomics,,Agentomics/src/agentomics/runtime/step_outputs.py
agentomics.tool.load_step_outputs,load_step_outputs,tool,Agentomics,general,python,UNAVAILABLE,False,MISSING_DEPS - third-party imports absent,missing python modules: agentomics,install the named third-party modules,MIT,vendor,1,agentomics,,Agentomics/src/agentomics/runtime/step_outputs.py
agentomics.tool.load_validation_metrics,load_validation_metrics,tool,Agentomics,general,python,UNAVAILABLE,False,MISSING_DEPS - third-party imports absent,missing python modules: agentomics,install the named third-party modules,MIT,vendor,1,agentomics,,Agentomics/src/agentomics/runtime/generate_final_reports.py
agentomics.tool.log_files,log_files,tool,Agentomics,general,python,UNAVAILABLE,False,MISSING_DEPS - third-party imports absent,"missing python modules: agentomics, wandb",install the named third-party modules,MIT,vendor,2,agentomics;wandb,,Agentomics/src/agentomics/run_logging/logging_helpers.py
agentomics.tool.log_iteration_duration,log_iteration_duration,tool,Agentomics,general,python,UNAVAILABLE,False,MISSING_DEPS - third-party imports absent,"missing python modules: agentomics, wandb",install the named third-party modules,MIT,vendor,2,agentomics;wandb,,Agentomics/src/agentomics/run_logging/logging_helpers.py
agentomics.tool.log_iteration_metrics,log_iteration_metrics,tool,Agentomics,general,python,UNAVAILABLE,False,MISSING_DEPS - third-party imports absent,"missing python modules: agentomics, wandb",install the named third-party modules,MIT,vendor,2,agentomics;wandb,,Agentomics/src/agentomics/run_logging/logging_helpers.py
agentomics.tool.log_new_best,log_new_best,tool,Agentomics,general,python,UNAVAILABLE,False,MISSING_DEPS - third-party imports absent,"missing python modules: agentomics, wandb",install the named third-party modules,MIT,vendor,2,agentomics;wandb,,Agentomics/src/agentomics/run_logging/logging_helpers.py
agentomics.tool.log_serial_metrics,log_serial_metrics,tool,Agentomics,general,python,UNAVAILABLE,False,MISSING_DEPS - third-party imports absent,"missing python modules: agentomics, wandb",install the named third-party modules,MIT,vendor,2,agentomics;wandb,,Agentomics/src/agentomics/run_logging/logging_helpers.py
agentomics.tool.log_split_is_allowed,log_split_is_allowed,tool,Agentomics,general,python,UNAVAILABLE,False,MISSING_DEPS - third-party imports absent,"missing python modules: agentomics, wandb",install the named third-party modules,MIT,vendor,2,agentomics;wandb,,Agentomics/src/agentomics/run_logging/logging_helpers.py
agentomics.tool.log_test_inference_duration,log_test_inference_duration,tool,Agentomics,general,python,UNAVAILABLE,False,MISSING_DEPS - third-party imports absent,"missing python modules: agentomics, wandb",install the named third-party modules,MIT,vendor,2,agentomics;wandb,,Agentomics/src/agentomics/run_logging/logging_helpers.py
agentomics.tool.login_to_wandb,login_to_wandb,tool,Agentomics,general,python,UNAVAILABLE,False,MISSING_DEPS - third-party imports absent,"missing python modules: agentomics, wandb",install the named third-party modules,MIT,vendor,2,agentomics;wandb,,Agentomics/src/agentomics/run_logging/logging_helpers.py
agentomics.tool.make_500_response,make_500_response,tool,Agentomics,general,python,UNAVAILABLE,False,MISSING_DEPS - third-party imports absent,"missing python modules: httpx, openai",install the named third-party modules,MIT,vendor,2,httpx;openai,,Agentomics/test/test_retry_transport.py
agentomics.tool.make_jwt,make_jwt,tool,Agentomics,general,python,UNAVAILABLE,False,MISSING_DEPS - third-party imports absent,"missing python modules: agentomics, pydantic_ai",install the named third-party modules,MIT,vendor,2,agentomics;pydantic_ai,,Agentomics/test/test_codex_provider.py
agentomics.tool.merge_labels_and_preds,merge_labels_and_preds,tool,Agentomics,general,python,UNAVAILABLE,False,MISSING_DEPS - third-party imports absent,missing python modules: agentomics,install the named third-party modules,MIT,vendor,1,agentomics,,Agentomics/src/agentomics/runtime/generate_final_reports.py
agentomics.tool.metrics_table_flowable,metrics_table_flowable,tool,Agentomics,general,python,UNAVAILABLE,False,MISSING_DEPS - third-party imports absent,missing python modules: agentomics,install the named third-party modules,MIT,vendor,1,agentomics,,Agentomics/src/agentomics/runtime/generate_final_reports.py
agentomics.tool.plot_classification,plot_classification,tool,Agentomics,general,python,UNAVAILABLE,False,MISSING_DEPS - third-party imports absent,missing python modules: agentomics,install the named third-party modules,MIT,vendor,1,agentomics,,Agentomics/src/agentomics/runtime/generate_final_reports.py
agentomics.tool.plot_regression,plot_regression,tool,Agentomics,general,python,UNAVAILABLE,False,MISSING_DEPS - third-party imports absent,missing python modules: agentomics,install the named third-party modules,MIT,vendor,1,agentomics,,Agentomics/src/agentomics/runtime/generate_final_reports.py
agentomics.tool.plots_compare_splits_page_flowables,plots_compare_splits_page_flowables,tool,Agentomics,general,python,UNAVAILABLE,False,MISSING_DEPS - third-party imports absent,missing python modules: agentomics,install the named third-party modules,MIT,vendor,1,agentomics,,Agentomics/src/agentomics/runtime/generate_final_reports.py
agentomics.tool.prepare_dataset,prepare_dataset,tool,Agentomics,general,python,UNAVAILABLE,False,MISSING_DEPS - third-party imports absent,"missing python modules: agentomics, rich",install the named third-party modules,MIT,vendor,2,agentomics;rich,,Agentomics/src/agentomics/datasets/dataset_preparation.py
agentomics.tool.prepare_inference_input,prepare_inference_input,tool,Agentomics,general,python,UNAVAILABLE,False,MISSING_DEPS - third-party imports absent,missing python modules: agentomics,install the named third-party modules,MIT,vendor,1,agentomics,,Agentomics/src/agentomics/runtime/inference_workflow.py
agentomics.tool.prepare_test_dataset,prepare_test_dataset,tool,Agentomics,general,python,UNAVAILABLE,False,MISSING_DEPS - third-party imports absent,"missing python modules: agentomics, rich",install the named third-party modules,MIT,vendor,2,agentomics;rich,,Agentomics/src/agentomics/datasets/dataset_preparation.py
agentomics.tool.prettify_step_title,prettify_step_title,tool,Agentomics,general,python,UNAVAILABLE,False,MISSING_DEPS - third-party imports absent,missing python modules: agentomics,install the named third-party modules,MIT,vendor,1,agentomics,,Agentomics/src/agentomics/runtime/generate_final_reports.py
agentomics.tool.pretty_print,pretty_print,tool,Agentomics,general,python,UNAVAILABLE,False,MISSING_DEPS - third-party imports absent,"missing python modules: agentomics, pydantic_ai, pydantic_graph",install the named third-party modules,MIT,vendor,3,agentomics;pydantic_ai;pydantic_graph,,Agentomics/src/agentomics/utils/printing_utils.py
agentomics.tool.pretty_print_code,pretty_print_code,tool,Agentomics,general,python,UNAVAILABLE,False,MISSING_DEPS - third-party imports absent,"missing python modules: agentomics, pydantic_ai, pydantic_graph",install the named third-party modules,MIT,vendor,3,agentomics;pydantic_ai;pydantic_graph,,Agentomics/src/agentomics/utils/printing_utils.py
agentomics.tool.pretty_print_node,pretty_print_node,tool,Agentomics,general,python,UNAVAILABLE,False,MISSING_DEPS - third-party imports absent,"missing python modules: agentomics, pydantic_ai, pydantic_graph",install the named third-party modules,MIT,vendor,3,agentomics;pydantic_ai;pydantic_graph,,Agentomics/src/agentomics/utils/printing_utils.py
agentomics.tool.print_best_iteration_metrics,print_best_iteration_metrics,tool,Agentomics,general,python,UNAVAILABLE,False,MISSING_DEPS - third-party imports absent,"missing python modules: agentomics, pydantic_ai, pydantic_graph",install the named third-party modules,MIT,vendor,3,agentomics;pydantic_ai;pydantic_graph,,Agentomics/src/agentomics/utils/printing_utils.py
agentomics.tool.print_datasets_table,print_datasets_table,tool,Agentomics,general,python,UNAVAILABLE,False,MISSING_DEPS - third-party imports absent,"missing python modules: agentomics, rich",install the named third-party modules,MIT,vendor,2,agentomics;rich,,Agentomics/src/agentomics/datasets/datasets_interactive.py
agentomics.tool.print_label_summary,print_label_summary,tool,Agentomics,general,python,UNAVAILABLE,False,MISSING_DEPS - third-party imports absent,"missing python modules: agentomics, rich",install the named third-party modules,MIT,vendor,2,agentomics;rich,,Agentomics/src/agentomics/datasets/datasets_interactive.py
agentomics.tool.print_phase,print_phase,tool,Agentomics,general,python,UNAVAILABLE,False,MISSING_DEPS - third-party imports absent,"missing python modules: agentomics, pydantic_ai, pydantic_graph",install the named third-party modules,MIT,vendor,3,agentomics;pydantic_ai;pydantic_graph,,Agentomics/src/agentomics/utils/printing_utils.py
agentomics.tool.render_iteration_report,render_iteration_report,tool,Agentomics,general,python,UNAVAILABLE,False,MISSING_DEPS - third-party imports absent,missing python modules: agentomics,install the named third-party modules,MIT,vendor,1,agentomics,,Agentomics/src/agentomics/runtime/iteration_reports.py
agentomics.tool.replace_string_in_tree_files,replace_string_in_tree_files,tool,Agentomics,general,python,UNAVAILABLE,False,MISSING_DEPS - third-party imports absent,missing python modules: agentomics,install the named third-party modules,MIT,vendor,1,agentomics,,Agentomics/src/agentomics/runtime/read_write_utils.py
agentomics.tool.require_step_output,require_step_output,tool,Agentomics,general,python,UNAVAILABLE,False,MISSING_DEPS - third-party imports absent,missing python modules: agentomics,install the named third-party modules,MIT,vendor,1,agentomics,,Agentomics/src/agentomics/runtime/step_outputs.py
agentomics.tool.resolve_run_arguments,resolve_run_arguments,tool,Agentomics,general,python,UNAVAILABLE,False,MISSING_DEPS - third-party imports absent,"missing python modules: agentomics, rich",install the named third-party modules,MIT,vendor,2,agentomics;rich,,Agentomics/src/agentomics/run_agent_interactive.py
agentomics.tool.resolve_training_paths,resolve_training_paths,tool,Agentomics,general,python,UNAVAILABLE,False,MISSING_DEPS - third-party imports absent,missing python modules: agentomics,install the named third-party modules,MIT,vendor,1,agentomics,,Agentomics/src/agentomics/runtime/training_workflow.py
agentomics.tool.resolve_val_metric,resolve_val_metric,tool,Agentomics,general,python,UNAVAILABLE,False,MISSING_DEPS - third-party imports absent,"missing python modules: agentomics, sklearn",install the named third-party modules,MIT,vendor,2,agentomics;sklearn,,Agentomics/src/agentomics/utils/metrics.py
agentomics.tool.restore_iteration_environment,restore_iteration_environment,tool,Agentomics,general,python,UNAVAILABLE,False,MISSING_DEPS - third-party imports absent,missing python modules: agentomics,install the named third-party modules,MIT,vendor,1,agentomics,,Agentomics/src/agentomics/runtime/conda_utils.py
agentomics.tool.resume_wandb_run,resume_wandb_run,tool,Agentomics,general,python,UNAVAILABLE,False,MISSING_DEPS - third-party imports absent,"missing python modules: agentomics, wandb, weave",install the named third-party modules,MIT,vendor,3,agentomics;wandb;weave,,Agentomics/src/agentomics/run_logging/wandb_setup.py
agentomics.tool.run_agent,run_agent,tool,Agentomics,general,python,UNAVAILABLE,False,MISSING_DEPS - third-party imports absent,"missing python modules: agentomics, pydantic_ai, weave",install the named third-party modules,MIT,vendor,3,agentomics;pydantic_ai;weave,,Agentomics/src/agentomics/agents/agent_utils.py
agentomics.tool.run_agent_interactive,run_agent_interactive,tool,Agentomics,general,python,UNAVAILABLE,False,MISSING_DEPS - third-party imports absent,"missing python modules: agentomics, rich",install the named third-party modules,MIT,vendor,2,agentomics;rich,,Agentomics/src/agentomics/run_agent_interactive.py
agentomics.tool.run_agentomics,run_agentomics,tool,Agentomics,general,python,UNAVAILABLE,False,MISSING_DEPS - third-party imports absent,"missing python modules: agentomics, pydantic_ai, weave",install the named third-party modules,MIT,vendor,3,agentomics;pydantic_ai;weave,,Agentomics/src/agentomics/runtime/run_lifecycle.py
agentomics.tool.run_experiment,run_experiment,tool,Agentomics,general,python,UNAVAILABLE,False,MISSING_DEPS - third-party imports absent,"missing python modules: agentomics, timeout_function_decorator, wandb",install the named third-party modules,MIT,vendor,3,agentomics;timeout_function_decorator;wandb,,Agentomics/src/agentomics/run_agent.py
agentomics.tool.run_inference_in_docker,run_inference_in_docker,tool,Agentomics,general,python,UNAVAILABLE,False,MISSING_DEPS - third-party imports absent,missing python modules: agentomics,install the named third-party modules,MIT,vendor,1,agentomics,,Agentomics/src/agentomics/cli/inference.py
agentomics.tool.run_inference_on_split,run_inference_on_split,tool,Agentomics,general,python,UNAVAILABLE,False,MISSING_DEPS - third-party imports absent,missing python modules: agentomics,install the named third-party modules,MIT,vendor,1,agentomics,,Agentomics/src/agentomics/runtime/inference_runner.py
agentomics.tool.run_inference_script,run_inference_script,tool,Agentomics,general,python,UNAVAILABLE,False,MISSING_DEPS - third-party imports absent,missing python modules: agentomics,install the named third-party modules,MIT,vendor,1,agentomics,,Agentomics/src/agentomics/runtime/inference_runner.py
agentomics.tool.run_inference_workflow,run_inference_workflow,tool,Agentomics,general,python,UNAVAILABLE,False,MISSING_DEPS - third-party imports absent,missing python modules: agentomics,install the named third-party modules,MIT,vendor,1,agentomics,,Agentomics/src/agentomics/runtime/inference_workflow.py
agentomics.tool.run_meta_flowables,run_meta_flowables,tool,Agentomics,general,python,UNAVAILABLE,False,MISSING_DEPS - third-party imports absent,missing python modules: agentomics,install the named third-party modules,MIT,vendor,1,agentomics,,Agentomics/src/agentomics/runtime/generate_final_reports.py
agentomics.tool.run_python_in_docker,run_python_in_docker,tool,Agentomics,general,python,UNAVAILABLE,False,MISSING_DEPS - third-party imports absent,missing python modules: agentomics,install the named third-party modules,MIT,vendor,1,agentomics,,Agentomics/src/agentomics/cli/docker_utils.py
agentomics.tool.run_python_in_environment,run_python_in_environment,tool,Agentomics,general,python,UNAVAILABLE,False,MISSING_DEPS - third-party imports absent,missing python modules: agentomics,install the named third-party modules,MIT,vendor,1,agentomics,,Agentomics/src/agentomics/runtime/conda_utils.py
agentomics.tool.run_report_workflow,run_report_workflow,tool,Agentomics,general,python,UNAVAILABLE,False,MISSING_DEPS - third-party imports absent,missing python modules: agentomics,install the named third-party modules,MIT,vendor,1,agentomics,,Agentomics/src/agentomics/runtime/report_workflow.py
agentomics.tool.run_training_workflow,run_training_workflow,tool,Agentomics,general,python,UNAVAILABLE,False,MISSING_DEPS - third-party imports absent,missing python modules: agentomics,install the named third-party modules,MIT,vendor,1,agentomics,,Agentomics/src/agentomics/runtime/training_workflow.py
agentomics.tool.run_workflow,run_workflow,tool,Agentomics,general,python,UNAVAILABLE,False,MISSING_DEPS - third-party imports absent,"missing python modules: agentomics, wandb",install the named third-party modules,MIT,vendor,2,agentomics;wandb,,Agentomics/src/agentomics/runtime/run_workflow.py
agentomics.tool.safe_read_csv,safe_read_csv,tool,Agentomics,general,python,UNAVAILABLE,False,MISSING_DEPS - third-party imports absent,missing python modules: agentomics,install the named third-party modules,MIT,vendor,1,agentomics,,Agentomics/src/agentomics/runtime/generate_final_reports.py
agentomics.tool.save_config,save_config,tool,Agentomics,general,python,UNAVAILABLE,False,MISSING_DEPS - third-party imports absent,missing python modules: agentomics,install the named third-party modules,MIT,vendor,1,agentomics,,Agentomics/src/agentomics/runtime/read_write_utils.py
agentomics.tool.save_dataset_metadata,save_dataset_metadata,tool,Agentomics,general,python,UNAVAILABLE,False,MISSING_DEPS - third-party imports absent,missing python modules: agentomics,install the named third-party modules,MIT,vendor,1,agentomics,,Agentomics/src/agentomics/runtime/read_write_utils.py
agentomics.tool.save_step_output,save_step_output,tool,Agentomics,general,python,UNAVAILABLE,False,MISSING_DEPS - third-party imports absent,missing python modules: agentomics,install the named third-party modules,MIT,vendor,1,agentomics,,Agentomics/src/agentomics/runtime/step_outputs.py
agentomics.tool.select_csv_label_column,select_csv_label_column,tool,Agentomics,general,python,UNAVAILABLE,False,MISSING_DEPS - third-party imports absent,"missing python modules: agentomics, rich",install the named third-party modules,MIT,vendor,2,agentomics;rich,,Agentomics/src/agentomics/datasets/datasets_interactive.py
agentomics.tool.select_positive_class,select_positive_class,tool,Agentomics,general,python,UNAVAILABLE,False,MISSING_DEPS - third-party imports absent,"missing python modules: agentomics, rich",install the named third-party modules,MIT,vendor,2,agentomics;rich,,Agentomics/src/agentomics/datasets/datasets_interactive.py
agentomics.tool.select_task_type,select_task_type,tool,Agentomics,general,python,UNAVAILABLE,False,MISSING_DEPS - third-party imports absent,"missing python modules: agentomics, rich",install the named third-party modules,MIT,vendor,2,agentomics;rich,,Agentomics/src/agentomics/datasets/datasets_interactive.py
agentomics.tool.setup_logging,setup_logging,tool,Agentomics,general,python,UNAVAILABLE,False,MISSING_DEPS - third-party imports absent,"missing python modules: agentomics, wandb, weave",install the named third-party modules,MIT,vendor,3,agentomics;wandb;weave,,Agentomics/src/agentomics/run_logging/wandb_setup.py
agentomics.tool.step_body_to_flowables,step_body_to_flowables,tool,Agentomics,general,python,UNAVAILABLE,False,MISSING_DEPS - third-party imports absent,missing python modules: agentomics,install the named third-party modules,MIT,vendor,1,agentomics,,Agentomics/src/agentomics/runtime/generate_final_reports.py
agentomics.tool.truncate_float,truncate_float,tool,Agentomics,general,python,UNAVAILABLE,False,MISSING_DEPS - third-party imports absent,"missing python modules: agentomics, pydantic_ai, pydantic_graph",install the named third-party modules,MIT,vendor,3,agentomics;pydantic_ai;pydantic_graph,,Agentomics/src/agentomics/utils/printing_utils.py
agentomics.tool.update_best_iteration_snapshot,update_best_iteration_snapshot,tool,Agentomics,general,python,UNAVAILABLE,False,MISSING_DEPS - third-party imports absent,"missing python modules: agentomics, wandb",install the named third-party modules,MIT,vendor,2,agentomics;wandb,,Agentomics/src/agentomics/runtime/best_iteration_snapshot.py
agentomics.tool.update_current_iteration_state,update_current_iteration_state,tool,Agentomics,general,python,UNAVAILABLE,False,MISSING_DEPS - third-party imports absent,missing python modules: agentomics,install the named third-party modules,MIT,vendor,1,agentomics,,Agentomics/src/agentomics/runtime/read_write_utils.py
agentomics.tool.update_environment_from_descriptor,update_environment_from_descriptor,tool,Agentomics,general,python,UNAVAILABLE,False,MISSING_DEPS - third-party imports absent,missing python modules: agentomics,install the named third-party modules,MIT,vendor,1,agentomics,,Agentomics/src/agentomics/runtime/conda_utils.py
agentomics.tool.validate_docker_gpu_access,validate_docker_gpu_access,tool,Agentomics,general,python,UNAVAILABLE,False,MISSING_DEPS - third-party imports absent,missing python modules: agentomics,install the named third-party modules,MIT,vendor,1,agentomics,,Agentomics/src/agentomics/cli/docker_utils.py
agentomics.tool.validate_single_label_classification,validate_single_label_classification,tool,Agentomics,general,python,UNAVAILABLE,False,MISSING_DEPS - third-party imports absent,missing python modules: agentomics,install the named third-party modules,MIT,vendor,1,agentomics,,Agentomics/src/agentomics/datasets/label_processing.py
agentomics.tool.write_current_iteration_base_prompt,write_current_iteration_base_prompt,tool,Agentomics,general,python,UNAVAILABLE,False,MISSING_DEPS - third-party imports absent,missing python modules: agentomics,install the named third-party modules,MIT,vendor,1,agentomics,,Agentomics/src/agentomics/runtime/read_write_utils.py
agentomics.tool.write_current_iteration_system_prompt,write_current_iteration_system_prompt,tool,Agentomics,general,python,UNAVAILABLE,False,MISSING_DEPS - third-party imports absent,missing python modules: agentomics,install the named third-party modules,MIT,vendor,1,agentomics,,Agentomics/src/agentomics/runtime/read_write_utils.py
agentomics.tool.write_dataset_metadata,write_dataset_metadata,tool,Agentomics,general,python,UNAVAILABLE,False,MISSING_DEPS - third-party imports absent,missing python modules: agentomics,install the named third-party modules,MIT,vendor,1,agentomics,,Agentomics/test/test_dataset_folder_split_contracts.py
agentomics.tool.write_exported_run_reports,write_exported_run_reports,tool,Agentomics,general,python,UNAVAILABLE,False,MISSING_DEPS - third-party imports absent,missing python modules: agentomics,install the named third-party modules,MIT,vendor,1,agentomics,,Agentomics/src/agentomics/runtime/iteration_reports.py
agentomics.tool.write_iteration_pdf,write_iteration_pdf,tool,Agentomics,general,python,UNAVAILABLE,False,MISSING_DEPS - third-party imports absent,missing python modules: agentomics,install the named third-party modules,MIT,vendor,1,agentomics,,Agentomics/src/agentomics/runtime/generate_final_reports.py
agentomics.tool.write_iteration_report,write_iteration_report,tool,Agentomics,general,python,UNAVAILABLE,False,MISSING_DEPS - third-party imports absent,missing python modules: agentomics,install the named third-party modules,MIT,vendor,1,agentomics,,Agentomics/src/agentomics/runtime/iteration_reports.py
agentomics.tool.write_raw_dataset,write_raw_dataset,tool,Agentomics,general,python,UNAVAILABLE,False,MISSING_DEPS - third-party imports absent,missing python modules: agentomics,install the named third-party modules,MIT,vendor,1,agentomics,,Agentomics/test/test_dataset_preparation_publishing.py
agentomics.tool.write_raw_split,write_raw_split,tool,Agentomics,general,python,UNAVAILABLE,False,MISSING_DEPS - third-party imports absent,missing python modules: agentomics,install the named third-party modules,MIT,vendor,1,agentomics,,Agentomics/test/test_dataset_preparation_publishing.py
agentomics.tool.write_split,write_split,tool,Agentomics,general,python,UNAVAILABLE,False,MISSING_DEPS - third-party imports absent,missing python modules: agentomics,install the named third-party modules,MIT,vendor,1,agentomics,,Agentomics/test/test_dataset_extras_and_input_structure.py
autoba.tool.api_generator,api_generator,tool,AutoBA,general,python,UNAVAILABLE,False,MISSING_DEPS - third-party imports absent,"missing python modules: fire, llama, torch, transformers",install the named third-party modules,MIT,vendor,4,fire;llama;torch;transformers,,AutoBA/src/local_llm.py
autoba.tool.api_generator_deepseek,api_generator_deepseek,tool,AutoBA,general,python,UNAVAILABLE,False,MISSING_DEPS - third-party imports absent,"missing python modules: fire, llama, torch, transformers",install the named third-party modules,MIT,vendor,4,fire;llama;torch;transformers,,AutoBA/src/local_llm.py
autoba.tool.api_generator_hf,api_generator_hf,tool,AutoBA,general,python,UNAVAILABLE,False,MISSING_DEPS - third-party imports absent,"missing python modules: fire, llama, torch, transformers",install the named third-party modules,MIT,vendor,4,fire;llama;torch;transformers,,AutoBA/src/local_llm.py
autoba.tool.api_preload,api_preload,tool,AutoBA,general,python,UNAVAILABLE,False,MISSING_DEPS - third-party imports absent,"missing python modules: fire, llama, torch, transformers",install the named third-party modules,MIT,vendor,4,fire;llama;torch;transformers,,AutoBA/src/local_llm.py
autoba.tool.api_preload_deepseek,api_preload_deepseek,tool,AutoBA,general,python,UNAVAILABLE,False,MISSING_DEPS - third-party imports absent,"missing python modules: fire, llama, torch, transformers",install the named third-party modules,MIT,vendor,4,fire;llama;torch;transformers,,AutoBA/src/local_llm.py
autoba.tool.api_preload_hf,api_preload_hf,tool,AutoBA,general,python,UNAVAILABLE,False,MISSING_DEPS - third-party imports absent,"missing python modules: fire, llama, torch, transformers",install the named third-party modules,MIT,vendor,4,fire;llama;torch;transformers,,AutoBA/src/local_llm.py
autoba.tool.apply_rotary_emb,apply_rotary_emb,tool,AutoBA,general,python,UNAVAILABLE,False,MISSING_DEPS - third-party imports absent,"missing python modules: fairscale, torch",install the named third-party modules,MIT,vendor,2,fairscale;torch,,AutoBA/src/llama-main/llama/model.py
autoba.tool.get_an_example,get_an_example,tool,AutoBA,general,python,UNAVAILABLE,False,MISSING_DEPS - third-party imports absent,"missing python modules: gradio, src",install the named third-party modules,MIT,vendor,2,gradio;src,,AutoBA/gui.py
autoba.tool.gradio_reset,gradio_reset,tool,AutoBA,general,python,UNAVAILABLE,False,MISSING_DEPS - third-party imports absent,"missing python modules: gradio, src",install the named third-party modules,MIT,vendor,2,gradio;src,,AutoBA/gui.py
autoba.tool.infilling_prompt_tokens,infilling_prompt_tokens,tool,AutoBA,general,python,UNAVAILABLE,False,MISSING_DEPS - third-party imports absent,"missing python modules: fairscale, llama, torch",install the named third-party modules,MIT,vendor,3,fairscale;llama;torch,,AutoBA/src/codellama-main/llama/generation.py
autoba.tool.parse_args,parse_args,tool,AutoBA,general,python,UNAVAILABLE,False,MISSING_DEPS - third-party imports absent,"missing python modules: gradio, src",install the named third-party modules,Apache-2.0,vendor,2,gradio;src,,AutoBA/gui.py
autoba.tool.precompute_freqs_cis,precompute_freqs_cis,tool,AutoBA,general,python,UNAVAILABLE,False,MISSING_DEPS - third-party imports absent,"missing python modules: fairscale, torch",install the named third-party modules,MIT,vendor,2,fairscale;torch,,AutoBA/src/llama-main/llama/model.py
autoba.tool.preload_retriever,preload_retriever,tool,AutoBA,general,python,UNAVAILABLE,False,MISSING_DEPS - third-party imports absent,missing python modules: llama_index,install the named third-party modules,MIT,vendor,1,llama_index,,AutoBA/src/build_RAG_private.py
autoba.tool.print_to_textbox,print_to_textbox,tool,AutoBA,general,python,UNAVAILABLE,False,MISSING_DEPS - third-party imports absent,"missing python modules: gradio, src",install the named third-party modules,MIT,vendor,2,gradio;src,,AutoBA/gui.py
autoba.tool.repeat_kv,repeat_kv,tool,AutoBA,general,python,UNAVAILABLE,False,MISSING_DEPS - third-party imports absent,"missing python modules: fairscale, torch",install the named third-party modules,MIT,vendor,2,fairscale;torch,,AutoBA/src/llama-main/llama/model.py
autoba.tool.reshape_for_broadcast,reshape_for_broadcast,tool,AutoBA,general,python,UNAVAILABLE,False,MISSING_DEPS - third-party imports absent,"missing python modules: fairscale, torch",install the named third-party modules,MIT,vendor,2,fairscale;torch,,AutoBA/src/llama-main/llama/model.py
autoba.tool.retrive,retrive,tool,AutoBA,general,python,UNAVAILABLE,False,MISSING_DEPS - third-party imports absent,missing python modules: llama_index,install the named third-party modules,MIT,vendor,1,llama_index,,AutoBA/src/build_RAG_private.py
autoba.tool.run,run,tool,AutoBA,general,python,UNAVAILABLE,False,MISSING_DEPS - third-party imports absent,"missing python modules: gradio, src",install the named third-party modules,MIT,vendor,2,gradio;src,,AutoBA/gui.py
autoba.tool.sample_top_p,sample_top_p,tool,AutoBA,general,python,UNAVAILABLE,False,MISSING_DEPS - third-party imports absent,"missing python modules: fairscale, llama, torch",install the named third-party modules,MIT,vendor,3,fairscale;llama;torch,,AutoBA/src/llama-main/llama/generation.py
autoba.tool.test1,test1,tool,AutoBA,general,python,UNAVAILABLE,False,MISSING_DEPS - third-party imports absent,"missing python modules: fire, llama, torch, transformers",install the named third-party modules,MIT,vendor,4,fire;llama;torch;transformers,,AutoBA/src/local_llm.py
autoba.tool.test2,test2,tool,AutoBA,general,python,UNAVAILABLE,False,MISSING_DEPS - third-party imports absent,"missing python modules: fire, llama, torch, transformers",install the named third-party modules,MIT,vendor,4,fire;llama;torch;transformers,,AutoBA/src/local_llm.py
autoba.tool.test3,test3,tool,AutoBA,general,python,UNAVAILABLE,False,MISSING_DEPS - third-party imports absent,"missing python modules: fire, llama, torch, transformers",install the named third-party modules,MIT,vendor,4,fire;llama;torch;transformers,,AutoBA/src/local_llm.py
biomedarena.tool.bgee_sparql,bgee_sparql,tool,BioMedArena,general,python,UNAVAILABLE,False,MISSING_DEPS - third-party imports absent,"missing python modules: harness, httpx",install the named third-party modules,MIT,vendor,2,harness;httpx,,BioMedArena/harness/tools/openai_ported/handlers.py
biomedarena.tool.bindingdb_ligands,bindingdb_ligands,tool,BioMedArena,general,python,UNAVAILABLE,False,MISSING_DEPS - third-party imports absent,"missing python modules: harness, httpx",install the named third-party modules,MIT,vendor,2,harness;httpx,,BioMedArena/harness/tools/openai_ported/handlers.py
biomedarena.tool.biobankjapan_phewas,biobankjapan_phewas,tool,BioMedArena,general,python,UNAVAILABLE,False,MISSING_DEPS - third-party imports absent,"missing python modules: harness, httpx",install the named third-party modules,MIT,vendor,2,harness;httpx,,BioMedArena/harness/tools/openai_ported/handlers.py
biomedarena.tool.biorxiv_request,biorxiv_request,tool,BioMedArena,general,python,UNAVAILABLE,False,MISSING_DEPS - third-party imports absent,"missing python modules: harness, httpx",install the named third-party modules,MIT,vendor,2,harness;httpx,,BioMedArena/harness/tools/openai_ported/handlers.py
biomedarena.tool.biostudies_request,biostudies_request,tool,BioMedArena,general,python,UNAVAILABLE,False,MISSING_DEPS - third-party imports absent,"missing python modules: harness, httpx",install the named third-party modules,MIT,vendor,2,harness;httpx,,BioMedArena/harness/tools/openai_ported/handlers.py
biomedarena.tool.cbioportal_request,cbioportal_request,tool,BioMedArena,chemistry,python,UNAVAILABLE,False,MISSING_DEPS - third-party imports absent,"missing python modules: harness, httpx",install the named third-party modules,MIT,vendor,2,harness;httpx,,BioMedArena/harness/tools/openai_ported/handlers.py
biomedarena.tool.chebi_lookup,chebi_lookup,tool,BioMedArena,general,python,UNAVAILABLE,False,MISSING_DEPS - third-party imports absent,"missing python modules: harness, httpx",install the named third-party modules,MIT,vendor,2,harness;httpx,,BioMedArena/harness/tools/openai_ported/handlers.py
biomedarena.tool.civic_graphql,civic_graphql,tool,BioMedArena,general,python,UNAVAILABLE,False,MISSING_DEPS - third-party imports absent,"missing python modules: harness, httpx",install the named third-party modules,MIT,vendor,2,harness;httpx,,BioMedArena/harness/tools/openai_ported/handlers.py
biomedarena.tool.efo_ontology,efo_ontology,tool,BioMedArena,general,python,UNAVAILABLE,False,MISSING_DEPS - third-party imports absent,"missing python modules: harness, httpx",install the named third-party modules,MIT,vendor,2,harness;httpx,,BioMedArena/harness/tools/openai_ported/handlers.py
biomedarena.tool.encode_request,encode_request,tool,BioMedArena,general,python,UNAVAILABLE,False,MISSING_DEPS - third-party imports absent,"missing python modules: harness, httpx",install the named third-party modules,MIT,vendor,2,harness;httpx,,BioMedArena/harness/tools/openai_ported/handlers.py
biomedarena.tool.epigraphdb_request,epigraphdb_request,tool,BioMedArena,general,python,UNAVAILABLE,False,MISSING_DEPS - third-party imports absent,"missing python modules: harness, httpx",install the named third-party modules,MIT,vendor,2,harness;httpx,,BioMedArena/harness/tools/openai_ported/handlers.py
biomedarena.tool.eqtl_catalogue_request,eqtl_catalogue_request,tool,BioMedArena,general,python,UNAVAILABLE,False,MISSING_DEPS - third-party imports absent,"missing python modules: harness, httpx",install the named third-party modules,MIT,vendor,2,harness;httpx,,BioMedArena/harness/tools/openai_ported/handlers.py
biomedarena.tool.eva_request,eva_request,tool,BioMedArena,general,python,UNAVAILABLE,False,MISSING_DEPS - third-party imports absent,"missing python modules: harness, httpx",install the named third-party modules,MIT,vendor,2,harness;httpx,,BioMedArena/harness/tools/openai_ported/handlers.py
biomedarena.tool.finngen_phewas,finngen_phewas,tool,BioMedArena,general,python,UNAVAILABLE,False,MISSING_DEPS - third-party imports absent,"missing python modules: harness, httpx",install the named third-party modules,MIT,vendor,2,harness;httpx,,BioMedArena/harness/tools/openai_ported/handlers.py
biomedarena.tool.genebass_gene_burden,genebass_gene_burden,tool,BioMedArena,general,python,UNAVAILABLE,False,MISSING_DEPS - third-party imports absent,"missing python modules: harness, httpx",install the named third-party modules,MIT,vendor,2,harness;httpx,,BioMedArena/harness/tools/openai_ported/handlers.py
biomedarena.tool.gnomad_graphql,gnomad_graphql,tool,BioMedArena,general,python,UNAVAILABLE,False,MISSING_DEPS - third-party imports absent,"missing python modules: harness, httpx",install the named third-party modules,MIT,vendor,2,harness;httpx,,BioMedArena/harness/tools/openai_ported/handlers.py
biomedarena.tool.gtex_eqtl,gtex_eqtl,tool,BioMedArena,general,python,UNAVAILABLE,False,MISSING_DEPS - third-party imports absent,"missing python modules: harness, httpx",install the named third-party modules,MIT,vendor,2,harness;httpx,,BioMedArena/harness/tools/openai_ported/handlers.py
biomedarena.tool.gwas_catalog_request,gwas_catalog_request,tool,BioMedArena,general,python,UNAVAILABLE,False,MISSING_DEPS - third-party imports absent,"missing python modules: harness, httpx",install the named third-party modules,MIT,vendor,2,harness;httpx,,BioMedArena/harness/tools/openai_ported/handlers.py
biomedarena.tool.handle_admet_tool,handle_admet_tool,tool,BioMedArena,chemistry,python,UNAVAILABLE,False,MISSING_DEPS - third-party imports absent,"missing python modules: harness, rdkit",install the named third-party modules,MIT,vendor,2,harness;rdkit,,BioMedArena/harness/tools/chemistry_tools.py
biomedarena.tool.handle_biopython_tool,handle_biopython_tool,tool,BioMedArena,general,python,UNAVAILABLE,False,MISSING_DEPS - third-party imports absent,missing python modules: Bio,install the named third-party modules,MIT,vendor,1,Bio,,BioMedArena/harness/tools/biopython_tools.py
biomedarena.tool.handle_dicom_tool,handle_dicom_tool,tool,BioMedArena,general,python,UNAVAILABLE,False,MISSING_DEPS - third-party imports absent,missing python modules: harness,install the named third-party modules,MIT,vendor,1,harness,,BioMedArena/harness/tools/dicom_tools.py
biomedarena.tool.handle_gget_tool,handle_gget_tool,tool,BioMedArena,general,python,UNAVAILABLE,False,MISSING_DEPS - third-party imports absent,"missing python modules: gget, mygene",install the named third-party modules,MIT,vendor,2,gget;mygene,,BioMedArena/harness/tools/gget_tools.py
biomedarena.tool.handle_mol_tool,handle_mol_tool,tool,BioMedArena,general,python,UNAVAILABLE,False,MISSING_DEPS - third-party imports absent,"missing python modules: harness, rdkit",install the named third-party modules,MIT,vendor,2,harness;rdkit,,BioMedArena/harness/tools/chemistry_tools.py
biomedarena.tool.handle_molfeat_tool,handle_molfeat_tool,tool,BioMedArena,general,python,UNAVAILABLE,False,MISSING_DEPS - third-party imports absent,missing python modules: molfeat,install the named third-party modules,MIT,vendor,1,molfeat,,BioMedArena/harness/tools/molfeat_tools.py
biomedarena.tool.handle_monai_tool,handle_monai_tool,tool,BioMedArena,general,python,UNAVAILABLE,False,MISSING_DEPS - third-party imports absent,missing python modules: monai,install the named third-party modules,MIT,vendor,1,monai,,BioMedArena/harness/tools/monai_tools.py
biomedarena.tool.handle_protein_tool,handle_protein_tool,tool,BioMedArena,general,python,UNAVAILABLE,False,MISSING_DEPS - third-party imports absent,missing python modules: httpx,install the named third-party modules,MIT,vendor,1,httpx,,BioMedArena/harness/tools/protein_tools.py
biomedarena.tool.handle_survival_tool,handle_survival_tool,tool,BioMedArena,general,python,UNAVAILABLE,False,MISSING_DEPS - third-party imports absent,missing python modules: lifelines,install the named third-party modules,MIT,vendor,1,lifelines,,BioMedArena/harness/tools/survival_tools.py
biomedarena.tool.handle_web_tool,handle_web_tool,tool,BioMedArena,general,python,UNAVAILABLE,False,MISSING_DEPS - third-party imports absent,missing python modules: httpx,install the named third-party modules,MIT,vendor,1,httpx,,BioMedArena/harness/tools/web_search.py
biomedarena.tool.hmdb_request,hmdb_request,tool,BioMedArena,general,python,UNAVAILABLE,False,MISSING_DEPS - third-party imports absent,"missing python modules: harness, httpx",install the named third-party modules,MIT,vendor,2,harness;httpx,,BioMedArena/harness/tools/openai_ported/handlers.py
biomedarena.tool.human_protein_atlas,human_protein_atlas,tool,BioMedArena,general,python,UNAVAILABLE,False,MISSING_DEPS - third-party imports absent,"missing python modules: harness, httpx",install the named third-party modules,MIT,vendor,2,harness;httpx,,BioMedArena/harness/tools/openai_ported/handlers.py
biomedarena.tool.init_web_clients,init_web_clients,tool,BioMedArena,general,python,UNAVAILABLE,False,MISSING_DEPS - third-party imports absent,missing python modules: httpx,install the named third-party modules,MIT,vendor,1,httpx,,BioMedArena/harness/tools/web_search.py
biomedarena.tool.ipd_request,ipd_request,tool,BioMedArena,general,python,UNAVAILABLE,False,MISSING_DEPS - third-party imports absent,"missing python modules: harness, httpx",install the named third-party modules,MIT,vendor,2,harness;httpx,,BioMedArena/harness/tools/openai_ported/handlers.py
biomedarena.tool.locus_to_gene_mapper,locus_to_gene_mapper,tool,BioMedArena,general,python,UNAVAILABLE,False,MISSING_DEPS - third-party imports absent,"missing python modules: harness, httpx",install the named third-party modules,MIT,vendor,2,harness;httpx,,BioMedArena/harness/tools/openai_ported/handlers.py
biomedarena.tool.metabolights_request,metabolights_request,tool,BioMedArena,general,python,UNAVAILABLE,False,MISSING_DEPS - third-party imports absent,"missing python modules: harness, httpx",install the named third-party modules,MIT,vendor,2,harness;httpx,,BioMedArena/harness/tools/openai_ported/handlers.py
biomedarena.tool.mgnify_request,mgnify_request,tool,BioMedArena,general,python,UNAVAILABLE,False,MISSING_DEPS - third-party imports absent,"missing python modules: harness, httpx",install the named third-party modules,MIT,vendor,2,harness;httpx,,BioMedArena/harness/tools/openai_ported/handlers.py
biomedarena.tool.ncbi_blast,ncbi_blast,tool,BioMedArena,general,python,UNAVAILABLE,False,MISSING_DEPS - third-party imports absent,"missing python modules: harness, httpx",install the named third-party modules,MIT,vendor,2,harness;httpx,,BioMedArena/harness/tools/openai_ported/handlers.py
biomedarena.tool.ncbi_clinicaltables,ncbi_clinicaltables,tool,BioMedArena,general,python,UNAVAILABLE,False,MISSING_DEPS - third-party imports absent,"missing python modules: harness, httpx",install the named third-party modules,MIT,vendor,2,harness;httpx,,BioMedArena/harness/tools/openai_ported/handlers.py
biomedarena.tool.ncbi_datasets,ncbi_datasets,tool,BioMedArena,general,python,UNAVAILABLE,False,MISSING_DEPS - third-party imports absent,"missing python modules: harness, httpx",install the named third-party modules,MIT,vendor,2,harness;httpx,,BioMedArena/harness/tools/openai_ported/handlers.py
biomedarena.tool.opentargets_graphql,opentargets_graphql,tool,BioMedArena,general,python,UNAVAILABLE,False,MISSING_DEPS - third-party imports absent,"missing python modules: harness, httpx",install the named third-party modules,MIT,vendor,2,harness;httpx,,BioMedArena/harness/tools/openai_ported/handlers.py
biomedarena.tool.pharmgkb_lookup,pharmgkb_lookup,tool,BioMedArena,general,python,UNAVAILABLE,False,MISSING_DEPS - third-party imports absent,"missing python modules: harness, httpx",install the named third-party modules,MIT,vendor,2,harness;httpx,,BioMedArena/harness/tools/openai_ported/handlers.py
biomedarena.tool.pride_request,pride_request,tool,BioMedArena,general,python,UNAVAILABLE,False,MISSING_DEPS - third-party imports absent,"missing python modules: harness, httpx",install the named third-party modules,MIT,vendor,2,harness;httpx,,BioMedArena/harness/tools/openai_ported/handlers.py
biomedarena.tool.proteomexchange_request,proteomexchange_request,tool,BioMedArena,proteomics,python,UNAVAILABLE,False,MISSING_DEPS - third-party imports absent,"missing python modules: harness, httpx",install the named third-party modules,MIT,vendor,2,harness;httpx,,BioMedArena/harness/tools/openai_ported/handlers.py
biomedarena.tool.quickgo_request,quickgo_request,tool,BioMedArena,general,python,UNAVAILABLE,False,MISSING_DEPS - third-party imports absent,"missing python modules: harness, httpx",install the named third-party modules,MIT,vendor,2,harness;httpx,,BioMedArena/harness/tools/openai_ported/handlers.py
biomedarena.tool.reactome_query,reactome_query,tool,BioMedArena,general,python,UNAVAILABLE,False,MISSING_DEPS - third-party imports absent,"missing python modules: harness, httpx",install the named third-party modules,Apache-2.0,vendor,2,harness;httpx,,BioMedArena/harness/tools/openai_ported/handlers.py
biomedarena.tool.request_json,request_json,tool,BioMedArena,general,python,UNAVAILABLE,False,MISSING_DEPS - third-party imports absent,"missing python modules: harness, httpx",install the named third-party modules,MIT,vendor,2,harness;httpx,,BioMedArena/harness/tools/openai_ported/_http.py
biomedarena.tool.request_sparql,request_sparql,tool,BioMedArena,general,python,UNAVAILABLE,False,MISSING_DEPS - third-party imports absent,"missing python modules: harness, httpx",install the named third-party modules,MIT,vendor,2,harness;httpx,,BioMedArena/harness/tools/openai_ported/_http.py
biomedarena.tool.rhea_request,rhea_request,tool,BioMedArena,general,python,UNAVAILABLE,False,MISSING_DEPS - third-party imports absent,"missing python modules: harness, httpx",install the named third-party modules,MIT,vendor,2,harness;httpx,,BioMedArena/harness/tools/openai_ported/handlers.py
biomedarena.tool.rnacentral_request,rnacentral_request,tool,BioMedArena,general,python,UNAVAILABLE,False,MISSING_DEPS - third-party imports absent,"missing python modules: harness, httpx",install the named third-party modules,MIT,vendor,2,harness;httpx,,BioMedArena/harness/tools/openai_ported/handlers.py
biomedarena.tool.string_request,string_request,tool,BioMedArena,general,python,UNAVAILABLE,False,MISSING_DEPS - third-party imports absent,"missing python modules: harness, httpx",install the named third-party modules,MIT,vendor,2,harness;httpx,,BioMedArena/harness/tools/openai_ported/handlers.py
biomedarena.tool.tpmi_phewas,tpmi_phewas,tool,BioMedArena,general,python,UNAVAILABLE,False,MISSING_DEPS - third-party imports absent,"missing python modules: harness, httpx",install the named third-party modules,MIT,vendor,2,harness;httpx,,BioMedArena/harness/tools/openai_ported/handlers.py
biomedarena.tool.ukb_topmed_phewas,ukb_topmed_phewas,tool,BioMedArena,general,python,UNAVAILABLE,False,MISSING_DEPS - third-party imports absent,"missing python modules: harness, httpx",install the named third-party modules,MIT,vendor,2,harness;httpx,,BioMedArena/harness/tools/openai_ported/handlers.py
biomedarena.tool.uniprot_lookup,uniprot_lookup,tool,BioMedArena,general,python,UNAVAILABLE,False,MISSING_DEPS - third-party imports absent,"missing python modules: harness, httpx",install the named third-party modules,Apache-2.0,vendor,2,harness;httpx,,BioMedArena/harness/tools/openai_ported/handlers.py
geneagent.tool.extract_functions,extract_functions,tool,GeneAgent,general,python,UNAVAILABLE,False,MISSING_DEPS - third-party imports absent,"missing python modules: openai, worker",install the named third-party modules,NLM-Public-Domain,vendor,2,openai;worker,,GeneAgent/main_summary.py
geneagent.tool.extract_synopsis,extract_synopsis,tool,GeneAgent,general,python,UNAVAILABLE,False,MISSING_DEPS - third-party imports absent,"missing python modules: openai, worker",install the named third-party modules,NLM-Public-Domain,vendor,2,openai;worker,,GeneAgent/main_summary.py
geneagent.tool.geneagent,GeneAgent,tool,GeneAgent,general,python,UNAVAILABLE,False,MISSING_DEPS - third-party imports absent,"missing python modules: openai, tiktoken, tqdm, worker",install the named third-party modules,NLM-Public-Domain,vendor,4,openai;tiktoken;tqdm;worker,,GeneAgent/main_cascade.py
geneagent.tool.get_complex_for_gene_set,get_complex_for_gene_set,tool,GeneAgent,general,python,UNAVAILABLE,False,MISSING_DEPS - third-party imports absent,missing python modules: requests,install the named third-party modules,NLM-Public-Domain,vendor,1,requests,,GeneAgent/apis/get_complex_for_gene_set.py
geneagent.tool.get_disease_for_single_gene,get_disease_for_single_gene,tool,GeneAgent,general,python,UNAVAILABLE,False,MISSING_DEPS - third-party imports absent,missing python modules: requests,install the named third-party modules,NLM-Public-Domain,vendor,1,requests,,GeneAgent/apis/get_disease_for_single_gene.py
geneagent.tool.get_domain_for_single_gene,get_domain_for_single_gene,tool,GeneAgent,general,python,UNAVAILABLE,False,MISSING_DEPS - third-party imports absent,missing python modules: requests,install the named third-party modules,NLM-Public-Domain,vendor,1,requests,,GeneAgent/apis/get_domain_for_single_gene.py
geneagent.tool.get_enrichment_for_gene_set,get_enrichment_for_gene_set,tool,GeneAgent,general,python,UNAVAILABLE,False,MISSING_DEPS - third-party imports absent,missing python modules: requests,install the named third-party modules,NLM-Public-Domain,vendor,1,requests,,GeneAgent/apis/get_enrichment_for_gene_set.py
geneagent.tool.get_gene_summary_for_single_gene,get_gene_summary_for_single_gene,tool,GeneAgent,general,python,UNAVAILABLE,False,MISSING_DEPS - third-party imports absent,missing python modules: requests,install the named third-party modules,NLM-Public-Domain,vendor,1,requests,,GeneAgent/apis/get_gene_summary_for_single_gene.py
geneagent.tool.get_interactions_for_gene_set,get_interactions_for_gene_set,tool,GeneAgent,general,python,UNAVAILABLE,False,MISSING_DEPS - third-party imports absent,missing python modules: requests,install the named third-party modules,NLM-Public-Domain,vendor,1,requests,,GeneAgent/apis/get_interactions_for_gene_set.py
geneagent.tool.get_pathway_for_gene_set,get_pathway_for_gene_set,tool,GeneAgent,general,python,UNAVAILABLE,False,MISSING_DEPS - third-party imports absent,missing python modules: requests,install the named third-party modules,NLM-Public-Domain,vendor,1,requests,,GeneAgent/apis/get_pathway_for_gene_set.py
geneagent.tool.get_pubmed_articles,get_pubmed_articles,tool,GeneAgent,literature,python,UNAVAILABLE,False,MISSING_DEPS - third-party imports absent,missing python modules: requests,install the named third-party modules,NLM-Public-Domain,vendor,1,requests,,GeneAgent/apis/get_pubmed_articles.py
geneagent.tool.topic_verification,topic_verification,tool,GeneAgent,general,python,UNAVAILABLE,False,MISSING_DEPS - third-party imports absent,missing python modules: openai,install the named third-party modules,NLM-Public-Domain,vendor,1,openai,,GeneAgent/topic.py
genomas.tool.average_metrics,average_metrics,tool,GenoMAS,general,python,UNAVAILABLE,False,MISSING_DEPS - third-party imports absent,"missing python modules: tools, tqdm, utils",install the named third-party modules,MIT,vendor,3,tools;tqdm;utils,,GenoMAS/eval.py
genomas.tool.calculate_cost,calculate_cost,tool,GenoMAS,general,python,UNAVAILABLE,False,MISSING_DEPS - third-party imports absent,"missing python modules: anthropic, backoff, dotenv, google, ollama, openai",install the named third-party modules,MIT,vendor,6,anthropic;backoff;dotenv;google;ollama;openai,,GenoMAS/utils/llm.py
genomas.tool.calculate_jaccard,calculate_jaccard,tool,GenoMAS,general,python,UNAVAILABLE,False,MISSING_DEPS - third-party imports absent,"missing python modules: tools, tqdm, utils",install the named third-party modules,MIT,vendor,3,tools;tqdm;utils,,GenoMAS/eval.py
genomas.tool.calculate_metrics_from_confusion,calculate_metrics_from_confusion,tool,GenoMAS,general,python,UNAVAILABLE,False,MISSING_DEPS - third-party imports absent,"missing python modules: tools, tqdm, utils",install the named third-party modules,MIT,vendor,3,tools;tqdm;utils,,GenoMAS/eval.py
genomas.tool.calculate_pearson_correlation,calculate_pearson_correlation,tool,GenoMAS,general,python,UNAVAILABLE,False,MISSING_DEPS - third-party imports absent,"missing python modules: tools, tqdm, utils",install the named third-party modules,MIT,vendor,3,tools;tqdm;utils,,GenoMAS/eval.py
genomas.tool.categorize_and_aggregate,categorize_and_aggregate,tool,GenoMAS,general,python,UNAVAILABLE,False,MISSING_DEPS - third-party imports absent,"missing python modules: tools, tqdm, utils",install the named third-party modules,MIT,vendor,3,tools;tqdm;utils,,GenoMAS/eval.py
genomas.tool.checkpoint_read,checkpoint_read,tool,GenoMAS,general,python,UNAVAILABLE,False,MISSING_DEPS - third-party imports absent,"missing python modules: Bio, dotenv, tqdm",install the named third-party modules,MIT,vendor,3,Bio;dotenv;tqdm,,GenoMAS/download/download_GEO_data.py
genomas.tool.clean_filename,clean_filename,tool,GenoMAS,general,python,UNAVAILABLE,False,MISSING_DEPS - third-party imports absent,"missing python modules: Bio, dotenv, tqdm",install the named third-party modules,MIT,vendor,3,Bio;dotenv;tqdm,,GenoMAS/download/download_GEO_data.py
genomas.tool.compute_auroc_auprc_approx,compute_auroc_auprc_approx,tool,GenoMAS,general,python,UNAVAILABLE,False,MISSING_DEPS - third-party imports absent,missing python modules: sklearn,install the named third-party modules,MIT,vendor,1,sklearn,,GenoMAS/utils/metrics.py
genomas.tool.compute_auroc_auprc_full,compute_auroc_auprc_full,tool,GenoMAS,general,python,UNAVAILABLE,False,MISSING_DEPS - third-party imports absent,missing python modules: sklearn,install the named third-party modules,MIT,vendor,1,sklearn,,GenoMAS/utils/metrics.py
genomas.tool.cross_validation,cross_validation,tool,GenoMAS,general,python,UNAVAILABLE,False,MISSING_DEPS - third-party imports absent,"missing python modules: sklearn, sparse_lmm",install the named third-party modules,MIT,vendor,2,sklearn;sparse_lmm,,GenoMAS/tools/statistics.py
genomas.tool.detect_batch_effect,detect_batch_effect,tool,GenoMAS,general,python,UNAVAILABLE,False,MISSING_DEPS - third-party imports absent,"missing python modules: sklearn, sparse_lmm",install the named third-party modules,MIT,vendor,2,sklearn;sparse_lmm,,GenoMAS/tools/statistics.py
genomas.tool.display_running_average,display_running_average,tool,GenoMAS,general,python,UNAVAILABLE,False,MISSING_DEPS - third-party imports absent,"missing python modules: tools, tqdm, utils",install the named third-party modules,MIT,vendor,3,tools;tqdm;utils,,GenoMAS/eval.py
genomas.tool.download_files,download_files,tool,GenoMAS,general,python,UNAVAILABLE,False,MISSING_DEPS - third-party imports absent,"missing python modules: Bio, dotenv, tqdm",install the named third-party modules,MIT,vendor,3,Bio;dotenv;tqdm,,GenoMAS/download/download_GEO_data.py
genomas.tool.download_trait_data,download_trait_data,tool,GenoMAS,general,python,UNAVAILABLE,False,MISSING_DEPS - third-party imports absent,"missing python modules: Bio, dotenv, tqdm",install the named third-party modules,MIT,vendor,3,Bio;dotenv;tqdm,,GenoMAS/download/download_GEO_data.py
genomas.tool.evaluate_csv,evaluate_csv,tool,GenoMAS,general,python,UNAVAILABLE,False,MISSING_DEPS - third-party imports absent,"missing python modules: tools, tqdm, utils",install the named third-party modules,MIT,vendor,3,tools;tqdm;utils,,GenoMAS/eval.py
genomas.tool.evaluate_dataset_preprocessing,evaluate_dataset_preprocessing,tool,GenoMAS,general,python,UNAVAILABLE,False,MISSING_DEPS - third-party imports absent,"missing python modules: tools, tqdm, utils",install the named third-party modules,MIT,vendor,3,tools;tqdm;utils,,GenoMAS/eval.py
genomas.tool.evaluate_dataset_selection,evaluate_dataset_selection,tool,GenoMAS,general,python,UNAVAILABLE,False,MISSING_DEPS - third-party imports absent,"missing python modules: tools, tqdm, utils",install the named third-party modules,MIT,vendor,3,tools;tqdm;utils,,GenoMAS/eval.py
genomas.tool.evaluate_gene_selection,evaluate_gene_selection,tool,GenoMAS,general,python,UNAVAILABLE,False,MISSING_DEPS - third-party imports absent,"missing python modules: sklearn, sparse_lmm",install the named third-party modules,MIT,vendor,2,sklearn;sparse_lmm,,GenoMAS/tools/statistics.py
genomas.tool.evaluate_problem_result,evaluate_problem_result,tool,GenoMAS,general,python,UNAVAILABLE,False,MISSING_DEPS - third-party imports absent,"missing python modules: tools, tqdm, utils",install the named third-party modules,MIT,vendor,3,tools;tqdm;utils,,GenoMAS/eval.py
genomas.tool.evaluate_statistical_analysis,evaluate_statistical_analysis,tool,GenoMAS,general,python,UNAVAILABLE,False,MISSING_DEPS - third-party imports absent,"missing python modules: tools, tqdm, utils",install the named third-party modules,MIT,vendor,3,tools;tqdm;utils,,GenoMAS/eval.py
genomas.tool.filter_and_rank_cohorts,filter_and_rank_cohorts,tool,GenoMAS,general,python,UNAVAILABLE,False,MISSING_DEPS - third-party imports absent,"missing python modules: sklearn, sparse_lmm",install the named third-party modules,MIT,vendor,2,sklearn;sparse_lmm,,GenoMAS/tools/statistics.py
genomas.tool.ftp_connect,ftp_connect,tool,GenoMAS,general,python,UNAVAILABLE,False,MISSING_DEPS - third-party imports absent,"missing python modules: Bio, dotenv, tqdm",install the named third-party modules,MIT,vendor,3,Bio;dotenv;tqdm,,GenoMAS/download/download_GEO_data.py
genomas.tool.gene_f1,gene_f1,tool,GenoMAS,general,python,UNAVAILABLE,False,MISSING_DEPS - third-party imports absent,"missing python modules: sklearn, sparse_lmm",install the named third-party modules,MIT,vendor,2,sklearn;sparse_lmm,,GenoMAS/tools/statistics.py
genomas.tool.gene_jaccard,gene_jaccard,tool,GenoMAS,general,python,UNAVAILABLE,False,MISSING_DEPS - third-party imports absent,"missing python modules: sklearn, sparse_lmm",install the named third-party modules,MIT,vendor,2,sklearn;sparse_lmm,,GenoMAS/tools/statistics.py
genomas.tool.gene_precision,gene_precision,tool,GenoMAS,general,python,UNAVAILABLE,False,MISSING_DEPS - third-party imports absent,"missing python modules: sklearn, sparse_lmm",install the named third-party modules,MIT,vendor,2,sklearn;sparse_lmm,,GenoMAS/tools/statistics.py
genomas.tool.gene_recall,gene_recall,tool,GenoMAS,general,python,UNAVAILABLE,False,MISSING_DEPS - third-party imports absent,"missing python modules: sklearn, sparse_lmm",install the named third-party modules,MIT,vendor,2,sklearn;sparse_lmm,,GenoMAS/tools/statistics.py
genomas.tool.generate_and_save_all,generate_and_save_all,tool,GenoMAS,general,python,UNAVAILABLE,False,MISSING_DEPS - third-party imports absent,"missing python modules: core, utils",install the named third-party modules,MIT,vendor,2,core;utils,,GenoMAS/core/au_generator.py
genomas.tool.generate_for_agent,generate_for_agent,tool,GenoMAS,general,python,UNAVAILABLE,False,MISSING_DEPS - third-party imports absent,"missing python modules: core, utils",install the named third-party modules,MIT,vendor,2,core;utils,,GenoMAS/core/au_generator.py
genomas.tool.get_gene_regressors,get_gene_regressors,tool,GenoMAS,general,python,UNAVAILABLE,False,MISSING_DEPS - third-party imports absent,"missing python modules: sklearn, sparse_lmm",install the named third-party modules,MIT,vendor,2,sklearn;sparse_lmm,,GenoMAS/tools/statistics.py
genomas.tool.get_geo_series_access,get_GEO_series_access,tool,GenoMAS,wgs,python,UNAVAILABLE,False,MISSING_DEPS - third-party imports absent,"missing python modules: Bio, dotenv, tqdm",install the named third-party modules,MIT,vendor,3,Bio;dotenv;tqdm,,GenoMAS/download/download_GEO_data.py
genomas.tool.get_known_related_genes,get_known_related_genes,tool,GenoMAS,general,python,UNAVAILABLE,False,MISSING_DEPS - third-party imports absent,"missing python modules: sklearn, sparse_lmm",install the named third-party modules,MIT,vendor,2,sklearn;sparse_lmm,,GenoMAS/tools/statistics.py
genomas.tool.get_llm_client,get_llm_client,tool,GenoMAS,general,python,UNAVAILABLE,False,MISSING_DEPS - third-party imports absent,"missing python modules: anthropic, backoff, dotenv, google, ollama, openai",install the named third-party modules,Apache-2.0,vendor,6,anthropic;backoff;dotenv;google;ollama;openai,,GenoMAS/utils/llm.py
genomas.tool.get_role_specific_args,get_role_specific_args,tool,GenoMAS,general,python,UNAVAILABLE,False,MISSING_DEPS - third-party imports absent,"missing python modules: anthropic, backoff, dotenv, google, ollama, openai",install the named third-party modules,MIT,vendor,6,anthropic;backoff;dotenv;google;ollama;openai,,GenoMAS/utils/llm.py
genomas.tool.gsea_enrichment_score,gsea_enrichment_score,tool,GenoMAS,general,python,UNAVAILABLE,False,MISSING_DEPS - third-party imports absent,missing python modules: sklearn,install the named third-party modules,MIT,vendor,1,sklearn,,GenoMAS/utils/metrics.py
genomas.tool.interpret_result,interpret_result,tool,GenoMAS,general,python,UNAVAILABLE,False,MISSING_DEPS - third-party imports absent,"missing python modules: sklearn, sparse_lmm",install the named third-party modules,MIT,vendor,2,sklearn;sparse_lmm,,GenoMAS/tools/statistics.py
genomas.tool.load_action_units,load_action_units,tool,GenoMAS,general,python,UNAVAILABLE,False,MISSING_DEPS - third-party imports absent,missing python modules: core,install the named third-party modules,MIT,vendor,1,core,,GenoMAS/core/prompt_loader.py
genomas.tool.load_prompts,load_prompts,tool,GenoMAS,general,python,UNAVAILABLE,False,MISSING_DEPS - third-party imports absent,missing python modules: core,install the named third-party modules,MIT,vendor,1,core,,GenoMAS/core/prompt_loader.py
genomas.tool.normalize_data,normalize_data,tool,GenoMAS,general,python,UNAVAILABLE,False,MISSING_DEPS - third-party imports absent,"missing python modules: sklearn, sparse_lmm",install the named third-party modules,MIT,vendor,2,sklearn;sparse_lmm,,GenoMAS/tools/statistics.py
genomas.tool.read_json_to_dataframe,read_json_to_dataframe,tool,GenoMAS,general,python,UNAVAILABLE,False,MISSING_DEPS - third-party imports absent,"missing python modules: sklearn, sparse_lmm",install the named third-party modules,MIT,vendor,2,sklearn;sparse_lmm,,GenoMAS/tools/statistics.py
genomas.tool.read_keywords,read_keywords,tool,GenoMAS,general,python,UNAVAILABLE,False,MISSING_DEPS - third-party imports absent,"missing python modules: Bio, dotenv, tqdm",install the named third-party modules,MIT,vendor,3,Bio;dotenv;tqdm,,GenoMAS/download/download_GEO_data.py
genomas.tool.retry_on_ftp_error,retry_on_ftp_error,tool,GenoMAS,general,python,UNAVAILABLE,False,MISSING_DEPS - third-party imports absent,"missing python modules: Bio, dotenv, tqdm",install the named third-party modules,MIT,vendor,3,Bio;dotenv;tqdm,,GenoMAS/download/download_GEO_data.py
genomas.tool.save_result,save_result,tool,GenoMAS,general,python,UNAVAILABLE,False,MISSING_DEPS - third-party imports absent,"missing python modules: sklearn, sparse_lmm",install the named third-party modules,MIT,vendor,2,sklearn;sparse_lmm,,GenoMAS/tools/statistics.py
genomas.tool.select_and_load_cohort,select_and_load_cohort,tool,GenoMAS,general,python,UNAVAILABLE,False,MISSING_DEPS - third-party imports absent,"missing python modules: sklearn, sparse_lmm",install the named third-party modules,MIT,vendor,2,sklearn;sparse_lmm,,GenoMAS/tools/statistics.py
genomas.tool.select_cohorts,select_cohorts,tool,GenoMAS,general,python,UNAVAILABLE,False,MISSING_DEPS - third-party imports absent,"missing python modules: tools, tqdm, utils",install the named third-party modules,MIT,vendor,3,tools;tqdm;utils,,GenoMAS/eval.py
genomas.tool.tune_hyperparameters,tune_hyperparameters,tool,GenoMAS,general,python,UNAVAILABLE,False,MISSING_DEPS - third-party imports absent,"missing python modules: sklearn, sparse_lmm",install the named third-party modules,MIT,vendor,2,sklearn;sparse_lmm,,GenoMAS/tools/statistics.py
genomas.tool.validate_model,validate_model,tool,GenoMAS,general,python,UNAVAILABLE,False,MISSING_DEPS - third-party imports absent,"missing python modules: anthropic, backoff, dotenv, google, ollama, openai",install the named third-party modules,MIT,vendor,6,anthropic;backoff;dotenv;google;ollama;openai,,GenoMAS/utils/llm.py
genomas.tool.with_backoff,with_backoff,tool,GenoMAS,general,python,UNAVAILABLE,False,MISSING_DEPS - third-party imports absent,"missing python modules: anthropic, backoff, dotenv, google, ollama, openai",install the named third-party modules,MIT,vendor,6,anthropic;backoff;dotenv;google;ollama;openai,,GenoMAS/utils/llm.py
stella.tool.add_tool_to_agents,add_tool_to_agents,tool,STELLA,general,python,UNAVAILABLE,False,MISSING_DEPS - third-party imports absent,"missing python modules: Knowledge_base, dotenv, jinja2, llm, markdownify, mcp",install the named third-party modules,Apache-2.0,vendor,16,Knowledge_base;dotenv;jinja2;llm;markdownify;mcp;mem0;memory_manager,,STELLA/stella_core.py
stella.tool.analyze_query_and_load_relevant_tools,analyze_query_and_load_relevant_tools,tool,STELLA,general,python,UNAVAILABLE,False,MISSING_DEPS - third-party imports absent,"missing python modules: Knowledge_base, dotenv, jinja2, llm, markdownify, mcp",install the named third-party modules,Apache-2.0,vendor,16,Knowledge_base;dotenv;jinja2;llm;markdownify;mcp;mem0;memory_manager,,STELLA/stella_core.py
stella.tool.append_rows_safe,append_rows_safe,tool,STELLA,general,python,UNAVAILABLE,False,MISSING_DEPS - third-party imports absent,"missing python modules: dotenv, requests",install the named third-party modules,Apache-2.0,vendor,2,dotenv;requests,,STELLA/Tool_Creation_Benchmark/simple_set/run_benchmark.py
stella.tool.apply_config,apply_config,tool,STELLA,general,python,UNAVAILABLE,False,MISSING_DEPS - third-party imports absent,"missing python modules: dotenv, requests",install the named third-party modules,Apache-2.0,vendor,2,dotenv;requests,,STELLA/Tool_Creation_Benchmark/simple_set/run_benchmark.py
stella.tool.auto_recall_experience,auto_recall_experience,tool,STELLA,general,python,UNAVAILABLE,False,MISSING_DEPS - third-party imports absent,"missing python modules: Knowledge_base, dotenv, jinja2, llm, markdownify, mcp",install the named third-party modules,Apache-2.0,vendor,16,Knowledge_base;dotenv;jinja2;llm;markdownify;mcp;mem0;memory_manager,,STELLA/stella_core.py
stella.tool.biomedical_literature_analyzer,biomedical_literature_analyzer,tool,STELLA,literature,python,UNAVAILABLE,False,MISSING_DEPS - third-party imports absent,"missing python modules: smolagents, tools",install the named third-party modules,Apache-2.0,vendor,2,smolagents;tools,,STELLA/new_tools/biomedical_literature_analyzer.py
stella.tool.biosecurity_alignment_guard,biosecurity_alignment_guard,tool,STELLA,general,python,UNAVAILABLE,False,MISSING_DEPS - third-party imports absent,"missing python modules: new_tools, smolagents",install the named third-party modules,Apache-2.0,vendor,2,new_tools;smolagents,,STELLA/new_tools/biosecurity_alignment_guard.py
stella.tool.build_manager_tools,build_manager_tools,tool,STELLA,general,python,UNAVAILABLE,False,MISSING_DEPS - third-party imports absent,"missing python modules: Knowledge_base, dotenv, jinja2, llm, markdownify, mcp",install the named third-party modules,Apache-2.0,vendor,16,Knowledge_base;dotenv;jinja2;llm;markdownify;mcp;mem0;memory_manager,,STELLA/stella_core.py
stella.tool.build_mcq_prompt,build_mcq_prompt,tool,STELLA,general,python,UNAVAILABLE,False,MISSING_DEPS - third-party imports absent,"missing python modules: dotenv, requests",install the named third-party modules,Apache-2.0,vendor,2,dotenv;requests,,STELLA/Tool_Creation_Benchmark/simple_set/run_benchmark.py
stella.tool.build_result_csv_rows,build_result_csv_rows,tool,STELLA,general,python,UNAVAILABLE,False,MISSING_DEPS - third-party imports absent,"missing python modules: dotenv, requests",install the named third-party modules,Apache-2.0,vendor,2,dotenv;requests,,STELLA/Tool_Creation_Benchmark/simple_set/run_benchmark.py
stella.tool.build_stella_combined_prompt,build_stella_combined_prompt,tool,STELLA,general,python,UNAVAILABLE,False,MISSING_DEPS - third-party imports absent,"missing python modules: dotenv, requests",install the named third-party modules,Apache-2.0,vendor,2,dotenv;requests,,STELLA/Tool_Creation_Benchmark/simple_set/run_benchmark.py
stella.tool.build_task_prompt,build_task_prompt,tool,STELLA,general,python,UNAVAILABLE,False,MISSING_DEPS - third-party imports absent,"missing python modules: dotenv, requests",install the named third-party modules,Apache-2.0,vendor,2,dotenv;requests,,STELLA/Tool_Creation_Benchmark/simple_set/run_benchmark.py
stella.tool.cancer_biomarkers_search,cancer_biomarkers_search,tool,STELLA,general,python,UNAVAILABLE,False,MISSING_DEPS - third-party imports absent,"missing python modules: dotenv, llm, markdownify, rapidfuzz, requests, smolagents",install the named third-party modules,Apache-2.0,vendor,6,dotenv;llm;markdownify;rapidfuzz;requests;smolagents,,STELLA/new_tools/virtual_screening_tools.py
stella.tool.check_agent_performance,check_agent_performance,tool,STELLA,general,python,UNAVAILABLE,False,MISSING_DEPS - third-party imports absent,"missing python modules: Knowledge_base, dotenv, jinja2, llm, markdownify, mcp",install the named third-party modules,Apache-2.0,vendor,16,Knowledge_base;dotenv;jinja2;llm;markdownify;mcp;mem0;memory_manager,,STELLA/stella_core.py
stella.tool.check_conda_env,check_conda_env,tool,STELLA,general,python,UNAVAILABLE,False,MISSING_DEPS - third-party imports absent,"missing python modules: Bio, requests, smolagents",install the named third-party modules,Apache-2.0,vendor,3,Bio;requests;smolagents,,STELLA/new_tools/enzyme_tools.py
stella.tool.check_dependencies,check_dependencies,tool,STELLA,general,python,UNAVAILABLE,False,MISSING_DEPS - third-party imports absent,"missing python modules: sklearn, stella_ui_english",install the named third-party modules,Apache-2.0,vendor,2,sklearn;stella_ui_english,,STELLA/start_stella_web.py
stella.tool.check_gpu_status,check_gpu_status,tool,STELLA,general,python,UNAVAILABLE,False,MISSING_DEPS - third-party imports absent,"missing python modules: PyPDF2, arxiv, bs4, googlesearch, markdownify, pymed",install the named third-party modules,Apache-2.0,vendor,9,PyPDF2;arxiv;bs4;googlesearch;markdownify;pymed;requests;scholarly,,STELLA/predefined_tools.py
stella.tool.check_port,check_port,tool,STELLA,general,python,UNAVAILABLE,False,MISSING_DEPS - third-party imports absent,"missing python modules: sklearn, stella_ui_english",install the named third-party modules,Apache-2.0,vendor,2,sklearn;stella_ui_english,,STELLA/start_stella_web.py
stella.tool.check_tools_for_task,check_tools_for_task,tool,STELLA,general,python,UNAVAILABLE,False,MISSING_DEPS - third-party imports absent,"missing python modules: Knowledge_base, dotenv, jinja2, llm, markdownify, mcp",install the named third-party modules,Apache-2.0,vendor,16,Knowledge_base;dotenv;jinja2;llm;markdownify;mcp;mem0;memory_manager,,STELLA/stella_core.py
stella.tool.clingen_search,clingen_search,tool,STELLA,wgs,python,UNAVAILABLE,False,MISSING_DEPS - third-party imports absent,"missing python modules: dotenv, llm, markdownify, rapidfuzz, requests, smolagents",install the named third-party modules,Apache-2.0,vendor,6,dotenv;llm;markdownify;rapidfuzz;requests;smolagents,,STELLA/new_tools/virtual_screening_tools.py
stella.tool.coxpres_coexpression_search,coxpres_coexpression_search,tool,STELLA,general,python,UNAVAILABLE,False,MISSING_DEPS - third-party imports absent,"missing python modules: dotenv, llm, markdownify, rapidfuzz, requests, smolagents",install the named third-party modules,Apache-2.0,vendor,6,dotenv;llm;markdownify;rapidfuzz;requests;smolagents,,STELLA/new_tools/virtual_screening_tools.py
stella.tool.create_and_run_script,create_and_run_script,tool,STELLA,general,python,UNAVAILABLE,False,MISSING_DEPS - third-party imports absent,"missing python modules: PyPDF2, arxiv, bs4, googlesearch, markdownify, pymed",install the named third-party modules,Apache-2.0,vendor,9,PyPDF2;arxiv;bs4;googlesearch;markdownify;pymed;requests;scholarly,,STELLA/predefined_tools.py
stella.tool.create_conda_environment,create_conda_environment,tool,STELLA,general,python,UNAVAILABLE,False,MISSING_DEPS - third-party imports absent,"missing python modules: PyPDF2, arxiv, bs4, googlesearch, markdownify, pymed",install the named third-party modules,Apache-2.0,vendor,9,PyPDF2;arxiv;bs4;googlesearch;markdownify;pymed;requests;scholarly,,STELLA/predefined_tools.py
stella.tool.create_foldseek_database,create_foldseek_database,tool,STELLA,general,python,UNAVAILABLE,False,MISSING_DEPS - third-party imports absent,"missing python modules: Bio, requests, smolagents",install the named third-party modules,Apache-2.0,vendor,3,Bio;requests;smolagents,,STELLA/new_tools/enzyme_tools.py
stella.tool.create_memory_enabled_agent,create_memory_enabled_agent,tool,STELLA,general,python,UNAVAILABLE,False,MISSING_DEPS - third-party imports absent,"missing python modules: Knowledge_base, dotenv, jinja2, llm, markdownify, mcp",install the named third-party modules,Apache-2.0,vendor,16,Knowledge_base;dotenv;jinja2;llm;markdownify;mcp;mem0;memory_manager,,STELLA/stella_core.py
stella.tool.create_new_tool,create_new_tool,tool,STELLA,general,python,UNAVAILABLE,False,MISSING_DEPS - third-party imports absent,"missing python modules: Knowledge_base, dotenv, jinja2, llm, markdownify, mcp",install the named third-party modules,Apache-2.0,vendor,16,Knowledge_base;dotenv;jinja2;llm;markdownify;mcp;mem0;memory_manager,,STELLA/stella_core.py
stella.tool.create_requirements_file,create_requirements_file,tool,STELLA,general,python,UNAVAILABLE,False,MISSING_DEPS - third-party imports absent,"missing python modules: PyPDF2, arxiv, bs4, googlesearch, markdownify, pymed",install the named third-party modules,Apache-2.0,vendor,9,PyPDF2;arxiv;bs4;googlesearch;markdownify;pymed;requests;scholarly,,STELLA/predefined_tools.py
stella.tool.create_script,create_script,tool,STELLA,general,python,UNAVAILABLE,False,MISSING_DEPS - third-party imports absent,"missing python modules: PyPDF2, arxiv, bs4, googlesearch, markdownify, pymed",install the named third-party modules,Apache-2.0,vendor,9,PyPDF2;arxiv;bs4;googlesearch;markdownify;pymed;requests;scholarly,,STELLA/predefined_tools.py
stella.tool.disease_gene_search,disease_gene_search,tool,STELLA,literature,python,UNAVAILABLE,False,MISSING_DEPS - third-party imports absent,"missing python modules: dotenv, llm, markdownify, rapidfuzz, requests, smolagents",install the named third-party modules,Apache-2.0,vendor,6,dotenv;llm;markdownify;rapidfuzz;requests;smolagents,,STELLA/new_tools/virtual_screening_tools.py
stella.tool.download_uniprot_seq,download_uniprot_seq,tool,STELLA,general,python,UNAVAILABLE,False,MISSING_DEPS - third-party imports absent,"missing python modules: Bio, requests, smolagents",install the named third-party modules,Apache-2.0,vendor,3,Bio;requests;smolagents,,STELLA/new_tools/enzyme_tools.py
stella.tool.drug_gene_network_search,drug_gene_network_search,tool,STELLA,general,python,UNAVAILABLE,False,MISSING_DEPS - third-party imports absent,"missing python modules: dotenv, llm, markdownify, rapidfuzz, requests, smolagents",install the named third-party modules,Apache-2.0,vendor,6,dotenv;llm;markdownify;rapidfuzz;requests;smolagents,,STELLA/new_tools/virtual_screening_tools.py
stella.tool.embedding_check,embedding_check,tool,STELLA,general,python,UNAVAILABLE,False,MISSING_DEPS - third-party imports absent,missing python modules: sentence_transformers,install the named third-party modules,Apache-2.0,vendor,1,sentence_transformers,,STELLA/new_tools/_core_guard/embedding_filter.py
stella.tool.enhanced_google_search,enhanced_google_search,tool,STELLA,general,python,UNAVAILABLE,False,MISSING_DEPS - third-party imports absent,"missing python modules: PyPDF2, arxiv, bs4, googlesearch, markdownify, pymed",install the named third-party modules,Apache-2.0,vendor,9,PyPDF2;arxiv;bs4;googlesearch;markdownify;pymed;requests;scholarly,,STELLA/predefined_tools.py
stella.tool.enhanced_knowledge_search,enhanced_knowledge_search,tool,STELLA,general,python,UNAVAILABLE,False,MISSING_DEPS - third-party imports absent,"missing python modules: PyPDF2, arxiv, bs4, googlesearch, markdownify, pymed",install the named third-party modules,Apache-2.0,vendor,9,PyPDF2;arxiv;bs4;googlesearch;markdownify;pymed;requests;scholarly,,STELLA/predefined_tools.py
stella.tool.ensembl_paralog_search,ensembl_paralog_search,tool,STELLA,general,python,UNAVAILABLE,False,MISSING_DEPS - third-party imports absent,"missing python modules: dotenv, llm, markdownify, rapidfuzz, requests, smolagents",install the named third-party modules,Apache-2.0,vendor,6,dotenv;llm;markdownify;rapidfuzz;requests;smolagents,,STELLA/new_tools/virtual_screening_tools.py
stella.tool.ensure_result_csv_header,ensure_result_csv_header,tool,STELLA,general,python,UNAVAILABLE,False,MISSING_DEPS - third-party imports absent,"missing python modules: dotenv, requests",install the named third-party modules,Apache-2.0,vendor,2,dotenv;requests,,STELLA/Tool_Creation_Benchmark/simple_set/run_benchmark.py
stella.tool.esm2_embedder,esm2_embedder,tool,STELLA,general,python,UNAVAILABLE,False,MISSING_DEPS - third-party imports absent,"missing python modules: add_tool_to_agents, esm, smolagents, torch",install the named third-party modules,Apache-2.0,vendor,4,add_tool_to_agents;esm;smolagents;torch,,STELLA/new_tools/esm2_embedder.py
stella.tool.evaluate_response,evaluate_response,tool,STELLA,general,python,UNAVAILABLE,False,MISSING_DEPS - third-party imports absent,missing python modules: smolagents,install the named third-party modules,Apache-2.0,vendor,1,smolagents,,STELLA/new_tools/evaluate_response.py
stella.tool.evaluate_with_critic,evaluate_with_critic,tool,STELLA,general,python,UNAVAILABLE,False,MISSING_DEPS - third-party imports absent,"missing python modules: Knowledge_base, dotenv, jinja2, llm, markdownify, mcp",install the named third-party modules,Apache-2.0,vendor,16,Knowledge_base;dotenv;jinja2;llm;markdownify;mcp;mem0;memory_manager,,STELLA/stella_core.py
stella.tool.execute_tools_in_parallel,execute_tools_in_parallel,tool,STELLA,general,python,UNAVAILABLE,False,MISSING_DEPS - third-party imports absent,"missing python modules: Knowledge_base, dotenv, jinja2, llm, markdownify, mcp",install the named third-party modules,Apache-2.0,vendor,16,Knowledge_base;dotenv;jinja2;llm;markdownify;mcp;mem0;memory_manager,,STELLA/stella_core.py
stella.tool.export_skill_environment,export_skill_environment,tool,STELLA,general,python,UNAVAILABLE,False,MISSING_DEPS - third-party imports absent,"missing python modules: Knowledge_base, dotenv, jinja2, llm, markdownify, mcp",install the named third-party modules,Apache-2.0,vendor,16,Knowledge_base;dotenv;jinja2;llm;markdownify;mcp;mem0;memory_manager,,STELLA/stella_core.py
stella.tool.extract_amino_acid_info,extract_amino_acid_info,tool,STELLA,general,python,UNAVAILABLE,False,MISSING_DEPS - third-party imports absent,"missing python modules: Bio, requests, smolagents",install the named third-party modules,Apache-2.0,vendor,3,Bio;requests;smolagents,,STELLA/new_tools/enzyme_tools.py
stella.tool.extract_pocket,extract_pocket,tool,STELLA,general,python,UNAVAILABLE,False,MISSING_DEPS - third-party imports absent,"missing python modules: Bio, requests, smolagents",install the named third-party modules,Apache-2.0,vendor,3,Bio;requests;smolagents,,STELLA/new_tools/enzyme_tools.py
stella.tool.extract_result_and_answers_from_log,extract_result_and_answers_from_log,tool,STELLA,general,python,UNAVAILABLE,False,MISSING_DEPS - third-party imports absent,"missing python modules: dotenv, requests",install the named third-party modules,Apache-2.0,vendor,2,dotenv;requests,,STELLA/Tool_Creation_Benchmark/simple_set/run_benchmark.py
stella.tool.extract_result_from_log,extract_result_from_log,tool,STELLA,general,python,UNAVAILABLE,False,MISSING_DEPS - third-party imports absent,"missing python modules: dotenv, requests",install the named third-party modules,Apache-2.0,vendor,2,dotenv;requests,,STELLA/Tool_Creation_Benchmark/simple_set/run_benchmark.py
stella.tool.extract_seq_from_structure,extract_seq_from_structure,tool,STELLA,proteomics,python,UNAVAILABLE,False,MISSING_DEPS - third-party imports absent,"missing python modules: Bio, requests, smolagents",install the named third-party modules,Apache-2.0,vendor,3,Bio;requests;smolagents,,STELLA/new_tools/enzyme_tools.py
stella.tool.flush_result_csv,flush_result_csv,tool,STELLA,general,python,UNAVAILABLE,False,MISSING_DEPS - third-party imports absent,"missing python modules: dotenv, requests",install the named third-party modules,Apache-2.0,vendor,2,dotenv;requests,,STELLA/Tool_Creation_Benchmark/simple_set/run_benchmark.py
stella.tool.gene2phenotype_search,gene2phenotype_search,tool,STELLA,literature,python,UNAVAILABLE,False,MISSING_DEPS - third-party imports absent,"missing python modules: dotenv, llm, markdownify, rapidfuzz, requests, smolagents",install the named third-party modules,Apache-2.0,vendor,6,dotenv;llm;markdownify;rapidfuzz;requests;smolagents,,STELLA/new_tools/virtual_screening_tools.py
stella.tool.gene_burden_search,gene_burden_search,tool,STELLA,general,python,UNAVAILABLE,False,MISSING_DEPS - third-party imports absent,"missing python modules: dotenv, llm, markdownify, rapidfuzz, requests, smolagents",install the named third-party modules,Apache-2.0,vendor,6,dotenv;llm;markdownify;rapidfuzz;requests;smolagents,,STELLA/new_tools/virtual_screening_tools.py
stella.tool.get_all_task_ids,get_all_task_ids,tool,STELLA,general,python,UNAVAILABLE,False,MISSING_DEPS - third-party imports absent,"missing python modules: dotenv, requests",install the named third-party modules,Apache-2.0,vendor,2,dotenv;requests,,STELLA/Tool_Creation_Benchmark/simple_set/run_benchmark.py
stella.tool.get_cur_time,get_cur_time,tool,STELLA,general,python,UNAVAILABLE,False,MISSING_DEPS - third-party imports absent,"missing python modules: Bio, requests, smolagents",install the named third-party modules,Apache-2.0,vendor,3,Bio;requests;smolagents,,STELLA/new_tools/enzyme_tools.py
stella.tool.get_github_repository_info,get_github_repository_info,tool,STELLA,general,python,UNAVAILABLE,False,MISSING_DEPS - third-party imports absent,"missing python modules: PyPDF2, arxiv, bs4, googlesearch, markdownify, pymed",install the named third-party modules,Apache-2.0,vendor,9,PyPDF2;arxiv;bs4;googlesearch;markdownify;pymed;requests;scholarly,,STELLA/predefined_tools.py
stella.tool.get_hpo_names,get_hpo_names,tool,STELLA,general,python,UNAVAILABLE,False,MISSING_DEPS - third-party imports absent,"missing python modules: Bio, dotenv, langchain_openai, requests, sklearn, smolagents",install the named third-party modules,Apache-2.0,vendor,7,Bio;dotenv;langchain_openai;requests;sklearn;smolagents;tqdm,,STELLA/new_tools/database_tools.py
stella.tool.get_local_ip,get_local_ip,tool,STELLA,general,python,UNAVAILABLE,False,MISSING_DEPS - third-party imports absent,"missing python modules: sklearn, stella_ui_english",install the named third-party modules,Apache-2.0,vendor,2,sklearn;stella_ui_english,,STELLA/start_stella_web.py
stella.tool.get_skill_system_status,get_skill_system_status,tool,STELLA,general,python,UNAVAILABLE,False,MISSING_DEPS - third-party imports absent,"missing python modules: Knowledge_base, dotenv, jinja2, llm, markdownify, mcp",install the named third-party modules,Apache-2.0,vendor,16,Knowledge_base;dotenv;jinja2;llm;markdownify;mcp;mem0;memory_manager,,STELLA/stella_core.py
stella.tool.get_tool_signature,get_tool_signature,tool,STELLA,general,python,UNAVAILABLE,False,MISSING_DEPS - third-party imports absent,"missing python modules: Knowledge_base, dotenv, jinja2, llm, markdownify, mcp",install the named third-party modules,Apache-2.0,vendor,16,Knowledge_base;dotenv;jinja2;llm;markdownify;mcp;mem0;memory_manager,,STELLA/stella_core.py
stella.tool.go_terms_search,go_terms_search,tool,STELLA,general,python,UNAVAILABLE,False,MISSING_DEPS - third-party imports absent,"missing python modules: dotenv, llm, markdownify, rapidfuzz, requests, smolagents",install the named third-party modules,Apache-2.0,vendor,6,dotenv;llm;markdownify;rapidfuzz;requests;smolagents,,STELLA/new_tools/virtual_screening_tools.py
stella.tool.gocc_cellular_component_search,gocc_cellular_component_search,tool,STELLA,chemistry,python,UNAVAILABLE,False,MISSING_DEPS - third-party imports absent,"missing python modules: dotenv, llm, markdownify, rapidfuzz, requests, smolagents",install the named third-party modules,Apache-2.0,vendor,6,dotenv;llm;markdownify;rapidfuzz;requests;smolagents,,STELLA/new_tools/virtual_screening_tools.py
stella.tool.gsea_hallmark_search,gsea_hallmark_search,tool,STELLA,chemistry,python,UNAVAILABLE,False,MISSING_DEPS - third-party imports absent,"missing python modules: dotenv, llm, markdownify, rapidfuzz, requests, smolagents",install the named third-party modules,Apache-2.0,vendor,6,dotenv;llm;markdownify;rapidfuzz;requests;smolagents,,STELLA/new_tools/virtual_screening_tools.py
stella.tool.hpo_phenotype_search,hpo_phenotype_search,tool,STELLA,general,python,UNAVAILABLE,False,MISSING_DEPS - third-party imports absent,"missing python modules: dotenv, llm, markdownify, rapidfuzz, requests, smolagents",install the named third-party modules,Apache-2.0,vendor,6,dotenv;llm;markdownify;rapidfuzz;requests;smolagents,,STELLA/new_tools/virtual_screening_tools.py
stella.tool.initialize_stella,initialize_stella,tool,STELLA,general,python,UNAVAILABLE,False,MISSING_DEPS - third-party imports absent,"missing python modules: Knowledge_base, dotenv, jinja2, llm, markdownify, mcp",install the named third-party modules,Apache-2.0,vendor,16,Knowledge_base;dotenv;jinja2;llm;markdownify;mcp;mem0;memory_manager,,STELLA/stella_core.py
stella.tool.install_packages_conda,install_packages_conda,tool,STELLA,general,python,UNAVAILABLE,False,MISSING_DEPS - third-party imports absent,"missing python modules: PyPDF2, arxiv, bs4, googlesearch, markdownify, pymed",install the named third-party modules,Apache-2.0,vendor,9,PyPDF2;arxiv;bs4;googlesearch;markdownify;pymed;requests;scholarly,,STELLA/predefined_tools.py
stella.tool.install_packages_pip,install_packages_pip,tool,STELLA,general,python,UNAVAILABLE,False,MISSING_DEPS - third-party imports absent,"missing python modules: PyPDF2, arxiv, bs4, googlesearch, markdownify, pymed",install the named third-party modules,Apache-2.0,vendor,9,PyPDF2;arxiv;bs4;googlesearch;markdownify;pymed;requests;scholarly,,STELLA/predefined_tools.py
stella.tool.intogen_search,intogen_search,tool,STELLA,general,python,UNAVAILABLE,False,MISSING_DEPS - third-party imports absent,"missing python modules: dotenv, llm, markdownify, rapidfuzz, requests, smolagents",install the named third-party modules,Apache-2.0,vendor,6,dotenv;llm;markdownify;rapidfuzz;requests;smolagents,,STELLA/new_tools/virtual_screening_tools.py
stella.tool.json_llm_call,json_llm_call,tool,STELLA,general,python,UNAVAILABLE,False,MISSING_DEPS - third-party imports absent,"missing python modules: dotenv, openai",install the named third-party modules,Apache-2.0,vendor,2,dotenv;openai,,STELLA/new_tools/llm.py
stella.tool.kegg_pathway_search,kegg_pathway_search,tool,STELLA,general,python,UNAVAILABLE,False,MISSING_DEPS - third-party imports absent,"missing python modules: requests, smolagents",install the named third-party modules,Apache-2.0,vendor,2,requests;smolagents,,STELLA/new_tools/kegg_pathway_search.py
stella.tool.keyword_check,keyword_check,tool,STELLA,general,python,UNAVAILABLE,False,MISSING_DEPS - third-party imports absent,missing python modules: rapidfuzz,install the named third-party modules,Apache-2.0,vendor,1,rapidfuzz,,STELLA/new_tools/_core_guard/keyword_filter.py
stella.tool.ligand_based_screening_tool,ligand_based_screening_tool,tool,STELLA,chemistry,python,UNAVAILABLE,False,MISSING_DEPS - third-party imports absent,"missing python modules: rdkit, smolagents",install the named third-party modules,Apache-2.0,vendor,2,rdkit;smolagents,,STELLA/new_tools/ligand_based_screening_tool.py
stella.tool.list_dynamic_tools,list_dynamic_tools,tool,STELLA,general,python,UNAVAILABLE,False,MISSING_DEPS - third-party imports absent,"missing python modules: Knowledge_base, dotenv, jinja2, llm, markdownify, mcp",install the named third-party modules,Apache-2.0,vendor,16,Knowledge_base;dotenv;jinja2;llm;markdownify;mcp;mem0;memory_manager,,STELLA/stella_core.py
stella.tool.load_dynamic_tool,load_dynamic_tool,tool,STELLA,general,python,UNAVAILABLE,False,MISSING_DEPS - third-party imports absent,"missing python modules: Knowledge_base, dotenv, jinja2, llm, markdownify, mcp",install the named third-party modules,Apache-2.0,vendor,16,Knowledge_base;dotenv;jinja2;llm;markdownify;mcp;mem0;memory_manager,,STELLA/stella_core.py
stella.tool.load_existing_csv_keys,load_existing_csv_keys,tool,STELLA,general,python,UNAVAILABLE,False,MISSING_DEPS - third-party imports absent,"missing python modules: dotenv, requests",install the named third-party modules,Apache-2.0,vendor,2,dotenv;requests,,STELLA/Tool_Creation_Benchmark/simple_set/run_benchmark.py
stella.tool.molecular_docking_tool,molecular_docking_tool,tool,STELLA,proteomics,python,UNAVAILABLE,False,MISSING_DEPS - third-party imports absent,"missing python modules: rdkit, smolagents, vina",install the named third-party modules,Apache-2.0,vendor,3,rdkit;smolagents;vina,,STELLA/new_tools/molecular_docking_tool.py
stella.tool.monitor_training_logs,monitor_training_logs,tool,STELLA,general,python,UNAVAILABLE,False,MISSING_DEPS - third-party imports absent,"missing python modules: PyPDF2, arxiv, bs4, googlesearch, markdownify, pymed",install the named third-party modules,Apache-2.0,vendor,9,PyPDF2;arxiv;bs4;googlesearch;markdownify;pymed;requests;scholarly,,STELLA/predefined_tools.py
stella.tool.multi_source_search,multi_source_search,tool,STELLA,general,python,UNAVAILABLE,False,MISSING_DEPS - third-party imports absent,"missing python modules: PyPDF2, arxiv, bs4, googlesearch, markdownify, pymed",install the named third-party modules,Apache-2.0,vendor,9,PyPDF2;arxiv;bs4;googlesearch;markdownify;pymed;requests;scholarly,,STELLA/predefined_tools.py
stella.tool.nk_gene_analyzer,nk_gene_analyzer,tool,STELLA,general,python,UNAVAILABLE,False,MISSING_DEPS - third-party imports absent,missing python modules: smolagents,install the named third-party modules,Apache-2.0,vendor,1,smolagents,,STELLA/new_tools/nk_gene_analyzer.py
stella.tool.nk_gene_analyzer_enhanced,nk_gene_analyzer_enhanced,tool,STELLA,general,python,UNAVAILABLE,False,MISSING_DEPS - third-party imports absent,"missing python modules: globals, smolagents",install the named third-party modules,Apache-2.0,vendor,2,globals;smolagents,,STELLA/new_tools/enhanced_nk_gene_analyzer.py
stella.tool.normalize_scores,normalize_scores,tool,STELLA,general,python,UNAVAILABLE,False,MISSING_DEPS - third-party imports absent,"missing python modules: dotenv, llm, markdownify, rapidfuzz, requests, smolagents",install the named third-party modules,Apache-2.0,vendor,6,dotenv;llm;markdownify;rapidfuzz;requests;smolagents,,STELLA/new_tools/virtual_screening_tools.py
stella.tool.observation,observation,tool,STELLA,general,python,UNAVAILABLE,False,MISSING_DEPS - third-party imports absent,missing python modules: summarize_eval,install the named third-party modules,Apache-2.0,vendor,1,summarize_eval,,STELLA/Tool_Creation_Benchmark/hard_set/test_summarize_eval.py
stella.tool.omim_disease_search,omim_disease_search,tool,STELLA,general,python,UNAVAILABLE,False,MISSING_DEPS - third-party imports absent,"missing python modules: dotenv, llm, markdownify, rapidfuzz, requests, smolagents",install the named third-party modules,Apache-2.0,vendor,6,dotenv;llm;markdownify;rapidfuzz;requests;smolagents,,STELLA/new_tools/virtual_screening_tools.py
stella.tool.openrouter_chat,openrouter_chat,tool,STELLA,general,python,UNAVAILABLE,False,MISSING_DEPS - third-party imports absent,"missing python modules: dotenv, requests",install the named third-party modules,Apache-2.0,vendor,2,dotenv;requests,,STELLA/Tool_Creation_Benchmark/simple_set/run_benchmark.py
stella.tool.openrouter_chat_with_retry,openrouter_chat_with_retry,tool,STELLA,general,python,UNAVAILABLE,False,MISSING_DEPS - third-party imports absent,"missing python modules: dotenv, requests",install the named third-party modules,Apache-2.0,vendor,2,dotenv;requests,,STELLA/Tool_Creation_Benchmark/simple_set/run_benchmark.py
stella.tool.orphanet_rare_disease_search,orphanet_rare_disease_search,tool,STELLA,general,python,UNAVAILABLE,False,MISSING_DEPS - third-party imports absent,"missing python modules: dotenv, llm, markdownify, rapidfuzz, requests, smolagents",install the named third-party modules,Apache-2.0,vendor,6,dotenv;llm;markdownify;rapidfuzz;requests;smolagents,,STELLA/new_tools/virtual_screening_tools.py
stella.tool.parse_hpo_obo,parse_hpo_obo,tool,STELLA,general,python,UNAVAILABLE,False,MISSING_DEPS - third-party imports absent,"missing python modules: Bio, dotenv, langchain_openai, requests, sklearn, smolagents",install the named third-party modules,Apache-2.0,vendor,7,Bio;dotenv;langchain_openai;requests;sklearn;smolagents;tqdm,,STELLA/new_tools/database_tools.py
stella.tool.parse_mcq_to_letters,parse_mcq_to_letters,tool,STELLA,general,python,UNAVAILABLE,False,MISSING_DEPS - third-party imports absent,"missing python modules: dotenv, requests",install the named third-party modules,Apache-2.0,vendor,2,dotenv;requests,,STELLA/Tool_Creation_Benchmark/simple_set/run_benchmark.py
stella.tool.parse_mcq_to_standard_format,parse_mcq_to_standard_format,tool,STELLA,general,python,UNAVAILABLE,False,MISSING_DEPS - third-party imports absent,"missing python modules: dotenv, requests",install the named third-party modules,Apache-2.0,vendor,2,dotenv;requests,,STELLA/Tool_Creation_Benchmark/simple_set/run_benchmark.py
stella.tool.parse_mmseqs_search_results,parse_mmseqs_search_results,tool,STELLA,general,python,UNAVAILABLE,False,MISSING_DEPS - third-party imports absent,"missing python modules: Bio, requests, smolagents",install the named third-party modules,Apache-2.0,vendor,3,Bio;requests;smolagents,,STELLA/new_tools/enzyme_tools.py
stella.tool.protein_seq_featurizer,protein_seq_featurizer,tool,STELLA,general,python,UNAVAILABLE,False,MISSING_DEPS - third-party imports absent,missing python modules: smolagents,install the named third-party modules,Apache-2.0,vendor,1,smolagents,,STELLA/new_tools/protein_seq_featurizer.py
stella.tool.protocol_evaluator,protocol_evaluator,tool,STELLA,chemistry,python,UNAVAILABLE,False,MISSING_DEPS - third-party imports absent,"missing python modules: requests, smolagents",install the named third-party modules,Apache-2.0,vendor,2,requests;smolagents,,STELLA/new_tools/protocol_evaluator.py
stella.tool.pubchem_drug_gene_search,pubchem_drug_gene_search,tool,STELLA,general,python,UNAVAILABLE,False,MISSING_DEPS - third-party imports absent,"missing python modules: dotenv, llm, markdownify, rapidfuzz, requests, smolagents",install the named third-party modules,Apache-2.0,vendor,6,dotenv;llm;markdownify;rapidfuzz;requests;smolagents,,STELLA/new_tools/virtual_screening_tools.py
stella.tool.query_opentarget_genetics,query_opentarget_genetics,tool,STELLA,general,python,UNAVAILABLE,False,MISSING_DEPS - third-party imports absent,"missing python modules: Bio, dotenv, langchain_openai, requests, sklearn, smolagents",install the named third-party modules,Apache-2.0,vendor,7,Bio;dotenv;langchain_openai;requests;sklearn;smolagents;tqdm,,STELLA/new_tools/database_tools.py
stella.tool.quick_tool_stats,quick_tool_stats,tool,STELLA,general,python,UNAVAILABLE,False,MISSING_DEPS - third-party imports absent,"missing python modules: Knowledge_base, dotenv, jinja2, llm, markdownify, mcp",install the named third-party modules,Apache-2.0,vendor,16,Knowledge_base;dotenv;jinja2;llm;markdownify;mcp;mem0;memory_manager,,STELLA/stella_core.py
stella.tool.reactome_pathway_search,reactome_pathway_search,tool,STELLA,general,python,UNAVAILABLE,False,MISSING_DEPS - third-party imports absent,"missing python modules: dotenv, llm, markdownify, rapidfuzz, requests, smolagents",install the named third-party modules,Apache-2.0,vendor,6,dotenv;llm;markdownify;rapidfuzz;requests;smolagents,,STELLA/new_tools/virtual_screening_tools.py
stella.tool.read_questions_for_task,read_questions_for_task,tool,STELLA,general,python,UNAVAILABLE,False,MISSING_DEPS - third-party imports absent,"missing python modules: dotenv, requests",install the named third-party modules,Apache-2.0,vendor,2,dotenv;requests,,STELLA/Tool_Creation_Benchmark/simple_set/run_benchmark.py
stella.tool.read_seq_from_fasta,read_seq_from_fasta,tool,STELLA,general,python,UNAVAILABLE,False,MISSING_DEPS - third-party imports absent,"missing python modules: Bio, requests, smolagents",install the named third-party modules,Apache-2.0,vendor,3,Bio;requests;smolagents,,STELLA/new_tools/enzyme_tools.py
stella.tool.read_task_row,read_task_row,tool,STELLA,general,python,UNAVAILABLE,False,MISSING_DEPS - third-party imports absent,"missing python modules: dotenv, requests",install the named third-party modules,Apache-2.0,vendor,2,dotenv;requests,,STELLA/Tool_Creation_Benchmark/simple_set/run_benchmark.py
stella.tool.refresh_agent_tools,refresh_agent_tools,tool,STELLA,general,python,UNAVAILABLE,False,MISSING_DEPS - third-party imports absent,"missing python modules: Knowledge_base, dotenv, jinja2, llm, markdownify, mcp",install the named third-party modules,Apache-2.0,vendor,16,Knowledge_base;dotenv;jinja2;llm;markdownify;mcp;mem0;memory_manager,,STELLA/stella_core.py
stella.tool.retrieve_similar_skills,retrieve_similar_skills,tool,STELLA,general,python,UNAVAILABLE,False,MISSING_DEPS - third-party imports absent,"missing python modules: Knowledge_base, dotenv, jinja2, llm, markdownify, mcp",install the named third-party modules,Apache-2.0,vendor,16,Knowledge_base;dotenv;jinja2;llm;markdownify;mcp;mem0;memory_manager,,STELLA/stella_core.py
stella.tool.retry_on_failure,retry_on_failure,tool,STELLA,general,python,UNAVAILABLE,False,MISSING_DEPS - third-party imports absent,"missing python modules: Knowledge_base, dotenv, jinja2, llm, markdownify, mcp",install the named third-party modules,Apache-2.0,vendor,16,Knowledge_base;dotenv;jinja2;llm;markdownify;mcp;mem0;memory_manager,,STELLA/stella_core.py
stella.tool.run_boltz_complex_structure_prediction,run_boltz_complex_structure_prediction,tool,STELLA,chemistry,python,UNAVAILABLE,False,MISSING_DEPS - third-party imports absent,"missing python modules: Bio, requests, smolagents",install the named third-party modules,Apache-2.0,vendor,3,Bio;requests;smolagents,,STELLA/new_tools/enzyme_tools.py
stella.tool.run_boltz_protein_structure_prediction,run_boltz_protein_structure_prediction,tool,STELLA,proteomics,python,UNAVAILABLE,False,MISSING_DEPS - third-party imports absent,"missing python modules: Bio, requests, smolagents",install the named third-party modules,Apache-2.0,vendor,3,Bio;requests;smolagents,,STELLA/new_tools/enzyme_tools.py
stella.tool.run_catapro_prediction,run_catapro_prediction,tool,STELLA,chemistry,python,UNAVAILABLE,False,MISSING_DEPS - third-party imports absent,"missing python modules: Bio, requests, smolagents",install the named third-party modules,Apache-2.0,vendor,3,Bio;requests;smolagents,,STELLA/new_tools/enzyme_tools.py
stella.tool.run_chroma_redesign,run_chroma_redesign,tool,STELLA,proteomics,python,UNAVAILABLE,False,MISSING_DEPS - third-party imports absent,"missing python modules: Bio, requests, smolagents",install the named third-party modules,Apache-2.0,vendor,3,Bio;requests;smolagents,,STELLA/new_tools/enzyme_tools.py
stella.tool.run_clean_ec_prediction,run_clean_ec_prediction,tool,STELLA,general,python,UNAVAILABLE,False,MISSING_DEPS - third-party imports absent,"missing python modules: Bio, requests, smolagents",install the named third-party modules,Apache-2.0,vendor,3,Bio;requests;smolagents,,STELLA/new_tools/enzyme_tools.py
stella.tool.run_ephod_prediction,run_ephod_prediction,tool,STELLA,general,python,UNAVAILABLE,False,MISSING_DEPS - third-party imports absent,"missing python modules: Bio, requests, smolagents",install the named third-party modules,Apache-2.0,vendor,3,Bio;requests;smolagents,,STELLA/new_tools/enzyme_tools.py
stella.tool.run_esm_mutation_prediction,run_esm_mutation_prediction,tool,STELLA,general,python,UNAVAILABLE,False,MISSING_DEPS - third-party imports absent,"missing python modules: Bio, requests, smolagents",install the named third-party modules,Apache-2.0,vendor,3,Bio;requests;smolagents,,STELLA/new_tools/enzyme_tools.py
stella.tool.run_foldseek_search,run_foldseek_search,tool,STELLA,proteomics,python,UNAVAILABLE,False,MISSING_DEPS - third-party imports absent,"missing python modules: Bio, requests, smolagents",install the named third-party modules,Apache-2.0,vendor,3,Bio;requests;smolagents,,STELLA/new_tools/enzyme_tools.py
stella.tool.run_foldx_mutation_prediction,run_foldx_mutation_prediction,tool,STELLA,proteomics,python,UNAVAILABLE,False,MISSING_DEPS - third-party imports absent,"missing python modules: Bio, requests, smolagents",install the named third-party modules,Apache-2.0,vendor,3,Bio;requests;smolagents,,STELLA/new_tools/enzyme_tools.py
stella.tool.run_iqtree_reconstruct_phylogenetic_trees,run_iqtree_reconstruct_phylogenetic_trees,tool,STELLA,general,python,UNAVAILABLE,False,MISSING_DEPS - third-party imports absent,"missing python modules: Bio, requests, smolagents",install the named third-party modules,Apache-2.0,vendor,3,Bio;requests;smolagents,,STELLA/new_tools/enzyme_tools.py
stella.tool.run_jailbreak_hiv,run_jailbreak_hiv,tool,STELLA,general,python,UNAVAILABLE,False,MISSING_DEPS - third-party imports absent,"missing python modules: new_tools, smolagents",install the named third-party modules,Apache-2.0,vendor,2,new_tools;smolagents,,STELLA/new_tools/biosecurity_alignment_guard.py
stella.tool.run_ligandmpnn_redesign,run_ligandmpnn_redesign,tool,STELLA,proteomics,python,UNAVAILABLE,False,MISSING_DEPS - third-party imports absent,"missing python modules: Bio, requests, smolagents",install the named third-party modules,Apache-2.0,vendor,3,Bio;requests;smolagents,,STELLA/new_tools/enzyme_tools.py
stella.tool.run_mmseqs_cluster,run_mmseqs_cluster,tool,STELLA,general,python,UNAVAILABLE,False,MISSING_DEPS - third-party imports absent,"missing python modules: Bio, requests, smolagents",install the named third-party modules,Apache-2.0,vendor,3,Bio;requests;smolagents,,STELLA/new_tools/enzyme_tools.py
stella.tool.run_mmseqs_search,run_mmseqs_search,tool,STELLA,general,python,UNAVAILABLE,False,MISSING_DEPS - third-party imports absent,"missing python modules: Bio, requests, smolagents",install the named third-party modules,Apache-2.0,vendor,3,Bio;requests;smolagents,,STELLA/new_tools/enzyme_tools.py
stella.tool.run_one_task,run_one_task,tool,STELLA,general,python,UNAVAILABLE,False,MISSING_DEPS - third-party imports absent,"missing python modules: dotenv, requests",install the named third-party modules,Apache-2.0,vendor,2,dotenv;requests,,STELLA/Tool_Creation_Benchmark/simple_set/run_benchmark.py
stella.tool.run_prime_mutation_prediction,run_prime_mutation_prediction,tool,STELLA,general,python,UNAVAILABLE,False,MISSING_DEPS - third-party imports absent,"missing python modules: Bio, requests, smolagents",install the named third-party modules,Apache-2.0,vendor,3,Bio;requests;smolagents,,STELLA/new_tools/enzyme_tools.py
stella.tool.run_prime_ogt_prediction,run_prime_ogt_prediction,tool,STELLA,general,python,UNAVAILABLE,False,MISSING_DEPS - third-party imports absent,"missing python modules: Bio, requests, smolagents",install the named third-party modules,Apache-2.0,vendor,3,Bio;requests;smolagents,,STELLA/new_tools/enzyme_tools.py
stella.tool.run_rosetta_mutation_prediction,run_rosetta_mutation_prediction,tool,STELLA,proteomics,python,UNAVAILABLE,False,MISSING_DEPS - third-party imports absent,"missing python modules: Bio, requests, smolagents",install the named third-party modules,Apache-2.0,vendor,3,Bio;requests;smolagents,,STELLA/new_tools/enzyme_tools.py
stella.tool.run_script,run_script,tool,STELLA,general,python,UNAVAILABLE,False,MISSING_DEPS - third-party imports absent,"missing python modules: PyPDF2, arxiv, bs4, googlesearch, markdownify, pymed",install the named third-party modules,Apache-2.0,vendor,9,PyPDF2;arxiv;bs4;googlesearch;markdownify;pymed;requests;scholarly,,STELLA/predefined_tools.py
stella.tool.run_shell_command,run_shell_command,tool,STELLA,general,python,UNAVAILABLE,False,MISSING_DEPS - third-party imports absent,"missing python modules: PyPDF2, arxiv, bs4, googlesearch, markdownify, pymed",install the named third-party modules,Apache-2.0,vendor,9,PyPDF2;arxiv;bs4;googlesearch;markdownify;pymed;requests;scholarly,,STELLA/predefined_tools.py
stella.tool.run_stella_subprocess,run_stella_subprocess,tool,STELLA,general,python,UNAVAILABLE,False,MISSING_DEPS - third-party imports absent,"missing python modules: dotenv, requests",install the named third-party modules,Apache-2.0,vendor,2,dotenv;requests,,STELLA/Tool_Creation_Benchmark/simple_set/run_benchmark.py
stella.tool.sanitize_bio_dataset,sanitize_bio_dataset,tool,STELLA,general,python,UNAVAILABLE,False,MISSING_DEPS - third-party imports absent,missing python modules: smolagents,install the named third-party modules,Apache-2.0,vendor,1,smolagents,,STELLA/new_tools/biosecurity_tool.py
stella.tool.save_successful_skill,save_successful_skill,tool,STELLA,general,python,UNAVAILABLE,False,MISSING_DEPS - third-party imports absent,"missing python modules: Knowledge_base, dotenv, jinja2, llm, markdownify, mcp",install the named third-party modules,Apache-2.0,vendor,16,Knowledge_base;dotenv;jinja2;llm;markdownify;mcp;mem0;memory_manager,,STELLA/stella_core.py
stella.tool.screen_data_analysis,screen_data_analysis,tool,STELLA,general,python,UNAVAILABLE,False,MISSING_DEPS - third-party imports absent,"missing python modules: dotenv, llm, markdownify, rapidfuzz, requests, smolagents",install the named third-party modules,Apache-2.0,vendor,6,dotenv;llm;markdownify;rapidfuzz;requests;smolagents,,STELLA/new_tools/virtual_screening_tools.py
stella.tool.search_github_code,search_github_code,tool,STELLA,general,python,UNAVAILABLE,False,MISSING_DEPS - third-party imports absent,"missing python modules: PyPDF2, arxiv, bs4, googlesearch, markdownify, pymed",install the named third-party modules,Apache-2.0,vendor,9,PyPDF2;arxiv;bs4;googlesearch;markdownify;pymed;requests;scholarly,,STELLA/predefined_tools.py
stella.tool.search_github_repositories,search_github_repositories,tool,STELLA,general,python,UNAVAILABLE,False,MISSING_DEPS - third-party imports absent,"missing python modules: PyPDF2, arxiv, bs4, googlesearch, markdownify, pymed",install the named third-party modules,Apache-2.0,vendor,9,PyPDF2;arxiv;bs4;googlesearch;markdownify;pymed;requests;scholarly,,STELLA/predefined_tools.py
stella.tool.search_google_basic,search_google_basic,tool,STELLA,general,python,UNAVAILABLE,False,MISSING_DEPS - third-party imports absent,"missing python modules: PyPDF2, arxiv, bs4, googlesearch, markdownify, pymed",install the named third-party modules,Apache-2.0,vendor,9,PyPDF2;arxiv;bs4;googlesearch;markdownify;pymed;requests;scholarly,,STELLA/predefined_tools.py
stella.tool.search_skills_by_keyword,search_skills_by_keyword,tool,STELLA,general,python,UNAVAILABLE,False,MISSING_DEPS - third-party imports absent,"missing python modules: Knowledge_base, dotenv, jinja2, llm, markdownify, mcp",install the named third-party modules,Apache-2.0,vendor,16,Knowledge_base;dotenv;jinja2;llm;markdownify;mcp;mem0;memory_manager,,STELLA/stella_core.py
stella.tool.search_with_serpapi,search_with_serpapi,tool,STELLA,general,python,UNAVAILABLE,False,MISSING_DEPS - third-party imports absent,"missing python modules: PyPDF2, arxiv, bs4, googlesearch, markdownify, pymed",install the named third-party modules,Apache-2.0,vendor,9,PyPDF2;arxiv;bs4;googlesearch;markdownify;pymed;requests;scholarly,,STELLA/predefined_tools.py
stella.tool.simple_llm_call,simple_llm_call,tool,STELLA,general,python,UNAVAILABLE,False,MISSING_DEPS - third-party imports absent,"missing python modules: dotenv, openai",install the named third-party modules,Apache-2.0,vendor,2,dotenv;openai,,STELLA/new_tools/llm.py
stella.tool.smart_search_router,smart_search_router,tool,STELLA,general,python,UNAVAILABLE,False,MISSING_DEPS - third-party imports absent,"missing python modules: PyPDF2, arxiv, bs4, googlesearch, markdownify, pymed",install the named third-party modules,Apache-2.0,vendor,9,PyPDF2;arxiv;bs4;googlesearch;markdownify;pymed;requests;scholarly,,STELLA/predefined_tools.py
stella.tool.split_result_and_answers,split_result_and_answers,tool,STELLA,general,python,UNAVAILABLE,False,MISSING_DEPS - third-party imports absent,"missing python modules: dotenv, requests",install the named third-party modules,Apache-2.0,vendor,2,dotenv;requests,,STELLA/Tool_Creation_Benchmark/simple_set/run_benchmark.py
stella.tool.string_database_search,string_database_search,tool,STELLA,general,python,UNAVAILABLE,False,MISSING_DEPS - third-party imports absent,"missing python modules: dotenv, llm, markdownify, rapidfuzz, requests, smolagents",install the named third-party modules,Apache-2.0,vendor,6,dotenv;llm;markdownify;rapidfuzz;requests;smolagents,,STELLA/new_tools/virtual_screening_tools.py
stella.tool.tcga_survival_analysis,tcga_survival_analysis,tool,STELLA,clinical,python,UNAVAILABLE,False,MISSING_DEPS - third-party imports absent,"missing python modules: dotenv, llm, markdownify, rapidfuzz, requests, smolagents",install the named third-party modules,Apache-2.0,vendor,6,dotenv;llm;markdownify;rapidfuzz;requests;smolagents,,STELLA/new_tools/virtual_screening_tools.py
stella.tool.test_biomedical_literature_analyzer,test_biomedical_literature_analyzer,tool,STELLA,literature,python,UNAVAILABLE,False,MISSING_DEPS - third-party imports absent,"missing python modules: smolagents, tools",install the named third-party modules,Apache-2.0,vendor,2,smolagents;tools,,STELLA/new_tools/biomedical_literature_analyzer.py
stella.tool.test_evaluate_response,test_evaluate_response,tool,STELLA,general,python,UNAVAILABLE,False,MISSING_DEPS - third-party imports absent,missing python modules: smolagents,install the named third-party modules,Apache-2.0,vendor,1,smolagents,,STELLA/new_tools/evaluate_response.py
stella.tool.test_kegg_pathway_search,test_kegg_pathway_search,tool,STELLA,general,python,UNAVAILABLE,False,MISSING_DEPS - third-party imports absent,"missing python modules: requests, smolagents",install the named third-party modules,Apache-2.0,vendor,2,requests;smolagents,,STELLA/new_tools/kegg_pathway_search.py
stella.tool.test_protocol_evaluator,test_protocol_evaluator,tool,STELLA,general,python,UNAVAILABLE,False,MISSING_DEPS - third-party imports absent,"missing python modules: requests, smolagents",install the named third-party modules,Apache-2.0,vendor,2,requests;smolagents,,STELLA/new_tools/protocol_evaluator.py
stella.tool.timestamp_iso_detroit,timestamp_iso_detroit,tool,STELLA,general,python,UNAVAILABLE,False,MISSING_DEPS - third-party imports absent,"missing python modules: dotenv, requests",install the named third-party modules,Apache-2.0,vendor,2,dotenv;requests,,STELLA/Tool_Creation_Benchmark/simple_set/run_benchmark.py
stella.tool.uniprot_variants_search,uniprot_variants_search,tool,STELLA,general,python,UNAVAILABLE,False,MISSING_DEPS - third-party imports absent,"missing python modules: dotenv, llm, markdownify, rapidfuzz, requests, smolagents",install the named third-party modules,Apache-2.0,vendor,6,dotenv;llm;markdownify;rapidfuzz;requests;smolagents,,STELLA/new_tools/virtual_screening_tools.py
stella.tool.validate_genes,validate_genes,tool,STELLA,general,python,UNAVAILABLE,False,MISSING_DEPS - third-party imports absent,"missing python modules: dotenv, llm, markdownify, rapidfuzz, requests, smolagents",install the named third-party modules,Apache-2.0,vendor,6,dotenv;llm;markdownify;rapidfuzz;requests;smolagents,,STELLA/new_tools/virtual_screening_tools.py
stella.tool.validate_mcq_csv,validate_mcq_csv,tool,STELLA,general,python,UNAVAILABLE,False,MISSING_DEPS - third-party imports absent,"missing python modules: dotenv, requests",install the named third-party modules,Apache-2.0,vendor,2,dotenv;requests,,STELLA/Tool_Creation_Benchmark/simple_set/run_benchmark.py
stella.tool.validate_task_csv,validate_task_csv,tool,STELLA,general,python,UNAVAILABLE,False,MISSING_DEPS - third-party imports absent,"missing python modules: dotenv, requests",install the named third-party modules,Apache-2.0,vendor,2,dotenv;requests,,STELLA/Tool_Creation_Benchmark/simple_set/run_benchmark.py
stella.tool.visit_webpage,visit_webpage,tool,STELLA,general,python,UNAVAILABLE,False,MISSING_DEPS - third-party imports absent,"missing python modules: PyPDF2, arxiv, bs4, googlesearch, markdownify, pymed",install the named third-party modules,Apache-2.0,vendor,9,PyPDF2;arxiv;bs4;googlesearch;markdownify;pymed;requests;scholarly,,STELLA/predefined_tools.py
stella.tool.wikipathways_search,wikipathways_search,tool,STELLA,general,python,UNAVAILABLE,False,MISSING_DEPS - third-party imports absent,"missing python modules: dotenv, llm, markdownify, rapidfuzz, requests, smolagents",install the named third-party modules,Apache-2.0,vendor,6,dotenv;llm;markdownify;rapidfuzz;requests;smolagents,,STELLA/new_tools/virtual_screening_tools.py
agentomics.tool.add_run_arguments,add_run_arguments,tool,Agentomics,general,python,UNAVAILABLE,False,MISSING_UPSTREAM - upstream package not installed,import failed: ModuleNotFoundError: No module named 'agentomics',pip install the upstream project or add its checkout to sys.path,MIT,vendor,0,,,Agentomics/src/agentomics/cli/run_arguments.py
agentomics.tool.are_wandb_vars_available,are_wandb_vars_available,tool,Agentomics,general,python,UNAVAILABLE,False,MISSING_UPSTREAM - upstream package not installed,import failed: ModuleNotFoundError: No module named 'agentomics',pip install the upstream project or add its checkout to sys.path,MIT,vendor,0,,,Agentomics/src/agentomics/run_logging/env_utils.py
agentomics.tool.check_gpu_availability,check_gpu_availability,tool,Agentomics,general,python,UNAVAILABLE,False,MISSING_UPSTREAM - upstream package not installed,import failed: ModuleNotFoundError: No module named 'agentomics',pip install the upstream project or add its checkout to sys.path,MIT,vendor,0,,,Agentomics/src/agentomics/runtime/system_resources.py
agentomics.tool.chown_tree_to_root,chown_tree_to_root,tool,Agentomics,general,python,UNAVAILABLE,False,MISSING_UPSTREAM - upstream package not installed,import failed: ModuleNotFoundError: No module named 'agentomics',pip install the upstream project or add its checkout to sys.path,MIT,vendor,0,,,Agentomics/src/agentomics/runtime/filesystem.py
agentomics.tool.collapse_repeated_lines,collapse_repeated_lines,tool,Agentomics,general,python,UNAVAILABLE,False,MISSING_UPSTREAM - upstream package not installed,import failed: ModuleNotFoundError: No module named 'agentomics',pip install the upstream project or add its checkout to sys.path,MIT,vendor,0,,,Agentomics/src/agentomics/utils/text_processing_utils.py
agentomics.tool.concise_output,concise_output,tool,Agentomics,general,python,UNAVAILABLE,False,MISSING_UPSTREAM - upstream package not installed,import failed: ModuleNotFoundError: No module named 'agentomics',pip install the upstream project or add its checkout to sys.path,MIT,vendor,0,,,Agentomics/src/agentomics/utils/text_processing_utils.py
agentomics.tool.create_absolute_symlink,create_absolute_symlink,tool,Agentomics,general,python,UNAVAILABLE,False,MISSING_UPSTREAM - upstream package not installed,import failed: ModuleNotFoundError: No module named 'agentomics',pip install the upstream project or add its checkout to sys.path,MIT,vendor,0,,,Agentomics/src/agentomics/runtime/filesystem.py
agentomics.tool.find_symlinks_in_dir,find_symlinks_in_dir,tool,Agentomics,general,python,UNAVAILABLE,False,MISSING_UPSTREAM - upstream package not installed,import failed: ModuleNotFoundError: No module named 'agentomics',pip install the upstream project or add its checkout to sys.path,MIT,vendor,0,,,Agentomics/src/agentomics/runtime/filesystem.py
agentomics.tool.get_cpu_info,get_cpu_info,tool,Agentomics,general,python,UNAVAILABLE,False,MISSING_UPSTREAM - upstream package not installed,import failed: ModuleNotFoundError: No module named 'agentomics',pip install the upstream project or add its checkout to sys.path,MIT,vendor,0,,,Agentomics/src/agentomics/runtime/system_resources.py
agentomics.tool.get_ram_info,get_ram_info,tool,Agentomics,general,python,UNAVAILABLE,False,MISSING_UPSTREAM - upstream package not installed,import failed: ModuleNotFoundError: No module named 'agentomics',pip install the upstream project or add its checkout to sys.path,MIT,vendor,0,,,Agentomics/src/agentomics/runtime/system_resources.py
agentomics.tool.get_resources_summary,get_resources_summary,tool,Agentomics,general,python,UNAVAILABLE,False,MISSING_UPSTREAM - upstream package not installed,import failed: ModuleNotFoundError: No module named 'agentomics',pip install the upstream project or add its checkout to sys.path,MIT,vendor,0,,,Agentomics/src/agentomics/runtime/system_resources.py
agentomics.tool.main,main,tool,Agentomics,general,python,UNAVAILABLE,False,MISSING_UPSTREAM - upstream package not installed,import failed: ModuleNotFoundError: No module named 'agentomics',pip install the upstream project or add its checkout to sys.path,Apache-2.0,vendor,0,,,Agentomics/scripts/validate_release_version.py
agentomics.tool.record_input_dir_structure,record_input_dir_structure,tool,Agentomics,general,python,UNAVAILABLE,False,MISSING_UPSTREAM - upstream package not installed,import failed: ModuleNotFoundError: No module named 'agentomics',pip install the upstream project or add its checkout to sys.path,MIT,vendor,0,,,Agentomics/src/agentomics/datasets/data_contract.py
agentomics.tool.remove_path,remove_path,tool,Agentomics,general,python,UNAVAILABLE,False,MISSING_UPSTREAM - upstream package not installed,import failed: ModuleNotFoundError: No module named 'agentomics',pip install the upstream project or add its checkout to sys.path,MIT,vendor,0,,,Agentomics/src/agentomics/runtime/filesystem.py
agentomics.tool.require_empty_directory,require_empty_directory,tool,Agentomics,general,python,UNAVAILABLE,False,MISSING_UPSTREAM - upstream package not installed,import failed: ModuleNotFoundError: No module named 'agentomics',pip install the upstream project or add its checkout to sys.path,MIT,vendor,0,,,Agentomics/src/agentomics/runtime/filesystem.py
agentomics.tool.resolve_existing_directory,resolve_existing_directory,tool,Agentomics,general,python,UNAVAILABLE,False,MISSING_UPSTREAM - upstream package not installed,import failed: ModuleNotFoundError: No module named 'agentomics',pip install the upstream project or add its checkout to sys.path,MIT,vendor,0,,,Agentomics/src/agentomics/runtime/filesystem.py
agentomics.tool.resolve_existing_path,resolve_existing_path,tool,Agentomics,general,python,UNAVAILABLE,False,MISSING_UPSTREAM - upstream package not installed,import failed: ModuleNotFoundError: No module named 'agentomics',pip install the upstream project or add its checkout to sys.path,MIT,vendor,0,,,Agentomics/src/agentomics/runtime/filesystem.py
agentomics.tool.resolve_inference_paths,resolve_inference_paths,tool,Agentomics,general,python,UNAVAILABLE,False,MISSING_UPSTREAM - upstream package not installed,import failed: ModuleNotFoundError: No module named 'agentomics',pip install the upstream project or add its checkout to sys.path,MIT,vendor,0,,,Agentomics/src/agentomics/runtime/filesystem.py
agentomics.tool.resolve_iteration_root,resolve_iteration_root,tool,Agentomics,general,python,UNAVAILABLE,False,MISSING_UPSTREAM - upstream package not installed,import failed: ModuleNotFoundError: No module named 'agentomics',pip install the upstream project or add its checkout to sys.path,MIT,vendor,0,,,Agentomics/src/agentomics/runtime/filesystem.py
agentomics.tool.resolve_output_path,resolve_output_path,tool,Agentomics,general,python,UNAVAILABLE,False,MISSING_UPSTREAM - upstream package not installed,import failed: ModuleNotFoundError: No module named 'agentomics',pip install the upstream project or add its checkout to sys.path,MIT,vendor,0,,,Agentomics/src/agentomics/runtime/filesystem.py
agentomics.tool.restore_host_ownership,restore_host_ownership,tool,Agentomics,general,python,UNAVAILABLE,False,MISSING_UPSTREAM - upstream package not installed,import failed: ModuleNotFoundError: No module named 'agentomics',pip install the upstream project or add its checkout to sys.path,MIT,vendor,0,,,Agentomics/src/agentomics/runtime/filesystem.py
agentomics.tool.rewrite_symlinks_to_absolute,rewrite_symlinks_to_absolute,tool,Agentomics,general,python,UNAVAILABLE,False,MISSING_UPSTREAM - upstream package not installed,import failed: ModuleNotFoundError: No module named 'agentomics',pip install the upstream project or add its checkout to sys.path,MIT,vendor,0,,,Agentomics/src/agentomics/runtime/filesystem.py
agentomics.tool.validate_and_read_labels,validate_and_read_labels,tool,Agentomics,general,python,UNAVAILABLE,False,MISSING_UPSTREAM - upstream package not installed,import failed: ModuleNotFoundError: No module named 'agentomics',pip install the upstream project or add its checkout to sys.path,MIT,vendor,0,,,Agentomics/src/agentomics/datasets/data_contract.py
agentomics.tool.validate_public_dataset_entries,validate_public_dataset_entries,tool,Agentomics,general,python,UNAVAILABLE,False,MISSING_UPSTREAM - upstream package not installed,import failed: ModuleNotFoundError: No module named 'agentomics',pip install the upstream project or add its checkout to sys.path,MIT,vendor,0,,,Agentomics/src/agentomics/datasets/data_contract.py
agentomics.tool.validate_split_entries,validate_split_entries,tool,Agentomics,general,python,UNAVAILABLE,False,MISSING_UPSTREAM - upstream package not installed,import failed: ModuleNotFoundError: No module named 'agentomics',pip install the upstream project or add its checkout to sys.path,MIT,vendor,0,,,Agentomics/src/agentomics/datasets/data_contract.py
agentomics.tool.validate_splits,validate_splits,tool,Agentomics,general,python,UNAVAILABLE,False,MISSING_UPSTREAM - upstream package not installed,import failed: ModuleNotFoundError: No module named 'agentomics',pip install the upstream project or add its checkout to sys.path,MIT,vendor,0,,,Agentomics/src/agentomics/datasets/data_contract.py
agentomics.tool.validate_symlinks_targets_in,validate_symlinks_targets_in,tool,Agentomics,general,python,UNAVAILABLE,False,MISSING_UPSTREAM - upstream package not installed,import failed: ModuleNotFoundError: No module named 'agentomics',pip install the upstream project or add its checkout to sys.path,MIT,vendor,0,,,Agentomics/src/agentomics/runtime/filesystem.py
autoba.tool.get_requirements,get_requirements,tool,AutoBA,general,python,UNAVAILABLE,False,MISSING_UPSTREAM - upstream package not installed,import failed: ModuleNotFoundError: No module named 'autoba',pip install the upstream project or add its checkout to sys.path,MIT,vendor,0,,,AutoBA/src/llama-main/setup.py
biomedarena.tool.abcd2_stroke,abcd2_stroke,tool,BioMedArena,general,python,UNAVAILABLE,False,MISSING_UPSTREAM - upstream package not installed,import failed: ModuleNotFoundError: No module named 'harness',pip install the upstream project or add its checkout to sys.path,MIT,vendor,0,,,BioMedArena/harness/tools/clinical_calculators.py
biomedarena.tool.activity_score,activity_score,tool,BioMedArena,general,python,UNAVAILABLE,False,MISSING_UPSTREAM - upstream package not installed,import failed: ModuleNotFoundError: No module named 'harness',pip install the upstream project or add its checkout to sys.path,MIT,vendor,0,,,BioMedArena/harness/tools/health_scores.py
biomedarena.tool.apache_ii,apache_ii,tool,BioMedArena,general,python,UNAVAILABLE,False,MISSING_UPSTREAM - upstream package not installed,import failed: ModuleNotFoundError: No module named 'harness',pip install the upstream project or add its checkout to sys.path,MIT,vendor,0,,,BioMedArena/harness/tools/clinical_calculators.py
biomedarena.tool.apgar_score,apgar_score,tool,BioMedArena,general,python,UNAVAILABLE,False,MISSING_UPSTREAM - upstream package not installed,import failed: ModuleNotFoundError: No module named 'harness',pip install the upstream project or add its checkout to sys.path,MIT,vendor,0,,,BioMedArena/harness/tools/clinical_calculators.py
biomedarena.tool.ascvd_pooled_cohort,ascvd_pooled_cohort,tool,BioMedArena,general,python,UNAVAILABLE,False,MISSING_UPSTREAM - upstream package not installed,import failed: ModuleNotFoundError: No module named 'harness',pip install the upstream project or add its checkout to sys.path,MIT,vendor,0,,,BioMedArena/harness/tools/clinical_calculators.py
biomedarena.tool.bishop_score,bishop_score,tool,BioMedArena,general,python,UNAVAILABLE,False,MISSING_UPSTREAM - upstream package not installed,import failed: ModuleNotFoundError: No module named 'harness',pip install the upstream project or add its checkout to sys.path,MIT,vendor,0,,,BioMedArena/harness/tools/clinical_calculators.py
biomedarena.tool.bmi,bmi,tool,BioMedArena,general,python,UNAVAILABLE,False,MISSING_UPSTREAM - upstream package not installed,import failed: ModuleNotFoundError: No module named 'harness',pip install the upstream project or add its checkout to sys.path,MIT,vendor,0,,,BioMedArena/harness/tools/clinical_calculators.py
biomedarena.tool.bsa,bsa,tool,BioMedArena,general,python,UNAVAILABLE,False,MISSING_UPSTREAM - upstream package not installed,import failed: ModuleNotFoundError: No module named 'harness',pip install the upstream project or add its checkout to sys.path,MIT,vendor,0,,,BioMedArena/harness/tools/clinical_calculators.py
biomedarena.tool.cha2ds2_vasc,cha2ds2_vasc,tool,BioMedArena,general,python,UNAVAILABLE,False,MISSING_UPSTREAM - upstream package not installed,import failed: ModuleNotFoundError: No module named 'harness',pip install the upstream project or add its checkout to sys.path,MIT,vendor,0,,,BioMedArena/harness/tools/clinical_calculators.py
biomedarena.tool.child_pugh,child_pugh,tool,BioMedArena,general,python,UNAVAILABLE,False,MISSING_UPSTREAM - upstream package not installed,import failed: ModuleNotFoundError: No module named 'harness',pip install the upstream project or add its checkout to sys.path,MIT,vendor,0,,,BioMedArena/harness/tools/clinical_calculators.py
biomedarena.tool.ckd_epi_egfr,ckd_epi_egfr,tool,BioMedArena,general,python,UNAVAILABLE,False,MISSING_UPSTREAM - upstream package not installed,import failed: ModuleNotFoundError: No module named 'harness',pip install the upstream project or add its checkout to sys.path,MIT,vendor,0,,,BioMedArena/harness/tools/clinical_calculators.py
biomedarena.tool.compute_phenoage,compute_phenoage,tool,BioMedArena,general,python,UNAVAILABLE,False,MISSING_UPSTREAM - upstream package not installed,import failed: ModuleNotFoundError: No module named 'harness',pip install the upstream project or add its checkout to sys.path,MIT,vendor,0,,,BioMedArena/harness/tools/phenoage.py
biomedarena.tool.curb65,curb65,tool,BioMedArena,general,python,UNAVAILABLE,False,MISSING_UPSTREAM - upstream package not installed,import failed: ModuleNotFoundError: No module named 'harness',pip install the upstream project or add its checkout to sys.path,MIT,vendor,0,,,BioMedArena/harness/tools/clinical_calculators.py
biomedarena.tool.framingham_10yr_cvd,framingham_10yr_cvd,tool,BioMedArena,general,python,UNAVAILABLE,False,MISSING_UPSTREAM - upstream package not installed,import failed: ModuleNotFoundError: No module named 'harness',pip install the upstream project or add its checkout to sys.path,MIT,vendor,0,,,BioMedArena/harness/tools/clinical_calculators.py
biomedarena.tool.get_tools_by_category,get_tools_by_category,tool,BioMedArena,general,python,UNAVAILABLE,False,MISSING_UPSTREAM - upstream package not installed,import failed: ModuleNotFoundError: No module named 'harness',pip install the upstream project or add its checkout to sys.path,MIT,vendor,0,,,BioMedArena/harness/tools/tool_categories.py
biomedarena.tool.get_tools_by_whitelist,get_tools_by_whitelist,tool,BioMedArena,general,python,UNAVAILABLE,False,MISSING_UPSTREAM - upstream package not installed,import failed: ModuleNotFoundError: No module named 'harness',pip install the upstream project or add its checkout to sys.path,MIT,vendor,0,,,BioMedArena/harness/tools/tool_categories.py
biomedarena.tool.glasgow_coma_scale,glasgow_coma_scale,tool,BioMedArena,general,python,UNAVAILABLE,False,MISSING_UPSTREAM - upstream package not installed,import failed: ModuleNotFoundError: No module named 'harness',pip install the upstream project or add its checkout to sys.path,MIT,vendor,0,,,BioMedArena/harness/tools/clinical_calculators.py
biomedarena.tool.has_bled,has_bled,tool,BioMedArena,general,python,UNAVAILABLE,False,MISSING_UPSTREAM - upstream package not installed,import failed: ModuleNotFoundError: No module named 'harness',pip install the upstream project or add its checkout to sys.path,MIT,vendor,0,,,BioMedArena/harness/tools/clinical_calculators.py
biomedarena.tool.heart_score,heart_score,tool,BioMedArena,general,python,UNAVAILABLE,False,MISSING_UPSTREAM - upstream package not installed,import failed: ModuleNotFoundError: No module named 'harness',pip install the upstream project or add its checkout to sys.path,MIT,vendor,0,,,BioMedArena/harness/tools/clinical_calculators.py
biomedarena.tool.meld,meld,tool,BioMedArena,general,python,UNAVAILABLE,False,MISSING_UPSTREAM - upstream package not installed,import failed: ModuleNotFoundError: No module named 'harness',pip install the upstream project or add its checkout to sys.path,MIT,vendor,0,,,BioMedArena/harness/tools/clinical_calculators.py
biomedarena.tool.nih_stroke_scale,nih_stroke_scale,tool,BioMedArena,general,python,UNAVAILABLE,False,MISSING_UPSTREAM - upstream package not installed,import failed: ModuleNotFoundError: No module named 'harness',pip install the upstream project or add its checkout to sys.path,MIT,vendor,0,,,BioMedArena/harness/tools/clinical_calculators.py
biomedarena.tool.overall_health_score,overall_health_score,tool,BioMedArena,general,python,UNAVAILABLE,False,MISSING_UPSTREAM - upstream package not installed,import failed: ModuleNotFoundError: No module named 'harness',pip install the upstream project or add its checkout to sys.path,MIT,vendor,0,,,BioMedArena/harness/tools/health_scores.py
biomedarena.tool.qsofa,qsofa,tool,BioMedArena,general,python,UNAVAILABLE,False,MISSING_UPSTREAM - upstream package not installed,import failed: ModuleNotFoundError: No module named 'harness',pip install the upstream project or add its checkout to sys.path,MIT,vendor,0,,,BioMedArena/harness/tools/clinical_calculators.py
biomedarena.tool.resilience_score,resilience_score,tool,BioMedArena,general,python,UNAVAILABLE,False,MISSING_UPSTREAM - upstream package not installed,import failed: ModuleNotFoundError: No module named 'harness',pip install the upstream project or add its checkout to sys.path,MIT,vendor,0,,,BioMedArena/harness/tools/health_scores.py
biomedarena.tool.sleep_score,sleep_score,tool,BioMedArena,general,python,UNAVAILABLE,False,MISSING_UPSTREAM - upstream package not installed,import failed: ModuleNotFoundError: No module named 'harness',pip install the upstream project or add its checkout to sys.path,MIT,vendor,0,,,BioMedArena/harness/tools/health_scores.py
biomedarena.tool.uncategorised_tools,uncategorised_tools,tool,BioMedArena,general,python,UNAVAILABLE,False,MISSING_UPSTREAM - upstream package not installed,import failed: ModuleNotFoundError: No module named 'harness',pip install the upstream project or add its checkout to sys.path,MIT,vendor,0,,,BioMedArena/harness/tools/tool_categories.py
biomedarena.tool.vitals_score,vitals_score,tool,BioMedArena,general,python,UNAVAILABLE,False,MISSING_UPSTREAM - upstream package not installed,import failed: ModuleNotFoundError: No module named 'harness',pip install the upstream project or add its checkout to sys.path,MIT,vendor,0,,,BioMedArena/harness/tools/health_scores.py
biomedarena.tool.wells_dvt,wells_dvt,tool,BioMedArena,general,python,UNAVAILABLE,False,MISSING_UPSTREAM - upstream package not installed,import failed: ModuleNotFoundError: No module named 'harness',pip install the upstream project or add its checkout to sys.path,MIT,vendor,0,,,BioMedArena/harness/tools/clinical_calculators.py
biomedarena.tool.wells_pe,wells_pe,tool,BioMedArena,general,python,UNAVAILABLE,False,MISSING_UPSTREAM - upstream package not installed,import failed: ModuleNotFoundError: No module named 'harness',pip install the upstream project or add its checkout to sys.path,MIT,vendor,0,,,BioMedArena/harness/tools/clinical_calculators.py
biomni.tool.advanced_web_search_claude,advanced_web_search_claude,tool,Biomni,literature,python,UNAVAILABLE,False,MISSING_UPSTREAM - upstream package not installed,import failed: ModuleNotFoundError: No module named 'biomni',pip install the upstream project or add its checkout to sys.path,Apache-2.0,vendor,0,,,Biomni/biomni/tool/tool_description/literature.py
biomni.tool.align_sequences,align_sequences,tool,Biomni,wgs,python,UNAVAILABLE,False,MISSING_UPSTREAM - upstream package not installed,import failed: ModuleNotFoundError: No module named 'biomni',pip install the upstream project or add its checkout to sys.path,Apache-2.0,vendor,0,,,Biomni/biomni/tool/tool_description/molecular_biology.py
biomni.tool.analyze_abr_waveform_p1_metrics,analyze_abr_waveform_p1_metrics,tool,Biomni,clinical,python,UNAVAILABLE,False,MISSING_UPSTREAM - upstream package not installed,import failed: ModuleNotFoundError: No module named 'biomni',pip install the upstream project or add its checkout to sys.path,Apache-2.0,vendor,0,,,Biomni/biomni/tool/tool_description/physiology.py
biomni.tool.analyze_accelerated_stability_of_pharmaceutical_formulations,analyze_accelerated_stability_of_pharmaceutical_formulations,tool,Biomni,chemistry,python,UNAVAILABLE,False,MISSING_UPSTREAM - upstream package not installed,import failed: ModuleNotFoundError: No module named 'biomni',pip install the upstream project or add its checkout to sys.path,Apache-2.0,vendor,0,,,Biomni/biomni/tool/tool_description/pharmacology.py
biomni.tool.analyze_aortic_diameter_and_geometry,analyze_aortic_diameter_and_geometry,tool,Biomni,imaging,python,UNAVAILABLE,False,MISSING_UPSTREAM - upstream package not installed,import failed: ModuleNotFoundError: No module named 'biomni',pip install the upstream project or add its checkout to sys.path,Apache-2.0,vendor,0,,,Biomni/biomni/tool/tool_description/pathology.py
biomni.tool.analyze_arsenic_speciation_hplc_icpms,analyze_arsenic_speciation_hplc_icpms,tool,Biomni,wgs,python,UNAVAILABLE,False,MISSING_UPSTREAM - upstream package not installed,import failed: ModuleNotFoundError: No module named 'biomni',pip install the upstream project or add its checkout to sys.path,Apache-2.0,vendor,0,,,Biomni/biomni/tool/tool_description/microbiology.py
biomni.tool.analyze_atac_seq_differential_accessibility,analyze_atac_seq_differential_accessibility,tool,Biomni,proteomics,python,UNAVAILABLE,False,MISSING_UPSTREAM - upstream package not installed,import failed: ModuleNotFoundError: No module named 'biomni',pip install the upstream project or add its checkout to sys.path,Apache-2.0,vendor,0,,,Biomni/biomni/tool/tool_description/immunology.py
biomni.tool.analyze_atp_luminescence_assay,analyze_atp_luminescence_assay,tool,Biomni,imaging,python,UNAVAILABLE,False,MISSING_UPSTREAM - upstream package not installed,import failed: ModuleNotFoundError: No module named 'biomni',pip install the upstream project or add its checkout to sys.path,Apache-2.0,vendor,0,,,Biomni/biomni/tool/tool_description/pathology.py
biomni.tool.analyze_bacterial_growth_curve,analyze_bacterial_growth_curve,tool,Biomni,proteomics,python,UNAVAILABLE,False,MISSING_UPSTREAM - upstream package not installed,import failed: ModuleNotFoundError: No module named 'biomni',pip install the upstream project or add its checkout to sys.path,Apache-2.0,vendor,0,,,Biomni/biomni/tool/tool_description/immunology.py
biomni.tool.analyze_bacterial_growth_rate,analyze_bacterial_growth_rate,tool,Biomni,wgs,python,UNAVAILABLE,False,MISSING_UPSTREAM - upstream package not installed,import failed: ModuleNotFoundError: No module named 'biomni',pip install the upstream project or add its checkout to sys.path,Apache-2.0,vendor,0,,,Biomni/biomni/tool/tool_description/synthetic_biology.py
biomni.tool.analyze_barcode_sequencing_data,analyze_barcode_sequencing_data,tool,Biomni,wgs,python,UNAVAILABLE,False,MISSING_UPSTREAM - upstream package not installed,import failed: ModuleNotFoundError: No module named 'biomni',pip install the upstream project or add its checkout to sys.path,Apache-2.0,vendor,0,,,Biomni/biomni/tool/tool_description/synthetic_biology.py
biomni.tool.analyze_bifurcation_diagram,analyze_bifurcation_diagram,tool,Biomni,wgs,python,UNAVAILABLE,False,MISSING_UPSTREAM - upstream package not installed,import failed: ModuleNotFoundError: No module named 'biomni',pip install the upstream project or add its checkout to sys.path,Apache-2.0,vendor,0,,,Biomni/biomni/tool/tool_description/synthetic_biology.py
biomni.tool.analyze_bone_microct_morphometry,analyze_bone_microct_morphometry,tool,Biomni,imaging,python,UNAVAILABLE,False,MISSING_UPSTREAM - upstream package not installed,import failed: ModuleNotFoundError: No module named 'biomni',pip install the upstream project or add its checkout to sys.path,Apache-2.0,vendor,0,,,Biomni/biomni/tool/tool_description/pathology.py
biomni.tool.analyze_calcium_imaging_data,analyze_calcium_imaging_data,tool,Biomni,general,python,UNAVAILABLE,False,MISSING_UPSTREAM - upstream package not installed,import failed: ModuleNotFoundError: No module named 'biomni',pip install the upstream project or add its checkout to sys.path,Apache-2.0,vendor,0,,,Biomni/biomni/tool/tool_description/bioengineering.py
biomni.tool.analyze_cas9_mutation_outcomes,analyze_cas9_mutation_outcomes,tool,Biomni,wgs,python,UNAVAILABLE,False,MISSING_UPSTREAM - upstream package not installed,import failed: ModuleNotFoundError: No module named 'biomni',pip install the upstream project or add its checkout to sys.path,Apache-2.0,vendor,0,,,Biomni/biomni/tool/tool_description/genetics.py
biomni.tool.analyze_cell_migration_metrics,analyze_cell_migration_metrics,tool,Biomni,general,python,UNAVAILABLE,False,MISSING_UPSTREAM - upstream package not installed,import failed: ModuleNotFoundError: No module named 'biomni',pip install the upstream project or add its checkout to sys.path,Apache-2.0,vendor,0,,,Biomni/biomni/tool/tool_description/bioengineering.py
biomni.tool.analyze_cell_morphology_and_cytoskeleton,analyze_cell_morphology_and_cytoskeleton,tool,Biomni,proteomics,python,UNAVAILABLE,False,MISSING_UPSTREAM - upstream package not installed,import failed: ModuleNotFoundError: No module named 'biomni',pip install the upstream project or add its checkout to sys.path,Apache-2.0,vendor,0,,,Biomni/biomni/tool/tool_description/biophysics.py
biomni.tool.analyze_cell_senescence_and_apoptosis,analyze_cell_senescence_and_apoptosis,tool,Biomni,multiomics,python,UNAVAILABLE,False,MISSING_UPSTREAM - upstream package not installed,import failed: ModuleNotFoundError: No module named 'biomni',pip install the upstream project or add its checkout to sys.path,Apache-2.0,vendor,0,,,Biomni/biomni/tool/tool_description/cancer_biology.py
biomni.tool.analyze_cfse_cell_proliferation,analyze_cfse_cell_proliferation,tool,Biomni,proteomics,python,UNAVAILABLE,False,MISSING_UPSTREAM - upstream package not installed,import failed: ModuleNotFoundError: No module named 'biomni',pip install the upstream project or add its checkout to sys.path,Apache-2.0,vendor,0,,,Biomni/biomni/tool/tool_description/immunology.py
biomni.tool.analyze_chromatin_interactions,analyze_chromatin_interactions,tool,Biomni,wgs,python,UNAVAILABLE,False,MISSING_UPSTREAM - upstream package not installed,import failed: ModuleNotFoundError: No module named 'biomni',pip install the upstream project or add its checkout to sys.path,Apache-2.0,vendor,0,,,Biomni/biomni/tool/tool_description/genomics.py
biomni.tool.analyze_ciliary_beat_frequency,analyze_ciliary_beat_frequency,tool,Biomni,clinical,python,UNAVAILABLE,False,MISSING_UPSTREAM - upstream package not installed,import failed: ModuleNotFoundError: No module named 'biomni',pip install the upstream project or add its checkout to sys.path,Apache-2.0,vendor,0,,,Biomni/biomni/tool/tool_description/physiology.py
biomni.tool.analyze_circular_dichroism_spectra,analyze_circular_dichroism_spectra,tool,Biomni,chemistry,python,UNAVAILABLE,False,MISSING_UPSTREAM - upstream package not installed,import failed: ModuleNotFoundError: No module named 'biomni',pip install the upstream project or add its checkout to sys.path,Apache-2.0,vendor,0,,,Biomni/biomni/tool/tool_description/biochemistry.py
biomni.tool.analyze_cns_lesion_histology,analyze_cns_lesion_histology,tool,Biomni,proteomics,python,UNAVAILABLE,False,MISSING_UPSTREAM - upstream package not installed,import failed: ModuleNotFoundError: No module named 'biomni',pip install the upstream project or add its checkout to sys.path,Apache-2.0,vendor,0,,,Biomni/biomni/tool/tool_description/immunology.py
biomni.tool.analyze_comparative_genomics_and_haplotypes,analyze_comparative_genomics_and_haplotypes,tool,Biomni,wgs,python,UNAVAILABLE,False,MISSING_UPSTREAM - upstream package not installed,import failed: ModuleNotFoundError: No module named 'biomni',pip install the upstream project or add its checkout to sys.path,Apache-2.0,vendor,0,,,Biomni/biomni/tool/tool_description/genomics.py
biomni.tool.analyze_copy_number_purity_ploidy_and_focal_events,analyze_copy_number_purity_ploidy_and_focal_events,tool,Biomni,multiomics,python,UNAVAILABLE,False,MISSING_UPSTREAM - upstream package not installed,import failed: ModuleNotFoundError: No module named 'biomni',pip install the upstream project or add its checkout to sys.path,Apache-2.0,vendor,0,,,Biomni/biomni/tool/tool_description/cancer_biology.py
biomni.tool.analyze_crispr_genome_editing,analyze_crispr_genome_editing,tool,Biomni,wgs,python,UNAVAILABLE,False,MISSING_UPSTREAM - upstream package not installed,import failed: ModuleNotFoundError: No module named 'biomni',pip install the upstream project or add its checkout to sys.path,Apache-2.0,vendor,0,,,Biomni/biomni/tool/tool_description/genetics.py
biomni.tool.analyze_cytokine_production_in_cd4_tcells,analyze_cytokine_production_in_cd4_tcells,tool,Biomni,proteomics,python,UNAVAILABLE,False,MISSING_UPSTREAM - upstream package not installed,import failed: ModuleNotFoundError: No module named 'biomni',pip install the upstream project or add its checkout to sys.path,Apache-2.0,vendor,0,,,Biomni/biomni/tool/tool_description/immunology.py
biomni.tool.analyze_ddr_network_in_cancer,analyze_ddr_network_in_cancer,tool,Biomni,multiomics,python,UNAVAILABLE,False,MISSING_UPSTREAM - upstream package not installed,import failed: ModuleNotFoundError: No module named 'biomni',pip install the upstream project or add its checkout to sys.path,Apache-2.0,vendor,0,,,Biomni/biomni/tool/tool_description/cancer_biology.py
biomni.tool.analyze_ebv_antibody_titers,analyze_ebv_antibody_titers,tool,Biomni,proteomics,python,UNAVAILABLE,False,MISSING_UPSTREAM - upstream package not installed,import failed: ModuleNotFoundError: No module named 'biomni',pip install the upstream project or add its checkout to sys.path,Apache-2.0,vendor,0,,,Biomni/biomni/tool/tool_description/immunology.py
biomni.tool.analyze_endolysosomal_calcium_dynamics,analyze_endolysosomal_calcium_dynamics,tool,Biomni,clinical,python,UNAVAILABLE,False,MISSING_UPSTREAM - upstream package not installed,import failed: ModuleNotFoundError: No module named 'biomni',pip install the upstream project or add its checkout to sys.path,Apache-2.0,vendor,0,,,Biomni/biomni/tool/tool_description/physiology.py
biomni.tool.analyze_enzyme_kinetics_assay,analyze_enzyme_kinetics_assay,tool,Biomni,chemistry,python,UNAVAILABLE,False,MISSING_UPSTREAM - upstream package not installed,import failed: ModuleNotFoundError: No module named 'biomni',pip install the upstream project or add its checkout to sys.path,Apache-2.0,vendor,0,,,Biomni/biomni/tool/tool_description/biochemistry.py
biomni.tool.analyze_fatty_acid_composition_by_gc,analyze_fatty_acid_composition_by_gc,tool,Biomni,clinical,python,UNAVAILABLE,False,MISSING_UPSTREAM - upstream package not installed,import failed: ModuleNotFoundError: No module named 'biomni',pip install the upstream project or add its checkout to sys.path,Apache-2.0,vendor,0,,,Biomni/biomni/tool/tool_description/physiology.py
biomni.tool.analyze_fda_safety_signals,analyze_fda_safety_signals,tool,Biomni,chemistry,python,UNAVAILABLE,False,MISSING_UPSTREAM - upstream package not installed,import failed: ModuleNotFoundError: No module named 'biomni',pip install the upstream project or add its checkout to sys.path,Apache-2.0,vendor,0,,,Biomni/biomni/tool/tool_description/pharmacology.py
biomni.tool.analyze_flow_cytometry_immunophenotyping,analyze_flow_cytometry_immunophenotyping,tool,Biomni,scrnaseq,python,UNAVAILABLE,False,MISSING_UPSTREAM - upstream package not installed,import failed: ModuleNotFoundError: No module named 'biomni',pip install the upstream project or add its checkout to sys.path,Apache-2.0,vendor,0,,,Biomni/biomni/tool/tool_description/cell_biology.py
biomni.tool.analyze_genomic_region_overlap,analyze_genomic_region_overlap,tool,Biomni,wgs,python,UNAVAILABLE,False,MISSING_UPSTREAM - upstream package not installed,import failed: ModuleNotFoundError: No module named 'biomni',pip install the upstream project or add its checkout to sys.path,Apache-2.0,vendor,0,,,Biomni/biomni/tool/tool_description/genomics.py
biomni.tool.analyze_hemodynamic_data,analyze_hemodynamic_data,tool,Biomni,clinical,python,UNAVAILABLE,False,MISSING_UPSTREAM - upstream package not installed,import failed: ModuleNotFoundError: No module named 'biomni',pip install the upstream project or add its checkout to sys.path,Apache-2.0,vendor,0,,,Biomni/biomni/tool/tool_description/physiology.py
biomni.tool.analyze_immunohistochemistry_image,analyze_immunohistochemistry_image,tool,Biomni,proteomics,python,UNAVAILABLE,False,MISSING_UPSTREAM - upstream package not installed,import failed: ModuleNotFoundError: No module named 'biomni',pip install the upstream project or add its checkout to sys.path,Apache-2.0,vendor,0,,,Biomni/biomni/tool/tool_description/immunology.py
biomni.tool.analyze_in_vitro_drug_release_kinetics,analyze_in_vitro_drug_release_kinetics,tool,Biomni,general,python,UNAVAILABLE,False,MISSING_UPSTREAM - upstream package not installed,import failed: ModuleNotFoundError: No module named 'biomni',pip install the upstream project or add its checkout to sys.path,Apache-2.0,vendor,0,,,Biomni/biomni/tool/tool_description/bioengineering.py
biomni.tool.analyze_interaction_mechanisms,analyze_interaction_mechanisms,tool,Biomni,chemistry,python,UNAVAILABLE,False,MISSING_UPSTREAM - upstream package not installed,import failed: ModuleNotFoundError: No module named 'biomni',pip install the upstream project or add its checkout to sys.path,Apache-2.0,vendor,0,,,Biomni/biomni/tool/tool_description/pharmacology.py
biomni.tool.analyze_intracellular_calcium_with_rhod2,analyze_intracellular_calcium_with_rhod2,tool,Biomni,imaging,python,UNAVAILABLE,False,MISSING_UPSTREAM - upstream package not installed,import failed: ModuleNotFoundError: No module named 'biomni',pip install the upstream project or add its checkout to sys.path,Apache-2.0,vendor,0,,,Biomni/biomni/tool/tool_description/pathology.py
biomni.tool.analyze_itc_binding_thermodynamics,analyze_itc_binding_thermodynamics,tool,Biomni,chemistry,python,UNAVAILABLE,False,MISSING_UPSTREAM - upstream package not installed,import failed: ModuleNotFoundError: No module named 'biomni',pip install the upstream project or add its checkout to sys.path,Apache-2.0,vendor,0,,,Biomni/biomni/tool/tool_description/biochemistry.py
biomni.tool.analyze_mitochondrial_morphology_and_potential,analyze_mitochondrial_morphology_and_potential,tool,Biomni,scrnaseq,python,UNAVAILABLE,False,MISSING_UPSTREAM - upstream package not installed,import failed: ModuleNotFoundError: No module named 'biomni',pip install the upstream project or add its checkout to sys.path,Apache-2.0,vendor,0,,,Biomni/biomni/tool/tool_description/cell_biology.py
biomni.tool.analyze_myofiber_morphology,analyze_myofiber_morphology,tool,Biomni,general,python,UNAVAILABLE,False,MISSING_UPSTREAM - upstream package not installed,import failed: ModuleNotFoundError: No module named 'biomni',pip install the upstream project or add its checkout to sys.path,Apache-2.0,vendor,0,,,Biomni/biomni/tool/tool_description/bioengineering.py
biomni.tool.analyze_pixel_distribution,analyze_pixel_distribution,tool,Biomni,chemistry,python,UNAVAILABLE,False,MISSING_UPSTREAM - upstream package not installed,import failed: ModuleNotFoundError: No module named 'biomni',pip install the upstream project or add its checkout to sys.path,Apache-2.0,vendor,0,,,Biomni/biomni/tool/tool_description/pharmacology.py
biomni.tool.analyze_protease_kinetics,analyze_protease_kinetics,tool,Biomni,chemistry,python,UNAVAILABLE,False,MISSING_UPSTREAM - upstream package not installed,import failed: ModuleNotFoundError: No module named 'biomni',pip install the upstream project or add its checkout to sys.path,Apache-2.0,vendor,0,,,Biomni/biomni/tool/tool_description/biochemistry.py
biomni.tool.analyze_protein_colocalization,analyze_protein_colocalization,tool,Biomni,clinical,python,UNAVAILABLE,False,MISSING_UPSTREAM - upstream package not installed,import failed: ModuleNotFoundError: No module named 'biomni',pip install the upstream project or add its checkout to sys.path,Apache-2.0,vendor,0,,,Biomni/biomni/tool/tool_description/physiology.py
biomni.tool.analyze_protein_conservation,analyze_protein_conservation,tool,Biomni,chemistry,python,UNAVAILABLE,False,MISSING_UPSTREAM - upstream package not installed,import failed: ModuleNotFoundError: No module named 'biomni',pip install the upstream project or add its checkout to sys.path,Apache-2.0,vendor,0,,,Biomni/biomni/tool/tool_description/biochemistry.py
biomni.tool.analyze_protein_phylogeny,analyze_protein_phylogeny,tool,Biomni,wgs,python,UNAVAILABLE,False,MISSING_UPSTREAM - upstream package not installed,import failed: ModuleNotFoundError: No module named 'biomni',pip install the upstream project or add its checkout to sys.path,Apache-2.0,vendor,0,,,Biomni/biomni/tool/tool_description/genetics.py
biomni.tool.analyze_radiolabeled_antibody_biodistribution,analyze_radiolabeled_antibody_biodistribution,tool,Biomni,chemistry,python,UNAVAILABLE,False,MISSING_UPSTREAM - upstream package not installed,import failed: ModuleNotFoundError: No module named 'biomni',pip install the upstream project or add its checkout to sys.path,Apache-2.0,vendor,0,,,Biomni/biomni/tool/tool_description/pharmacology.py
biomni.tool.analyze_rna_secondary_structure_features,analyze_rna_secondary_structure_features,tool,Biomni,chemistry,python,UNAVAILABLE,False,MISSING_UPSTREAM - upstream package not installed,import failed: ModuleNotFoundError: No module named 'biomni',pip install the upstream project or add its checkout to sys.path,Apache-2.0,vendor,0,,,Biomni/biomni/tool/tool_description/biochemistry.py
biomni.tool.analyze_thrombus_histology,analyze_thrombus_histology,tool,Biomni,imaging,python,UNAVAILABLE,False,MISSING_UPSTREAM - upstream package not installed,import failed: ModuleNotFoundError: No module named 'biomni',pip install the upstream project or add its checkout to sys.path,Apache-2.0,vendor,0,,,Biomni/biomni/tool/tool_description/pathology.py
biomni.tool.analyze_tissue_deformation_flow,analyze_tissue_deformation_flow,tool,Biomni,proteomics,python,UNAVAILABLE,False,MISSING_UPSTREAM - upstream package not installed,import failed: ModuleNotFoundError: No module named 'biomni',pip install the upstream project or add its checkout to sys.path,Apache-2.0,vendor,0,,,Biomni/biomni/tool/tool_description/biophysics.py
biomni.tool.analyze_western_blot,analyze_western_blot,tool,Biomni,chemistry,python,UNAVAILABLE,False,MISSING_UPSTREAM - upstream package not installed,import failed: ModuleNotFoundError: No module named 'biomni',pip install the upstream project or add its checkout to sys.path,Apache-2.0,vendor,0,,,Biomni/biomni/tool/tool_description/pharmacology.py
biomni.tool.analyze_xenograft_tumor_growth_inhibition,analyze_xenograft_tumor_growth_inhibition,tool,Biomni,chemistry,python,UNAVAILABLE,False,MISSING_UPSTREAM - upstream package not installed,import failed: ModuleNotFoundError: No module named 'biomni',pip install the upstream project or add its checkout to sys.path,Apache-2.0,vendor,0,,,Biomni/biomni/tool/tool_description/pharmacology.py
biomni.tool.annotate_bacterial_genome,annotate_bacterial_genome,tool,Biomni,wgs,python,UNAVAILABLE,False,MISSING_UPSTREAM - upstream package not installed,import failed: ModuleNotFoundError: No module named 'biomni',pip install the upstream project or add its checkout to sys.path,Apache-2.0,vendor,0,,,Biomni/biomni/tool/tool_description/microbiology.py
biomni.tool.annotate_celltype_scrna,annotate_celltype_scRNA,tool,Biomni,wgs,python,UNAVAILABLE,False,MISSING_UPSTREAM - upstream package not installed,import failed: ModuleNotFoundError: No module named 'biomni',pip install the upstream project or add its checkout to sys.path,Apache-2.0,vendor,0,,,Biomni/biomni/tool/tool_description/genomics.py
biomni.tool.annotate_celltype_with_panhumanpy,annotate_celltype_with_panhumanpy,tool,Biomni,wgs,python,UNAVAILABLE,False,MISSING_UPSTREAM - upstream package not installed,import failed: ModuleNotFoundError: No module named 'biomni',pip install the upstream project or add its checkout to sys.path,Apache-2.0,vendor,0,,,Biomni/biomni/tool/tool_description/genomics.py
biomni.tool.annotate_open_reading_frames,annotate_open_reading_frames,tool,Biomni,wgs,python,UNAVAILABLE,False,MISSING_UPSTREAM - upstream package not installed,import failed: ModuleNotFoundError: No module named 'biomni',pip install the upstream project or add its checkout to sys.path,Apache-2.0,vendor,0,,,Biomni/biomni/tool/tool_description/molecular_biology.py
biomni.tool.annotate_plasmid,annotate_plasmid,tool,Biomni,wgs,python,UNAVAILABLE,False,MISSING_UPSTREAM - upstream package not installed,import failed: ModuleNotFoundError: No module named 'biomni',pip install the upstream project or add its checkout to sys.path,Apache-2.0,vendor,0,,,Biomni/biomni/tool/tool_description/molecular_biology.py
biomni.tool.batch_register_images,batch_register_images,tool,Biomni,imaging,python,UNAVAILABLE,False,MISSING_UPSTREAM - upstream package not installed,import failed: ModuleNotFoundError: No module named 'biomni',pip install the upstream project or add its checkout to sys.path,Apache-2.0,vendor,0,,,Biomni/biomni/tool/tool_description/bioimaging.py
biomni.tool.bayesian_finemapping_with_deep_vi,bayesian_finemapping_with_deep_vi,tool,Biomni,wgs,python,UNAVAILABLE,False,MISSING_UPSTREAM - upstream package not installed,import failed: ModuleNotFoundError: No module named 'biomni',pip install the upstream project or add its checkout to sys.path,Apache-2.0,vendor,0,,,Biomni/biomni/tool/tool_description/genetics.py
biomni.tool.blast_sequence,blast_sequence,tool,Biomni,general,python,UNAVAILABLE,False,MISSING_UPSTREAM - upstream package not installed,import failed: ModuleNotFoundError: No module named 'biomni',pip install the upstream project or add its checkout to sys.path,Apache-2.0,vendor,0,,,Biomni/biomni/tool/tool_description/database.py
biomni.tool.calculate_brain_adc_map,calculate_brain_adc_map,tool,Biomni,clinical,python,UNAVAILABLE,False,MISSING_UPSTREAM - upstream package not installed,import failed: ModuleNotFoundError: No module named 'biomni',pip install the upstream project or add its checkout to sys.path,Apache-2.0,vendor,0,,,Biomni/biomni/tool/tool_description/physiology.py
biomni.tool.calculate_physicochemical_properties,calculate_physicochemical_properties,tool,Biomni,chemistry,python,UNAVAILABLE,False,MISSING_UPSTREAM - upstream package not installed,import failed: ModuleNotFoundError: No module named 'biomni',pip install the upstream project or add its checkout to sys.path,Apache-2.0,vendor,0,,,Biomni/biomni/tool/tool_description/pharmacology.py
biomni.tool.calculate_similarity_metrics,calculate_similarity_metrics,tool,Biomni,imaging,python,UNAVAILABLE,False,MISSING_UPSTREAM - upstream package not installed,import failed: ModuleNotFoundError: No module named 'biomni',pip install the upstream project or add its checkout to sys.path,Apache-2.0,vendor,0,,,Biomni/biomni/tool/tool_description/bioimaging.py
biomni.tool.check_drug_combination_safety,check_drug_combination_safety,tool,Biomni,chemistry,python,UNAVAILABLE,False,MISSING_UPSTREAM - upstream package not installed,import failed: ModuleNotFoundError: No module named 'biomni',pip install the upstream project or add its checkout to sys.path,Apache-2.0,vendor,0,,,Biomni/biomni/tool/tool_description/pharmacology.py
biomni.tool.check_fda_drug_recalls,check_fda_drug_recalls,tool,Biomni,chemistry,python,UNAVAILABLE,False,MISSING_UPSTREAM - upstream package not installed,import failed: ModuleNotFoundError: No module named 'biomni',pip install the upstream project or add its checkout to sys.path,Apache-2.0,vendor,0,,,Biomni/biomni/tool/tool_description/pharmacology.py
biomni.tool.compare_protein_structures,compare_protein_structures,tool,Biomni,multiomics,python,UNAVAILABLE,False,MISSING_UPSTREAM - upstream package not installed,import failed: ModuleNotFoundError: No module named 'biomni',pip install the upstream project or add its checkout to sys.path,Apache-2.0,vendor,0,,,Biomni/biomni/tool/tool_description/systems_biology.py
biomni.tool.count_bacterial_colonies,count_bacterial_colonies,tool,Biomni,wgs,python,UNAVAILABLE,False,MISSING_UPSTREAM - upstream package not installed,import failed: ModuleNotFoundError: No module named 'biomni',pip install the upstream project or add its checkout to sys.path,Apache-2.0,vendor,0,,,Biomni/biomni/tool/tool_description/microbiology.py
biomni.tool.create_biochemical_network_sbml_model,create_biochemical_network_sbml_model,tool,Biomni,wgs,python,UNAVAILABLE,False,MISSING_UPSTREAM - upstream package not installed,import failed: ModuleNotFoundError: No module named 'biomni',pip install the upstream project or add its checkout to sys.path,Apache-2.0,vendor,0,,,Biomni/biomni/tool/tool_description/synthetic_biology.py
biomni.tool.create_harmony_embeddings_scrna,create_harmony_embeddings_scRNA,tool,Biomni,wgs,python,UNAVAILABLE,False,MISSING_UPSTREAM - upstream package not installed,import failed: ModuleNotFoundError: No module named 'biomni',pip install the upstream project or add its checkout to sys.path,Apache-2.0,vendor,0,,,Biomni/biomni/tool/tool_description/genomics.py
biomni.tool.create_registration_visualization,create_registration_visualization,tool,Biomni,imaging,python,UNAVAILABLE,False,MISSING_UPSTREAM - upstream package not installed,import failed: ModuleNotFoundError: No module named 'biomni',pip install the upstream project or add its checkout to sys.path,Apache-2.0,vendor,0,,,Biomni/biomni/tool/tool_description/bioimaging.py
biomni.tool.create_scvi_embeddings_scrna,create_scvi_embeddings_scRNA,tool,Biomni,wgs,python,UNAVAILABLE,False,MISSING_UPSTREAM - upstream package not installed,import failed: ModuleNotFoundError: No module named 'biomni',pip install the upstream project or add its checkout to sys.path,Apache-2.0,vendor,0,,,Biomni/biomni/tool/tool_description/genomics.py
biomni.tool.create_segmentation_visualization,create_segmentation_visualization,tool,Biomni,imaging,python,UNAVAILABLE,False,MISSING_UPSTREAM - upstream package not installed,import failed: ModuleNotFoundError: No module named 'biomni',pip install the upstream project or add its checkout to sys.path,Apache-2.0,vendor,0,,,Biomni/biomni/tool/tool_description/bioimaging.py
biomni.tool.decode_behavior_from_neural_trajectories,decode_behavior_from_neural_trajectories,tool,Biomni,general,python,UNAVAILABLE,False,MISSING_UPSTREAM - upstream package not installed,import failed: ModuleNotFoundError: No module named 'biomni',pip install the upstream project or add its checkout to sys.path,Apache-2.0,vendor,0,,,Biomni/biomni/tool/tool_description/bioengineering.py
biomni.tool.design_golden_gate_oligos,design_golden_gate_oligos,tool,Biomni,wgs,python,UNAVAILABLE,False,MISSING_UPSTREAM - upstream package not installed,import failed: ModuleNotFoundError: No module named 'biomni',pip install the upstream project or add its checkout to sys.path,Apache-2.0,vendor,0,,,Biomni/biomni/tool/tool_description/molecular_biology.py
biomni.tool.design_knockout_sgrna,design_knockout_sgrna,tool,Biomni,wgs,python,UNAVAILABLE,False,MISSING_UPSTREAM - upstream package not installed,import failed: ModuleNotFoundError: No module named 'biomni',pip install the upstream project or add its checkout to sys.path,Apache-2.0,vendor,0,,,Biomni/biomni/tool/tool_description/molecular_biology.py
biomni.tool.design_primer,design_primer,tool,Biomni,wgs,python,UNAVAILABLE,False,MISSING_UPSTREAM - upstream package not installed,import failed: ModuleNotFoundError: No module named 'biomni',pip install the upstream project or add its checkout to sys.path,Apache-2.0,vendor,0,,,Biomni/biomni/tool/tool_description/molecular_biology.py
biomni.tool.design_verification_primers,design_verification_primers,tool,Biomni,wgs,python,UNAVAILABLE,False,MISSING_UPSTREAM - upstream package not installed,import failed: ModuleNotFoundError: No module named 'biomni',pip install the upstream project or add its checkout to sys.path,Apache-2.0,vendor,0,,,Biomni/biomni/tool/tool_description/molecular_biology.py
biomni.tool.detect_and_annotate_somatic_mutations,detect_and_annotate_somatic_mutations,tool,Biomni,multiomics,python,UNAVAILABLE,False,MISSING_UPSTREAM - upstream package not installed,import failed: ModuleNotFoundError: No module named 'biomni',pip install the upstream project or add its checkout to sys.path,Apache-2.0,vendor,0,,,Biomni/biomni/tool/tool_description/cancer_biology.py
biomni.tool.detect_and_characterize_structural_variations,detect_and_characterize_structural_variations,tool,Biomni,multiomics,python,UNAVAILABLE,False,MISSING_UPSTREAM - upstream package not installed,import failed: ModuleNotFoundError: No module named 'biomni',pip install the upstream project or add its checkout to sys.path,Apache-2.0,vendor,0,,,Biomni/biomni/tool/tool_description/cancer_biology.py
biomni.tool.digest_sequence,digest_sequence,tool,Biomni,wgs,python,UNAVAILABLE,False,MISSING_UPSTREAM - upstream package not installed,import failed: ModuleNotFoundError: No module named 'biomni',pip install the upstream project or add its checkout to sys.path,Apache-2.0,vendor,0,,,Biomni/biomni/tool/tool_description/molecular_biology.py
biomni.tool.docking_autodock_vina,docking_autodock_vina,tool,Biomni,chemistry,python,UNAVAILABLE,False,MISSING_UPSTREAM - upstream package not installed,import failed: ModuleNotFoundError: No module named 'biomni',pip install the upstream project or add its checkout to sys.path,Apache-2.0,vendor,0,,,Biomni/biomni/tool/tool_description/pharmacology.py
biomni.tool.download_synapse_data,download_synapse_data,tool,Biomni,general,python,UNAVAILABLE,False,MISSING_UPSTREAM - upstream package not installed,import failed: ModuleNotFoundError: No module named 'biomni',pip install the upstream project or add its checkout to sys.path,Apache-2.0,vendor,0,,,Biomni/biomni/tool/tool_description/support_tools.py
biomni.tool.engineer_bacterial_genome_for_therapeutic_delivery,engineer_bacterial_genome_for_therapeutic_delivery,tool,Biomni,wgs,python,UNAVAILABLE,False,MISSING_UPSTREAM - upstream package not installed,import failed: ModuleNotFoundError: No module named 'biomni',pip install the upstream project or add its checkout to sys.path,Apache-2.0,vendor,0,,,Biomni/biomni/tool/tool_description/synthetic_biology.py
biomni.tool.enumerate_bacterial_cfu_by_serial_dilution,enumerate_bacterial_cfu_by_serial_dilution,tool,Biomni,wgs,python,UNAVAILABLE,False,MISSING_UPSTREAM - upstream package not installed,import failed: ModuleNotFoundError: No module named 'biomni',pip install the upstream project or add its checkout to sys.path,Apache-2.0,vendor,0,,,Biomni/biomni/tool/tool_description/microbiology.py
biomni.tool.estimate_alpha_particle_radiotherapy_dosimetry,estimate_alpha_particle_radiotherapy_dosimetry,tool,Biomni,chemistry,python,UNAVAILABLE,False,MISSING_UPSTREAM - upstream package not installed,import failed: ModuleNotFoundError: No module named 'biomni',pip install the upstream project or add its checkout to sys.path,Apache-2.0,vendor,0,,,Biomni/biomni/tool/tool_description/pharmacology.py
biomni.tool.estimate_cell_cycle_phase_durations,estimate_cell_cycle_phase_durations,tool,Biomni,proteomics,python,UNAVAILABLE,False,MISSING_UPSTREAM - upstream package not installed,import failed: ModuleNotFoundError: No module named 'biomni',pip install the upstream project or add its checkout to sys.path,Apache-2.0,vendor,0,,,Biomni/biomni/tool/tool_description/immunology.py
biomni.tool.extract_pdf_content,extract_pdf_content,tool,Biomni,general,python,UNAVAILABLE,False,MISSING_UPSTREAM - upstream package not installed,import failed: ModuleNotFoundError: No module named 'biomni',pip install the upstream project or add its checkout to sys.path,Apache-2.0,vendor,0,,,Biomni/biomni/tool/tool_description/literature.py
biomni.tool.extract_url_content,extract_url_content,tool,Biomni,general,python,UNAVAILABLE,False,MISSING_UPSTREAM - upstream package not installed,import failed: ModuleNotFoundError: No module named 'biomni',pip install the upstream project or add its checkout to sys.path,Apache-2.0,vendor,0,,,Biomni/biomni/tool/tool_description/literature.py
biomni.tool.fetch_supplementary_info_from_doi,fetch_supplementary_info_from_doi,tool,Biomni,general,python,UNAVAILABLE,False,MISSING_UPSTREAM - upstream package not installed,import failed: ModuleNotFoundError: No module named 'biomni',pip install the upstream project or add its checkout to sys.path,Apache-2.0,vendor,0,,,Biomni/biomni/tool/tool_description/literature.py
biomni.tool.find_alternative_drugs_ddinter,find_alternative_drugs_ddinter,tool,Biomni,chemistry,python,UNAVAILABLE,False,MISSING_UPSTREAM - upstream package not installed,import failed: ModuleNotFoundError: No module named 'biomni',pip install the upstream project or add its checkout to sys.path,Apache-2.0,vendor,0,,,Biomni/biomni/tool/tool_description/pharmacology.py
biomni.tool.find_enriched_motifs_with_homer,find_enriched_motifs_with_homer,tool,Biomni,wgs,python,UNAVAILABLE,False,MISSING_UPSTREAM - upstream package not installed,import failed: ModuleNotFoundError: No module named 'biomni',pip install the upstream project or add its checkout to sys.path,Apache-2.0,vendor,0,,,Biomni/biomni/tool/tool_description/genomics.py
biomni.tool.find_n_glycosylation_motifs,find_n_glycosylation_motifs,tool,Biomni,chemistry,python,UNAVAILABLE,False,MISSING_UPSTREAM - upstream package not installed,import failed: ModuleNotFoundError: No module named 'biomni',pip install the upstream project or add its checkout to sys.path,Apache-2.0,vendor,0,,,Biomni/biomni/tool/tool_description/glycoengineering.py
biomni.tool.find_restriction_enzymes,find_restriction_enzymes,tool,Biomni,wgs,python,UNAVAILABLE,False,MISSING_UPSTREAM - upstream package not installed,import failed: ModuleNotFoundError: No module named 'biomni',pip install the upstream project or add its checkout to sys.path,Apache-2.0,vendor,0,,,Biomni/biomni/tool/tool_description/molecular_biology.py
biomni.tool.find_restriction_sites,find_restriction_sites,tool,Biomni,wgs,python,UNAVAILABLE,False,MISSING_UPSTREAM - upstream package not installed,import failed: ModuleNotFoundError: No module named 'biomni',pip install the upstream project or add its checkout to sys.path,Apache-2.0,vendor,0,,,Biomni/biomni/tool/tool_description/molecular_biology.py
biomni.tool.find_roi_from_image,find_roi_from_image,tool,Biomni,chemistry,python,UNAVAILABLE,False,MISSING_UPSTREAM - upstream package not installed,import failed: ModuleNotFoundError: No module named 'biomni',pip install the upstream project or add its checkout to sys.path,Apache-2.0,vendor,0,,,Biomni/biomni/tool/tool_description/pharmacology.py
biomni.tool.find_sequence_mutations,find_sequence_mutations,tool,Biomni,wgs,python,UNAVAILABLE,False,MISSING_UPSTREAM - upstream package not installed,import failed: ModuleNotFoundError: No module named 'biomni',pip install the upstream project or add its checkout to sys.path,Apache-2.0,vendor,0,,,Biomni/biomni/tool/tool_description/molecular_biology.py
biomni.tool.fit_genomic_prediction_model,fit_genomic_prediction_model,tool,Biomni,wgs,python,UNAVAILABLE,False,MISSING_UPSTREAM - upstream package not installed,import failed: ModuleNotFoundError: No module named 'biomni',pip install the upstream project or add its checkout to sys.path,Apache-2.0,vendor,0,,,Biomni/biomni/tool/tool_description/genetics.py
biomni.tool.gene_set_enrichment_analysis,gene_set_enrichment_analysis,tool,Biomni,wgs,python,UNAVAILABLE,False,MISSING_UPSTREAM - upstream package not installed,import failed: ModuleNotFoundError: No module named 'biomni',pip install the upstream project or add its checkout to sys.path,Apache-2.0,vendor,0,,,Biomni/biomni/tool/tool_description/genomics.py
biomni.tool.generate_embeddings_with_state,generate_embeddings_with_state,tool,Biomni,wgs,python,UNAVAILABLE,False,MISSING_UPSTREAM - upstream package not installed,import failed: ModuleNotFoundError: No module named 'biomni',pip install the upstream project or add its checkout to sys.path,Apache-2.0,vendor,0,,,Biomni/biomni/tool/tool_description/genomics.py
biomni.tool.generate_gene_embeddings_with_esm_models,generate_gene_embeddings_with_ESM_models,tool,Biomni,wgs,python,UNAVAILABLE,False,MISSING_UPSTREAM - upstream package not installed,import failed: ModuleNotFoundError: No module named 'biomni',pip install the upstream project or add its checkout to sys.path,Apache-2.0,vendor,0,,,Biomni/biomni/tool/tool_description/genomics.py
biomni.tool.generate_transcriptformer_embeddings,generate_transcriptformer_embeddings,tool,Biomni,wgs,python,UNAVAILABLE,False,MISSING_UPSTREAM - upstream package not installed,import failed: ModuleNotFoundError: No module named 'biomni',pip install the upstream project or add its checkout to sys.path,Apache-2.0,vendor,0,,,Biomni/biomni/tool/tool_description/genomics.py
biomni.tool.get_bacterial_transformation_protocol,get_bacterial_transformation_protocol,tool,Biomni,wgs,python,UNAVAILABLE,False,MISSING_UPSTREAM - upstream package not installed,import failed: ModuleNotFoundError: No module named 'biomni',pip install the upstream project or add its checkout to sys.path,Apache-2.0,vendor,0,,,Biomni/biomni/tool/tool_description/molecular_biology.py
biomni.tool.get_fda_drug_label_info,get_fda_drug_label_info,tool,Biomni,chemistry,python,UNAVAILABLE,False,MISSING_UPSTREAM - upstream package not installed,import failed: ModuleNotFoundError: No module named 'biomni',pip install the upstream project or add its checkout to sys.path,Apache-2.0,vendor,0,,,Biomni/biomni/tool/tool_description/pharmacology.py
biomni.tool.get_gene_coding_sequence,get_gene_coding_sequence,tool,Biomni,wgs,python,UNAVAILABLE,False,MISSING_UPSTREAM - upstream package not installed,import failed: ModuleNotFoundError: No module named 'biomni',pip install the upstream project or add its checkout to sys.path,Apache-2.0,vendor,0,,,Biomni/biomni/tool/tool_description/molecular_biology.py
biomni.tool.get_gene_set_enrichment_analysis_supported_database_list,get_gene_set_enrichment_analysis_supported_database_list,tool,Biomni,wgs,python,UNAVAILABLE,False,MISSING_UPSTREAM - upstream package not installed,import failed: ModuleNotFoundError: No module named 'biomni',pip install the upstream project or add its checkout to sys.path,Apache-2.0,vendor,0,,,Biomni/biomni/tool/tool_description/genomics.py
biomni.tool.get_genes_near_ccre,get_genes_near_ccre,tool,Biomni,general,python,UNAVAILABLE,False,MISSING_UPSTREAM - upstream package not installed,import failed: ModuleNotFoundError: No module named 'biomni',pip install the upstream project or add its checkout to sys.path,Apache-2.0,vendor,0,,,Biomni/biomni/tool/tool_description/database.py
biomni.tool.get_golden_gate_assembly_protocol,get_golden_gate_assembly_protocol,tool,Biomni,wgs,python,UNAVAILABLE,False,MISSING_UPSTREAM - upstream package not installed,import failed: ModuleNotFoundError: No module named 'biomni',pip install the upstream project or add its checkout to sys.path,Apache-2.0,vendor,0,,,Biomni/biomni/tool/tool_description/molecular_biology.py
biomni.tool.get_oligo_annealing_protocol,get_oligo_annealing_protocol,tool,Biomni,wgs,python,UNAVAILABLE,False,MISSING_UPSTREAM - upstream package not installed,import failed: ModuleNotFoundError: No module named 'biomni',pip install the upstream project or add its checkout to sys.path,Apache-2.0,vendor,0,,,Biomni/biomni/tool/tool_description/molecular_biology.py
biomni.tool.get_plasmid_sequence,get_plasmid_sequence,tool,Biomni,wgs,python,UNAVAILABLE,False,MISSING_UPSTREAM - upstream package not installed,import failed: ModuleNotFoundError: No module named 'biomni',pip install the upstream project or add its checkout to sys.path,Apache-2.0,vendor,0,,,Biomni/biomni/tool/tool_description/molecular_biology.py
biomni.tool.get_protocol_details,get_protocol_details,tool,Biomni,general,python,UNAVAILABLE,False,MISSING_UPSTREAM - upstream package not installed,import failed: ModuleNotFoundError: No module named 'biomni',pip install the upstream project or add its checkout to sys.path,Apache-2.0,vendor,0,,,Biomni/biomni/tool/tool_description/protocols.py
biomni.tool.get_pylabrobot_documentation_liquid,get_pylabrobot_documentation_liquid,tool,Biomni,general,python,UNAVAILABLE,False,MISSING_UPSTREAM - upstream package not installed,import failed: ModuleNotFoundError: No module named 'biomni',pip install the upstream project or add its checkout to sys.path,Apache-2.0,vendor,0,,,Biomni/biomni/tool/tool_description/lab_automation.py
biomni.tool.get_pylabrobot_documentation_material,get_pylabrobot_documentation_material,tool,Biomni,general,python,UNAVAILABLE,False,MISSING_UPSTREAM - upstream package not installed,import failed: ModuleNotFoundError: No module named 'biomni',pip install the upstream project or add its checkout to sys.path,Apache-2.0,vendor,0,,,Biomni/biomni/tool/tool_description/lab_automation.py
biomni.tool.get_rna_seq_archs4,get_rna_seq_archs4,tool,Biomni,wgs,python,UNAVAILABLE,False,MISSING_UPSTREAM - upstream package not installed,import failed: ModuleNotFoundError: No module named 'biomni',pip install the upstream project or add its checkout to sys.path,Apache-2.0,vendor,0,,,Biomni/biomni/tool/tool_description/genomics.py
biomni.tool.get_uce_embeddings_scrna,get_uce_embeddings_scRNA,tool,Biomni,wgs,python,UNAVAILABLE,False,MISSING_UPSTREAM - upstream package not installed,import failed: ModuleNotFoundError: No module named 'biomni',pip install the upstream project or add its checkout to sys.path,Apache-2.0,vendor,0,,,Biomni/biomni/tool/tool_description/genomics.py
biomni.tool.golden_gate_assembly,golden_gate_assembly,tool,Biomni,wgs,python,UNAVAILABLE,False,MISSING_UPSTREAM - upstream package not installed,import failed: ModuleNotFoundError: No module named 'biomni',pip install the upstream project or add its checkout to sys.path,Apache-2.0,vendor,0,,,Biomni/biomni/tool/tool_description/molecular_biology.py
biomni.tool.grade_adverse_events_using_vcog_ctcae,grade_adverse_events_using_vcog_ctcae,tool,Biomni,chemistry,python,UNAVAILABLE,False,MISSING_UPSTREAM - upstream package not installed,import failed: ModuleNotFoundError: No module named 'biomni',pip install the upstream project or add its checkout to sys.path,Apache-2.0,vendor,0,,,Biomni/biomni/tool/tool_description/pharmacology.py
biomni.tool.identify_fas_functional_domains,identify_fas_functional_domains,tool,Biomni,wgs,python,UNAVAILABLE,False,MISSING_UPSTREAM - upstream package not installed,import failed: ModuleNotFoundError: No module named 'biomni',pip install the upstream project or add its checkout to sys.path,Apache-2.0,vendor,0,,,Biomni/biomni/tool/tool_description/synthetic_biology.py
biomni.tool.identify_transcription_factor_binding_sites,identify_transcription_factor_binding_sites,tool,Biomni,wgs,python,UNAVAILABLE,False,MISSING_UPSTREAM - upstream package not installed,import failed: ModuleNotFoundError: No module named 'biomni',pip install the upstream project or add its checkout to sys.path,Apache-2.0,vendor,0,,,Biomni/biomni/tool/tool_description/genetics.py
biomni.tool.interspecies_gene_conversion,interspecies_gene_conversion,tool,Biomni,wgs,python,UNAVAILABLE,False,MISSING_UPSTREAM - upstream package not installed,import failed: ModuleNotFoundError: No module named 'biomni',pip install the upstream project or add its checkout to sys.path,Apache-2.0,vendor,0,,,Biomni/biomni/tool/tool_description/genomics.py
biomni.tool.isolate_purify_immune_cells,isolate_purify_immune_cells,tool,Biomni,proteomics,python,UNAVAILABLE,False,MISSING_UPSTREAM - upstream package not installed,import failed: ModuleNotFoundError: No module named 'biomni',pip install the upstream project or add its checkout to sys.path,Apache-2.0,vendor,0,,,Biomni/biomni/tool/tool_description/immunology.py
biomni.tool.liftover_coordinates,liftover_coordinates,tool,Biomni,wgs,python,UNAVAILABLE,False,MISSING_UPSTREAM - upstream package not installed,import failed: ModuleNotFoundError: No module named 'biomni',pip install the upstream project or add its checkout to sys.path,Apache-2.0,vendor,0,,,Biomni/biomni/tool/tool_description/genetics.py
biomni.tool.list_glycoengineering_resources,list_glycoengineering_resources,tool,Biomni,chemistry,python,UNAVAILABLE,False,MISSING_UPSTREAM - upstream package not installed,import failed: ModuleNotFoundError: No module named 'biomni',pip install the upstream project or add its checkout to sys.path,Apache-2.0,vendor,0,,,Biomni/biomni/tool/tool_description/glycoengineering.py
biomni.tool.list_local_protocols,list_local_protocols,tool,Biomni,general,python,UNAVAILABLE,False,MISSING_UPSTREAM - upstream package not installed,import failed: ModuleNotFoundError: No module named 'biomni',pip install the upstream project or add its checkout to sys.path,Apache-2.0,vendor,0,,,Biomni/biomni/tool/tool_description/protocols.py
biomni.tool.map_to_ima_interpret_scrna,map_to_ima_interpret_scRNA,tool,Biomni,wgs,python,UNAVAILABLE,False,MISSING_UPSTREAM - upstream package not installed,import failed: ModuleNotFoundError: No module named 'biomni',pip install the upstream project or add its checkout to sys.path,Apache-2.0,vendor,0,,,Biomni/biomni/tool/tool_description/genomics.py
biomni.tool.model_bacterial_growth_dynamics,model_bacterial_growth_dynamics,tool,Biomni,wgs,python,UNAVAILABLE,False,MISSING_UPSTREAM - upstream package not installed,import failed: ModuleNotFoundError: No module named 'biomni',pip install the upstream project or add its checkout to sys.path,Apache-2.0,vendor,0,,,Biomni/biomni/tool/tool_description/microbiology.py
biomni.tool.model_protein_dimerization_network,model_protein_dimerization_network,tool,Biomni,multiomics,python,UNAVAILABLE,False,MISSING_UPSTREAM - upstream package not installed,import failed: ModuleNotFoundError: No module named 'biomni',pip install the upstream project or add its checkout to sys.path,Apache-2.0,vendor,0,,,Biomni/biomni/tool/tool_description/systems_biology.py
biomni.tool.optimize_anaerobic_digestion_process,optimize_anaerobic_digestion_process,tool,Biomni,wgs,python,UNAVAILABLE,False,MISSING_UPSTREAM - upstream package not installed,import failed: ModuleNotFoundError: No module named 'biomni',pip install the upstream project or add its checkout to sys.path,Apache-2.0,vendor,0,,,Biomni/biomni/tool/tool_description/microbiology.py
biomni.tool.optimize_codons_for_heterologous_expression,optimize_codons_for_heterologous_expression,tool,Biomni,wgs,python,UNAVAILABLE,False,MISSING_UPSTREAM - upstream package not installed,import failed: ModuleNotFoundError: No module named 'biomni',pip install the upstream project or add its checkout to sys.path,Apache-2.0,vendor,0,,,Biomni/biomni/tool/tool_description/synthetic_biology.py
biomni.tool.pcr_simple,pcr_simple,tool,Biomni,wgs,python,UNAVAILABLE,False,MISSING_UPSTREAM - upstream package not installed,import failed: ModuleNotFoundError: No module named 'biomni',pip install the upstream project or add its checkout to sys.path,Apache-2.0,vendor,0,,,Biomni/biomni/tool/tool_description/molecular_biology.py
biomni.tool.perform_chipseq_peak_calling_with_macs2,perform_chipseq_peak_calling_with_macs2,tool,Biomni,wgs,python,UNAVAILABLE,False,MISSING_UPSTREAM - upstream package not installed,import failed: ModuleNotFoundError: No module named 'biomni',pip install the upstream project or add its checkout to sys.path,Apache-2.0,vendor,0,,,Biomni/biomni/tool/tool_description/genomics.py
biomni.tool.perform_cosinor_analysis,perform_cosinor_analysis,tool,Biomni,clinical,python,UNAVAILABLE,False,MISSING_UPSTREAM - upstream package not installed,import failed: ModuleNotFoundError: No module named 'biomni',pip install the upstream project or add its checkout to sys.path,Apache-2.0,vendor,0,,,Biomni/biomni/tool/tool_description/physiology.py
biomni.tool.perform_crispr_cas9_genome_editing,perform_crispr_cas9_genome_editing,tool,Biomni,general,python,UNAVAILABLE,False,MISSING_UPSTREAM - upstream package not installed,import failed: ModuleNotFoundError: No module named 'biomni',pip install the upstream project or add its checkout to sys.path,Apache-2.0,vendor,0,,,Biomni/biomni/tool/tool_description/bioengineering.py
biomni.tool.perform_facs_cell_sorting,perform_facs_cell_sorting,tool,Biomni,scrnaseq,python,UNAVAILABLE,False,MISSING_UPSTREAM - upstream package not installed,import failed: ModuleNotFoundError: No module named 'biomni',pip install the upstream project or add its checkout to sys.path,Apache-2.0,vendor,0,,,Biomni/biomni/tool/tool_description/cell_biology.py
biomni.tool.perform_flux_balance_analysis,perform_flux_balance_analysis,tool,Biomni,multiomics,python,UNAVAILABLE,False,MISSING_UPSTREAM - upstream package not installed,import failed: ModuleNotFoundError: No module named 'biomni',pip install the upstream project or add its checkout to sys.path,Apache-2.0,vendor,0,,,Biomni/biomni/tool/tool_description/systems_biology.py
biomni.tool.perform_gene_expression_nmf_analysis,perform_gene_expression_nmf_analysis,tool,Biomni,multiomics,python,UNAVAILABLE,False,MISSING_UPSTREAM - upstream package not installed,import failed: ModuleNotFoundError: No module named 'biomni',pip install the upstream project or add its checkout to sys.path,Apache-2.0,vendor,0,,,Biomni/biomni/tool/tool_description/cancer_biology.py
biomni.tool.perform_mwas_cyp2c19_metabolizer_status,perform_mwas_cyp2c19_metabolizer_status,tool,Biomni,chemistry,python,UNAVAILABLE,False,MISSING_UPSTREAM - upstream package not installed,import failed: ModuleNotFoundError: No module named 'biomni',pip install the upstream project or add its checkout to sys.path,Apache-2.0,vendor,0,,,Biomni/biomni/tool/tool_description/pharmacology.py
biomni.tool.perform_pcr_and_gel_electrophoresis,perform_pcr_and_gel_electrophoresis,tool,Biomni,wgs,python,UNAVAILABLE,False,MISSING_UPSTREAM - upstream package not installed,import failed: ModuleNotFoundError: No module named 'biomni',pip install the upstream project or add its checkout to sys.path,Apache-2.0,vendor,0,,,Biomni/biomni/tool/tool_description/genetics.py
biomni.tool.predict_admet_properties,predict_admet_properties,tool,Biomni,chemistry,python,UNAVAILABLE,False,MISSING_UPSTREAM - upstream package not installed,import failed: ModuleNotFoundError: No module named 'biomni',pip install the upstream project or add its checkout to sys.path,Apache-2.0,vendor,0,,,Biomni/biomni/tool/tool_description/pharmacology.py
biomni.tool.predict_binding_affinity_protein_1d_sequence,predict_binding_affinity_protein_1d_sequence,tool,Biomni,chemistry,python,UNAVAILABLE,False,MISSING_UPSTREAM - upstream package not installed,import failed: ModuleNotFoundError: No module named 'biomni',pip install the upstream project or add its checkout to sys.path,Apache-2.0,vendor,0,,,Biomni/biomni/tool/tool_description/pharmacology.py
biomni.tool.predict_o_glycosylation_hotspots,predict_o_glycosylation_hotspots,tool,Biomni,chemistry,python,UNAVAILABLE,False,MISSING_UPSTREAM - upstream package not installed,import failed: ModuleNotFoundError: No module named 'biomni',pip install the upstream project or add its checkout to sys.path,Apache-2.0,vendor,0,,,Biomni/biomni/tool/tool_description/glycoengineering.py
biomni.tool.predict_protein_disorder_regions,predict_protein_disorder_regions,tool,Biomni,proteomics,python,UNAVAILABLE,False,MISSING_UPSTREAM - upstream package not installed,import failed: ModuleNotFoundError: No module named 'biomni',pip install the upstream project or add its checkout to sys.path,Apache-2.0,vendor,0,,,Biomni/biomni/tool/tool_description/biophysics.py
biomni.tool.predict_rna_secondary_structure,predict_rna_secondary_structure,tool,Biomni,wgs,python,UNAVAILABLE,False,MISSING_UPSTREAM - upstream package not installed,import failed: ModuleNotFoundError: No module named 'biomni',pip install the upstream project or add its checkout to sys.path,Apache-2.0,vendor,0,,,Biomni/biomni/tool/tool_description/microbiology.py
biomni.tool.prepare_input_for_nnunet,prepare_input_for_nnunet,tool,Biomni,imaging,python,UNAVAILABLE,False,MISSING_UPSTREAM - upstream package not installed,import failed: ModuleNotFoundError: No module named 'biomni',pip install the upstream project or add its checkout to sys.path,Apache-2.0,vendor,0,,,Biomni/biomni/tool/tool_description/bioimaging.py
biomni.tool.quantify_amyloid_beta_plaques,quantify_amyloid_beta_plaques,tool,Biomni,clinical,python,UNAVAILABLE,False,MISSING_UPSTREAM - upstream package not installed,import failed: ModuleNotFoundError: No module named 'biomni',pip install the upstream project or add its checkout to sys.path,Apache-2.0,vendor,0,,,Biomni/biomni/tool/tool_description/physiology.py
biomni.tool.quantify_and_cluster_cell_motility,quantify_and_cluster_cell_motility,tool,Biomni,scrnaseq,python,UNAVAILABLE,False,MISSING_UPSTREAM - upstream package not installed,import failed: ModuleNotFoundError: No module named 'biomni',pip install the upstream project or add its checkout to sys.path,Apache-2.0,vendor,0,,,Biomni/biomni/tool/tool_description/cell_biology.py
biomni.tool.quantify_biofilm_biomass_crystal_violet,quantify_biofilm_biomass_crystal_violet,tool,Biomni,wgs,python,UNAVAILABLE,False,MISSING_UPSTREAM - upstream package not installed,import failed: ModuleNotFoundError: No module named 'biomni',pip install the upstream project or add its checkout to sys.path,Apache-2.0,vendor,0,,,Biomni/biomni/tool/tool_description/microbiology.py
biomni.tool.quantify_cell_cycle_phases_from_microscopy,quantify_cell_cycle_phases_from_microscopy,tool,Biomni,scrnaseq,python,UNAVAILABLE,False,MISSING_UPSTREAM - upstream package not installed,import failed: ModuleNotFoundError: No module named 'biomni',pip install the upstream project or add its checkout to sys.path,Apache-2.0,vendor,0,,,Biomni/biomni/tool/tool_description/cell_biology.py
biomni.tool.quantify_corneal_nerve_fibers,quantify_corneal_nerve_fibers,tool,Biomni,imaging,python,UNAVAILABLE,False,MISSING_UPSTREAM - upstream package not installed,import failed: ModuleNotFoundError: No module named 'biomni',pip install the upstream project or add its checkout to sys.path,Apache-2.0,vendor,0,,,Biomni/biomni/tool/tool_description/pathology.py
biomni.tool.query_alphafold,query_alphafold,tool,Biomni,general,python,UNAVAILABLE,False,MISSING_UPSTREAM - upstream package not installed,import failed: ModuleNotFoundError: No module named 'biomni',pip install the upstream project or add its checkout to sys.path,Apache-2.0,vendor,0,,,Biomni/biomni/tool/tool_description/database.py
biomni.tool.query_arxiv,query_arxiv,tool,Biomni,general,python,UNAVAILABLE,False,MISSING_UPSTREAM - upstream package not installed,import failed: ModuleNotFoundError: No module named 'biomni',pip install the upstream project or add its checkout to sys.path,Apache-2.0,vendor,0,,,Biomni/biomni/tool/tool_description/literature.py
biomni.tool.query_cbioportal,query_cbioportal,tool,Biomni,clinical,python,UNAVAILABLE,False,MISSING_UPSTREAM - upstream package not installed,import failed: ModuleNotFoundError: No module named 'biomni',pip install the upstream project or add its checkout to sys.path,Apache-2.0,vendor,0,,,Biomni/biomni/tool/tool_description/database.py
biomni.tool.query_chatnt,query_chatnt,tool,Biomni,multiomics,python,UNAVAILABLE,False,MISSING_UPSTREAM - upstream package not installed,import failed: ModuleNotFoundError: No module named 'biomni',pip install the upstream project or add its checkout to sys.path,Apache-2.0,vendor,0,,,Biomni/biomni/tool/tool_description/systems_biology.py
biomni.tool.query_chembl,query_chembl,tool,Biomni,general,python,UNAVAILABLE,False,MISSING_UPSTREAM - upstream package not installed,import failed: ModuleNotFoundError: No module named 'biomni',pip install the upstream project or add its checkout to sys.path,Apache-2.0,vendor,0,,,Biomni/biomni/tool/tool_description/database.py
biomni.tool.query_clinicaltrials,query_clinicaltrials,tool,Biomni,general,python,UNAVAILABLE,False,MISSING_UPSTREAM - upstream package not installed,import failed: ModuleNotFoundError: No module named 'biomni',pip install the upstream project or add its checkout to sys.path,Apache-2.0,vendor,0,,,Biomni/biomni/tool/tool_description/database.py
biomni.tool.query_clinvar,query_clinvar,tool,Biomni,general,python,UNAVAILABLE,False,MISSING_UPSTREAM - upstream package not installed,import failed: ModuleNotFoundError: No module named 'biomni',pip install the upstream project or add its checkout to sys.path,Apache-2.0,vendor,0,,,Biomni/biomni/tool/tool_description/database.py
biomni.tool.query_dailymed,query_dailymed,tool,Biomni,general,python,UNAVAILABLE,False,MISSING_UPSTREAM - upstream package not installed,import failed: ModuleNotFoundError: No module named 'biomni',pip install the upstream project or add its checkout to sys.path,Apache-2.0,vendor,0,,,Biomni/biomni/tool/tool_description/database.py
biomni.tool.query_dbsnp,query_dbsnp,tool,Biomni,general,python,UNAVAILABLE,False,MISSING_UPSTREAM - upstream package not installed,import failed: ModuleNotFoundError: No module named 'biomni',pip install the upstream project or add its checkout to sys.path,Apache-2.0,vendor,0,,,Biomni/biomni/tool/tool_description/database.py
biomni.tool.query_drug_interactions,query_drug_interactions,tool,Biomni,chemistry,python,UNAVAILABLE,False,MISSING_UPSTREAM - upstream package not installed,import failed: ModuleNotFoundError: No module named 'biomni',pip install the upstream project or add its checkout to sys.path,Apache-2.0,vendor,0,,,Biomni/biomni/tool/tool_description/pharmacology.py
biomni.tool.query_emdb,query_emdb,tool,Biomni,general,python,UNAVAILABLE,False,MISSING_UPSTREAM - upstream package not installed,import failed: ModuleNotFoundError: No module named 'biomni',pip install the upstream project or add its checkout to sys.path,Apache-2.0,vendor,0,,,Biomni/biomni/tool/tool_description/database.py
biomni.tool.query_encode,query_encode,tool,Biomni,general,python,UNAVAILABLE,False,MISSING_UPSTREAM - upstream package not installed,import failed: ModuleNotFoundError: No module named 'biomni',pip install the upstream project or add its checkout to sys.path,Apache-2.0,vendor,0,,,Biomni/biomni/tool/tool_description/database.py
biomni.tool.query_ensembl,query_ensembl,tool,Biomni,general,python,UNAVAILABLE,False,MISSING_UPSTREAM - upstream package not installed,import failed: ModuleNotFoundError: No module named 'biomni',pip install the upstream project or add its checkout to sys.path,Apache-2.0,vendor,0,,,Biomni/biomni/tool/tool_description/database.py
biomni.tool.query_fda_adverse_events,query_fda_adverse_events,tool,Biomni,chemistry,python,UNAVAILABLE,False,MISSING_UPSTREAM - upstream package not installed,import failed: ModuleNotFoundError: No module named 'biomni',pip install the upstream project or add its checkout to sys.path,Apache-2.0,vendor,0,,,Biomni/biomni/tool/tool_description/pharmacology.py
biomni.tool.query_geo,query_geo,tool,Biomni,general,python,UNAVAILABLE,False,MISSING_UPSTREAM - upstream package not installed,import failed: ModuleNotFoundError: No module named 'biomni',pip install the upstream project or add its checkout to sys.path,Apache-2.0,vendor,0,,,Biomni/biomni/tool/tool_description/database.py
biomni.tool.query_gnomad,query_gnomad,tool,Biomni,general,python,UNAVAILABLE,False,MISSING_UPSTREAM - upstream package not installed,import failed: ModuleNotFoundError: No module named 'biomni',pip install the upstream project or add its checkout to sys.path,Apache-2.0,vendor,0,,,Biomni/biomni/tool/tool_description/database.py
biomni.tool.query_gtopdb,query_gtopdb,tool,Biomni,general,python,UNAVAILABLE,False,MISSING_UPSTREAM - upstream package not installed,import failed: ModuleNotFoundError: No module named 'biomni',pip install the upstream project or add its checkout to sys.path,Apache-2.0,vendor,0,,,Biomni/biomni/tool/tool_description/database.py
biomni.tool.query_gwas_catalog,query_gwas_catalog,tool,Biomni,general,python,UNAVAILABLE,False,MISSING_UPSTREAM - upstream package not installed,import failed: ModuleNotFoundError: No module named 'biomni',pip install the upstream project or add its checkout to sys.path,Apache-2.0,vendor,0,,,Biomni/biomni/tool/tool_description/database.py
biomni.tool.query_interpro,query_interpro,tool,Biomni,general,python,UNAVAILABLE,False,MISSING_UPSTREAM - upstream package not installed,import failed: ModuleNotFoundError: No module named 'biomni',pip install the upstream project or add its checkout to sys.path,Apache-2.0,vendor,0,,,Biomni/biomni/tool/tool_description/database.py
biomni.tool.query_iucn,query_iucn,tool,Biomni,general,python,UNAVAILABLE,False,MISSING_UPSTREAM - upstream package not installed,import failed: ModuleNotFoundError: No module named 'biomni',pip install the upstream project or add its checkout to sys.path,Apache-2.0,vendor,0,,,Biomni/biomni/tool/tool_description/database.py
biomni.tool.query_jaspar,query_jaspar,tool,Biomni,general,python,UNAVAILABLE,False,MISSING_UPSTREAM - upstream package not installed,import failed: ModuleNotFoundError: No module named 'biomni',pip install the upstream project or add its checkout to sys.path,Apache-2.0,vendor,0,,,Biomni/biomni/tool/tool_description/database.py
biomni.tool.query_kegg,query_kegg,tool,Biomni,general,python,UNAVAILABLE,False,MISSING_UPSTREAM - upstream package not installed,import failed: ModuleNotFoundError: No module named 'biomni',pip install the upstream project or add its checkout to sys.path,Apache-2.0,vendor,0,,,Biomni/biomni/tool/tool_description/database.py
biomni.tool.query_monarch,query_monarch,tool,Biomni,general,python,UNAVAILABLE,False,MISSING_UPSTREAM - upstream package not installed,import failed: ModuleNotFoundError: No module named 'biomni',pip install the upstream project or add its checkout to sys.path,Apache-2.0,vendor,0,,,Biomni/biomni/tool/tool_description/database.py
biomni.tool.query_mpd,query_mpd,tool,Biomni,general,python,UNAVAILABLE,False,MISSING_UPSTREAM - upstream package not installed,import failed: ModuleNotFoundError: No module named 'biomni',pip install the upstream project or add its checkout to sys.path,Apache-2.0,vendor,0,,,Biomni/biomni/tool/tool_description/database.py
biomni.tool.query_openfda,query_openfda,tool,Biomni,general,python,UNAVAILABLE,False,MISSING_UPSTREAM - upstream package not installed,import failed: ModuleNotFoundError: No module named 'biomni',pip install the upstream project or add its checkout to sys.path,Apache-2.0,vendor,0,,,Biomni/biomni/tool/tool_description/database.py
biomni.tool.query_opentarget,query_opentarget,tool,Biomni,general,python,UNAVAILABLE,False,MISSING_UPSTREAM - upstream package not installed,import failed: ModuleNotFoundError: No module named 'biomni',pip install the upstream project or add its checkout to sys.path,Apache-2.0,vendor,0,,,Biomni/biomni/tool/tool_description/database.py
biomni.tool.query_paleobiology,query_paleobiology,tool,Biomni,general,python,UNAVAILABLE,False,MISSING_UPSTREAM - upstream package not installed,import failed: ModuleNotFoundError: No module named 'biomni',pip install the upstream project or add its checkout to sys.path,Apache-2.0,vendor,0,,,Biomni/biomni/tool/tool_description/database.py
biomni.tool.query_pdb,query_pdb,tool,Biomni,general,python,UNAVAILABLE,False,MISSING_UPSTREAM - upstream package not installed,import failed: ModuleNotFoundError: No module named 'biomni',pip install the upstream project or add its checkout to sys.path,Apache-2.0,vendor,0,,,Biomni/biomni/tool/tool_description/database.py
biomni.tool.query_pdb_identifiers,query_pdb_identifiers,tool,Biomni,general,python,UNAVAILABLE,False,MISSING_UPSTREAM - upstream package not installed,import failed: ModuleNotFoundError: No module named 'biomni',pip install the upstream project or add its checkout to sys.path,Apache-2.0,vendor,0,,,Biomni/biomni/tool/tool_description/database.py
biomni.tool.query_pride,query_pride,tool,Biomni,general,python,UNAVAILABLE,False,MISSING_UPSTREAM - upstream package not installed,import failed: ModuleNotFoundError: No module named 'biomni',pip install the upstream project or add its checkout to sys.path,Apache-2.0,vendor,0,,,Biomni/biomni/tool/tool_description/database.py
biomni.tool.query_pubchem,query_pubchem,tool,Biomni,general,python,UNAVAILABLE,False,MISSING_UPSTREAM - upstream package not installed,import failed: ModuleNotFoundError: No module named 'biomni',pip install the upstream project or add its checkout to sys.path,Apache-2.0,vendor,0,,,Biomni/biomni/tool/tool_description/database.py
biomni.tool.query_pubmed,query_pubmed,tool,Biomni,literature,python,UNAVAILABLE,False,MISSING_UPSTREAM - upstream package not installed,import failed: ModuleNotFoundError: No module named 'biomni',pip install the upstream project or add its checkout to sys.path,Apache-2.0,vendor,0,,,Biomni/biomni/tool/tool_description/literature.py
biomni.tool.query_quickgo,query_quickgo,tool,Biomni,general,python,UNAVAILABLE,False,MISSING_UPSTREAM - upstream package not installed,import failed: ModuleNotFoundError: No module named 'biomni',pip install the upstream project or add its checkout to sys.path,Apache-2.0,vendor,0,,,Biomni/biomni/tool/tool_description/database.py
biomni.tool.query_regulomedb,query_regulomedb,tool,Biomni,general,python,UNAVAILABLE,False,MISSING_UPSTREAM - upstream package not installed,import failed: ModuleNotFoundError: No module named 'biomni',pip install the upstream project or add its checkout to sys.path,Apache-2.0,vendor,0,,,Biomni/biomni/tool/tool_description/database.py
biomni.tool.query_remap,query_remap,tool,Biomni,general,python,UNAVAILABLE,False,MISSING_UPSTREAM - upstream package not installed,import failed: ModuleNotFoundError: No module named 'biomni',pip install the upstream project or add its checkout to sys.path,Apache-2.0,vendor,0,,,Biomni/biomni/tool/tool_description/database.py
biomni.tool.query_scholar,query_scholar,tool,Biomni,general,python,UNAVAILABLE,False,MISSING_UPSTREAM - upstream package not installed,import failed: ModuleNotFoundError: No module named 'biomni',pip install the upstream project or add its checkout to sys.path,Apache-2.0,vendor,0,,,Biomni/biomni/tool/tool_description/literature.py
biomni.tool.query_stringdb,query_stringdb,tool,Biomni,general,python,UNAVAILABLE,False,MISSING_UPSTREAM - upstream package not installed,import failed: ModuleNotFoundError: No module named 'biomni',pip install the upstream project or add its checkout to sys.path,Apache-2.0,vendor,0,,,Biomni/biomni/tool/tool_description/database.py
biomni.tool.query_synapse,query_synapse,tool,Biomni,general,python,UNAVAILABLE,False,MISSING_UPSTREAM - upstream package not installed,import failed: ModuleNotFoundError: No module named 'biomni',pip install the upstream project or add its checkout to sys.path,Apache-2.0,vendor,0,,,Biomni/biomni/tool/tool_description/database.py
biomni.tool.query_ucsc,query_ucsc,tool,Biomni,general,python,UNAVAILABLE,False,MISSING_UPSTREAM - upstream package not installed,import failed: ModuleNotFoundError: No module named 'biomni',pip install the upstream project or add its checkout to sys.path,Apache-2.0,vendor,0,,,Biomni/biomni/tool/tool_description/database.py
biomni.tool.query_unichem,query_unichem,tool,Biomni,general,python,UNAVAILABLE,False,MISSING_UPSTREAM - upstream package not installed,import failed: ModuleNotFoundError: No module named 'biomni',pip install the upstream project or add its checkout to sys.path,Apache-2.0,vendor,0,,,Biomni/biomni/tool/tool_description/database.py
biomni.tool.query_worms,query_worms,tool,Biomni,general,python,UNAVAILABLE,False,MISSING_UPSTREAM - upstream package not installed,import failed: ModuleNotFoundError: No module named 'biomni',pip install the upstream project or add its checkout to sys.path,Apache-2.0,vendor,0,,,Biomni/biomni/tool/tool_description/database.py
biomni.tool.quick_affine_registration,quick_affine_registration,tool,Biomni,imaging,python,UNAVAILABLE,False,MISSING_UPSTREAM - upstream package not installed,import failed: ModuleNotFoundError: No module named 'biomni',pip install the upstream project or add its checkout to sys.path,Apache-2.0,vendor,0,,,Biomni/biomni/tool/tool_description/bioimaging.py
biomni.tool.quick_deformable_registration,quick_deformable_registration,tool,Biomni,imaging,python,UNAVAILABLE,False,MISSING_UPSTREAM - upstream package not installed,import failed: ModuleNotFoundError: No module named 'biomni',pip install the upstream project or add its checkout to sys.path,Apache-2.0,vendor,0,,,Biomni/biomni/tool/tool_description/bioimaging.py
biomni.tool.quick_rigid_registration,quick_rigid_registration,tool,Biomni,imaging,python,UNAVAILABLE,False,MISSING_UPSTREAM - upstream package not installed,import failed: ModuleNotFoundError: No module named 'biomni',pip install the upstream project or add its checkout to sys.path,Apache-2.0,vendor,0,,,Biomni/biomni/tool/tool_description/bioimaging.py
biomni.tool.read_function_source_code,read_function_source_code,tool,Biomni,general,python,UNAVAILABLE,False,MISSING_UPSTREAM - upstream package not installed,import failed: ModuleNotFoundError: No module named 'biomni',pip install the upstream project or add its checkout to sys.path,Apache-2.0,vendor,0,,,Biomni/biomni/tool/tool_description/support_tools.py
biomni.tool.read_local_protocol,read_local_protocol,tool,Biomni,general,python,UNAVAILABLE,False,MISSING_UPSTREAM - upstream package not installed,import failed: ModuleNotFoundError: No module named 'biomni',pip install the upstream project or add its checkout to sys.path,Apache-2.0,vendor,0,,,Biomni/biomni/tool/tool_description/protocols.py
biomni.tool.reconstruct_3d_face_from_mri,reconstruct_3d_face_from_mri,tool,Biomni,clinical,python,UNAVAILABLE,False,MISSING_UPSTREAM - upstream package not installed,import failed: ModuleNotFoundError: No module named 'biomni',pip install the upstream project or add its checkout to sys.path,Apache-2.0,vendor,0,,,Biomni/biomni/tool/tool_description/physiology.py
biomni.tool.region_to_ccre_screen,region_to_ccre_screen,tool,Biomni,general,python,UNAVAILABLE,False,MISSING_UPSTREAM - upstream package not installed,import failed: ModuleNotFoundError: No module named 'biomni',pip install the upstream project or add its checkout to sys.path,Apache-2.0,vendor,0,,,Biomni/biomni/tool/tool_description/database.py
biomni.tool.retrieve_topk_repurposing_drugs_from_disease_txgnn,retrieve_topk_repurposing_drugs_from_disease_txgnn,tool,Biomni,chemistry,python,UNAVAILABLE,False,MISSING_UPSTREAM - upstream package not installed,import failed: ModuleNotFoundError: No module named 'biomni',pip install the upstream project or add its checkout to sys.path,Apache-2.0,vendor,0,,,Biomni/biomni/tool/tool_description/pharmacology.py
biomni.tool.run_3d_chondrogenic_aggregate_assay,run_3d_chondrogenic_aggregate_assay,tool,Biomni,chemistry,python,UNAVAILABLE,False,MISSING_UPSTREAM - upstream package not installed,import failed: ModuleNotFoundError: No module named 'biomni',pip install the upstream project or add its checkout to sys.path,Apache-2.0,vendor,0,,,Biomni/biomni/tool/tool_description/pharmacology.py
biomni.tool.run_autosite,run_autosite,tool,Biomni,chemistry,python,UNAVAILABLE,False,MISSING_UPSTREAM - upstream package not installed,import failed: ModuleNotFoundError: No module named 'biomni',pip install the upstream project or add its checkout to sys.path,Apache-2.0,vendor,0,,,Biomni/biomni/tool/tool_description/pharmacology.py
biomni.tool.run_diffdock_with_smiles,run_diffdock_with_smiles,tool,Biomni,chemistry,python,UNAVAILABLE,False,MISSING_UPSTREAM - upstream package not installed,import failed: ModuleNotFoundError: No module named 'biomni',pip install the upstream project or add its checkout to sys.path,Apache-2.0,vendor,0,,,Biomni/biomni/tool/tool_description/pharmacology.py
biomni.tool.run_python_repl,run_python_repl,tool,Biomni,general,python,UNAVAILABLE,False,MISSING_UPSTREAM - upstream package not installed,import failed: ModuleNotFoundError: No module named 'biomni',pip install the upstream project or add its checkout to sys.path,Apache-2.0,vendor,0,,,Biomni/biomni/tool/tool_description/support_tools.py
biomni.tool.search_google,search_google,tool,Biomni,general,python,UNAVAILABLE,False,MISSING_UPSTREAM - upstream package not installed,import failed: ModuleNotFoundError: No module named 'biomni',pip install the upstream project or add its checkout to sys.path,Apache-2.0,vendor,0,,,Biomni/biomni/tool/tool_description/literature.py
biomni.tool.search_protocols,search_protocols,tool,Biomni,general,python,UNAVAILABLE,False,MISSING_UPSTREAM - upstream package not installed,import failed: ModuleNotFoundError: No module named 'biomni',pip install the upstream project or add its checkout to sys.path,Apache-2.0,vendor,0,,,Biomni/biomni/tool/tool_description/protocols.py
biomni.tool.segment_and_analyze_microbial_cells,segment_and_analyze_microbial_cells,tool,Biomni,wgs,python,UNAVAILABLE,False,MISSING_UPSTREAM - upstream package not installed,import failed: ModuleNotFoundError: No module named 'biomni',pip install the upstream project or add its checkout to sys.path,Apache-2.0,vendor,0,,,Biomni/biomni/tool/tool_description/microbiology.py
biomni.tool.segment_and_quantify_cells_in_multiplexed_images,segment_and_quantify_cells_in_multiplexed_images,tool,Biomni,imaging,python,UNAVAILABLE,False,MISSING_UPSTREAM - upstream package not installed,import failed: ModuleNotFoundError: No module named 'biomni',pip install the upstream project or add its checkout to sys.path,Apache-2.0,vendor,0,,,Biomni/biomni/tool/tool_description/pathology.py
biomni.tool.segment_cells_with_deep_learning,segment_cells_with_deep_learning,tool,Biomni,wgs,python,UNAVAILABLE,False,MISSING_UPSTREAM - upstream package not installed,import failed: ModuleNotFoundError: No module named 'biomni',pip install the upstream project or add its checkout to sys.path,Apache-2.0,vendor,0,,,Biomni/biomni/tool/tool_description/microbiology.py
biomni.tool.segment_with_nn_unet,segment_with_nn_unet,tool,Biomni,imaging,python,UNAVAILABLE,False,MISSING_UPSTREAM - upstream package not installed,import failed: ModuleNotFoundError: No module named 'biomni',pip install the upstream project or add its checkout to sys.path,Apache-2.0,vendor,0,,,Biomni/biomni/tool/tool_description/bioimaging.py
biomni.tool.simulate_demographic_history,simulate_demographic_history,tool,Biomni,wgs,python,UNAVAILABLE,False,MISSING_UPSTREAM - upstream package not installed,import failed: ModuleNotFoundError: No module named 'biomni',pip install the upstream project or add its checkout to sys.path,Apache-2.0,vendor,0,,,Biomni/biomni/tool/tool_description/genetics.py
biomni.tool.simulate_gene_circuit_with_growth_feedback,simulate_gene_circuit_with_growth_feedback,tool,Biomni,wgs,python,UNAVAILABLE,False,MISSING_UPSTREAM - upstream package not installed,import failed: ModuleNotFoundError: No module named 'biomni',pip install the upstream project or add its checkout to sys.path,Apache-2.0,vendor,0,,,Biomni/biomni/tool/tool_description/synthetic_biology.py
biomni.tool.simulate_generalized_lotka_volterra_dynamics,simulate_generalized_lotka_volterra_dynamics,tool,Biomni,wgs,python,UNAVAILABLE,False,MISSING_UPSTREAM - upstream package not installed,import failed: ModuleNotFoundError: No module named 'biomni',pip install the upstream project or add its checkout to sys.path,Apache-2.0,vendor,0,,,Biomni/biomni/tool/tool_description/microbiology.py
biomni.tool.simulate_metabolic_network_perturbation,simulate_metabolic_network_perturbation,tool,Biomni,multiomics,python,UNAVAILABLE,False,MISSING_UPSTREAM - upstream package not installed,import failed: ModuleNotFoundError: No module named 'biomni',pip install the upstream project or add its checkout to sys.path,Apache-2.0,vendor,0,,,Biomni/biomni/tool/tool_description/systems_biology.py
biomni.tool.simulate_microbial_population_dynamics,simulate_microbial_population_dynamics,tool,Biomni,wgs,python,UNAVAILABLE,False,MISSING_UPSTREAM - upstream package not installed,import failed: ModuleNotFoundError: No module named 'biomni',pip install the upstream project or add its checkout to sys.path,Apache-2.0,vendor,0,,,Biomni/biomni/tool/tool_description/microbiology.py
biomni.tool.simulate_protein_signaling_network,simulate_protein_signaling_network,tool,Biomni,multiomics,python,UNAVAILABLE,False,MISSING_UPSTREAM - upstream package not installed,import failed: ModuleNotFoundError: No module named 'biomni',pip install the upstream project or add its checkout to sys.path,Apache-2.0,vendor,0,,,Biomni/biomni/tool/tool_description/systems_biology.py
biomni.tool.simulate_renin_angiotensin_system_dynamics,simulate_renin_angiotensin_system_dynamics,tool,Biomni,multiomics,python,UNAVAILABLE,False,MISSING_UPSTREAM - upstream package not installed,import failed: ModuleNotFoundError: No module named 'biomni',pip install the upstream project or add its checkout to sys.path,Apache-2.0,vendor,0,,,Biomni/biomni/tool/tool_description/systems_biology.py
biomni.tool.simulate_thyroid_hormone_pharmacokinetics,simulate_thyroid_hormone_pharmacokinetics,tool,Biomni,clinical,python,UNAVAILABLE,False,MISSING_UPSTREAM - upstream package not installed,import failed: ModuleNotFoundError: No module named 'biomni',pip install the upstream project or add its checkout to sys.path,Apache-2.0,vendor,0,,,Biomni/biomni/tool/tool_description/physiology.py
biomni.tool.simulate_whole_cell_ode_model,simulate_whole_cell_ode_model,tool,Biomni,general,python,UNAVAILABLE,False,MISSING_UPSTREAM - upstream package not installed,import failed: ModuleNotFoundError: No module named 'biomni',pip install the upstream project or add its checkout to sys.path,Apache-2.0,vendor,0,,,Biomni/biomni/tool/tool_description/bioengineering.py
biomni.tool.split_modalities,split_modalities,tool,Biomni,imaging,python,UNAVAILABLE,False,MISSING_UPSTREAM - upstream package not installed,import failed: ModuleNotFoundError: No module named 'biomni',pip install the upstream project or add its checkout to sys.path,Apache-2.0,vendor,0,,,Biomni/biomni/tool/tool_description/bioimaging.py
biomni.tool.test_pylabrobot_script,test_pylabrobot_script,tool,Biomni,general,python,UNAVAILABLE,False,MISSING_UPSTREAM - upstream package not installed,import failed: ModuleNotFoundError: No module named 'biomni',pip install the upstream project or add its checkout to sys.path,Apache-2.0,vendor,0,,,Biomni/biomni/tool/tool_description/lab_automation.py
biomni.tool.track_immune_cells_under_flow,track_immune_cells_under_flow,tool,Biomni,proteomics,python,UNAVAILABLE,False,MISSING_UPSTREAM - upstream package not installed,import failed: ModuleNotFoundError: No module named 'biomni',pip install the upstream project or add its checkout to sys.path,Apache-2.0,vendor,0,,,Biomni/biomni/tool/tool_description/immunology.py
biomni.tool.unsupervised_celltype_transfer_between_scrna_datasets,unsupervised_celltype_transfer_between_scRNA_datasets,tool,Biomni,wgs,python,UNAVAILABLE,False,MISSING_UPSTREAM - upstream package not installed,import failed: ModuleNotFoundError: No module named 'biomni',pip install the upstream project or add its checkout to sys.path,Apache-2.0,vendor,0,,,Biomni/biomni/tool/tool_description/genomics.py
genomas.tool.add_completed_task,add_completed_task,tool,GenoMAS,general,python,UNAVAILABLE,False,MISSING_UPSTREAM - upstream package not installed,import failed: ModuleNotFoundError: No module named 'genomas',pip install the upstream project or add its checkout to sys.path,MIT,vendor,0,,,GenoMAS/utils/utils.py
genomas.tool.apply_gene_mapping,apply_gene_mapping,tool,GenoMAS,general,python,UNAVAILABLE,False,MISSING_UPSTREAM - upstream package not installed,import failed: ModuleNotFoundError: No module named 'genomas',pip install the upstream project or add its checkout to sys.path,MIT,vendor,0,,,GenoMAS/tools/preprocess.py
genomas.tool.build_gene_info_dict,build_gene_info_dict,tool,GenoMAS,general,python,UNAVAILABLE,False,MISSING_UPSTREAM - upstream package not installed,import failed: ModuleNotFoundError: No module named 'genomas',pip install the upstream project or add its checkout to sys.path,MIT,vendor,0,,,GenoMAS/download/get_gene_synonyms.py
genomas.tool.build_synonym_dict,build_synonym_dict,tool,GenoMAS,general,python,UNAVAILABLE,False,MISSING_UPSTREAM - upstream package not installed,import failed: ModuleNotFoundError: No module named 'genomas',pip install the upstream project or add its checkout to sys.path,MIT,vendor,0,,,GenoMAS/download/get_gene_synonyms.py
genomas.tool.check_recent_openai_model,check_recent_openai_model,tool,GenoMAS,general,python,UNAVAILABLE,False,MISSING_UPSTREAM - upstream package not installed,import failed: ModuleNotFoundError: No module named 'genomas',pip install the upstream project or add its checkout to sys.path,MIT,vendor,0,,,GenoMAS/utils/utils.py
genomas.tool.check_slow_inference,check_slow_inference,tool,GenoMAS,general,python,UNAVAILABLE,False,MISSING_UPSTREAM - upstream package not installed,import failed: ModuleNotFoundError: No module named 'genomas',pip install the upstream project or add its checkout to sys.path,MIT,vendor,0,,,GenoMAS/utils/utils.py
genomas.tool.create_action_unit_reuse_patterns,create_action_unit_reuse_patterns,tool,GenoMAS,general,python,UNAVAILABLE,False,MISSING_UPSTREAM - upstream package not installed,import failed: ModuleNotFoundError: No module named 'genomas',pip install the upstream project or add its checkout to sys.path,MIT,vendor,0,,,GenoMAS/utils/visualize_memory_reuse.py
genomas.tool.create_cumulative_efficiency_plot,create_cumulative_efficiency_plot,tool,GenoMAS,general,python,UNAVAILABLE,False,MISSING_UPSTREAM - upstream package not installed,import failed: ModuleNotFoundError: No module named 'genomas',pip install the upstream project or add its checkout to sys.path,MIT,vendor,0,,,GenoMAS/utils/visualize_memory_reuse.py
genomas.tool.create_memory_evolution_plot,create_memory_evolution_plot,tool,GenoMAS,general,python,UNAVAILABLE,False,MISSING_UPSTREAM - upstream package not installed,import failed: ModuleNotFoundError: No module named 'genomas',pip install the upstream project or add its checkout to sys.path,MIT,vendor,0,,,GenoMAS/utils/visualize_memory_reuse.py
genomas.tool.create_summary_statistics,create_summary_statistics,tool,GenoMAS,general,python,UNAVAILABLE,False,MISSING_UPSTREAM - upstream package not installed,import failed: ModuleNotFoundError: No module named 'genomas',pip install the upstream project or add its checkout to sys.path,MIT,vendor,0,,,GenoMAS/utils/visualize_memory_reuse.py
genomas.tool.delete_corrupted_files,delete_corrupted_files,tool,GenoMAS,general,python,UNAVAILABLE,False,MISSING_UPSTREAM - upstream package not installed,import failed: ModuleNotFoundError: No module named 'genomas',pip install the upstream project or add its checkout to sys.path,MIT,vendor,0,,,GenoMAS/utils/utils.py
genomas.tool.extract_function_code,extract_function_code,tool,GenoMAS,general,python,UNAVAILABLE,False,MISSING_UPSTREAM - upstream package not installed,import failed: ModuleNotFoundError: No module named 'genomas',pip install the upstream project or add its checkout to sys.path,MIT,vendor,0,,,GenoMAS/utils/utils.py
genomas.tool.extract_human_gene_symbols,extract_human_gene_symbols,tool,GenoMAS,general,python,UNAVAILABLE,False,MISSING_UPSTREAM - upstream package not installed,import failed: ModuleNotFoundError: No module named 'genomas',pip install the upstream project or add its checkout to sys.path,MIT,vendor,0,,,GenoMAS/tools/preprocess.py
genomas.tool.filter_content_by_prefix,filter_content_by_prefix,tool,GenoMAS,general,python,UNAVAILABLE,False,MISSING_UPSTREAM - upstream package not installed,import failed: ModuleNotFoundError: No module named 'genomas',pip install the upstream project or add its checkout to sys.path,MIT,vendor,0,,,GenoMAS/tools/preprocess.py
genomas.tool.generate_report,generate_report,tool,GenoMAS,general,python,UNAVAILABLE,False,MISSING_UPSTREAM - upstream package not installed,import failed: ModuleNotFoundError: No module named 'genomas',pip install the upstream project or add its checkout to sys.path,MIT,vendor,0,,,GenoMAS/utils/visualize_memory_reuse.py
genomas.tool.geo_get_relevant_filepaths,geo_get_relevant_filepaths,tool,GenoMAS,general,python,UNAVAILABLE,False,MISSING_UPSTREAM - upstream package not installed,import failed: ModuleNotFoundError: No module named 'genomas',pip install the upstream project or add its checkout to sys.path,MIT,vendor,0,,,GenoMAS/tools/preprocess.py
genomas.tool.geo_link_clinical_genetic_data,geo_link_clinical_genetic_data,tool,GenoMAS,general,python,UNAVAILABLE,False,MISSING_UPSTREAM - upstream package not installed,import failed: ModuleNotFoundError: No module named 'genomas',pip install the upstream project or add its checkout to sys.path,MIT,vendor,0,,,GenoMAS/tools/preprocess.py
genomas.tool.geo_select_clinical_features,geo_select_clinical_features,tool,GenoMAS,general,python,UNAVAILABLE,False,MISSING_UPSTREAM - upstream package not installed,import failed: ModuleNotFoundError: No module named 'genomas',pip install the upstream project or add its checkout to sys.path,MIT,vendor,0,,,GenoMAS/tools/preprocess.py
genomas.tool.get_background_and_clinical_data,get_background_and_clinical_data,tool,GenoMAS,general,python,UNAVAILABLE,False,MISSING_UPSTREAM - upstream package not installed,import failed: ModuleNotFoundError: No module named 'genomas',pip install the upstream project or add its checkout to sys.path,MIT,vendor,0,,,GenoMAS/tools/preprocess.py
genomas.tool.get_feature_data,get_feature_data,tool,GenoMAS,general,python,UNAVAILABLE,False,MISSING_UPSTREAM - upstream package not installed,import failed: ModuleNotFoundError: No module named 'genomas',pip install the upstream project or add its checkout to sys.path,MIT,vendor,0,,,GenoMAS/tools/preprocess.py
genomas.tool.get_gene_annotation,get_gene_annotation,tool,GenoMAS,general,python,UNAVAILABLE,False,MISSING_UPSTREAM - upstream package not installed,import failed: ModuleNotFoundError: No module named 'genomas',pip install the upstream project or add its checkout to sys.path,MIT,vendor,0,,,GenoMAS/tools/preprocess.py
genomas.tool.get_gene_mapping,get_gene_mapping,tool,GenoMAS,general,python,UNAVAILABLE,False,MISSING_UPSTREAM - upstream package not installed,import failed: ModuleNotFoundError: No module named 'genomas',pip install the upstream project or add its checkout to sys.path,MIT,vendor,0,,,GenoMAS/tools/preprocess.py
genomas.tool.get_genetic_data,get_genetic_data,tool,GenoMAS,general,python,UNAVAILABLE,False,MISSING_UPSTREAM - upstream package not installed,import failed: ModuleNotFoundError: No module named 'genomas',pip install the upstream project or add its checkout to sys.path,MIT,vendor,0,,,GenoMAS/tools/preprocess.py
genomas.tool.get_question_pairs,get_question_pairs,tool,GenoMAS,general,python,UNAVAILABLE,False,MISSING_UPSTREAM - upstream package not installed,import failed: ModuleNotFoundError: No module named 'genomas',pip install the upstream project or add its checkout to sys.path,MIT,vendor,0,,,GenoMAS/utils/utils.py
genomas.tool.get_unique_values_by_row,get_unique_values_by_row,tool,GenoMAS,general,python,UNAVAILABLE,False,MISSING_UPSTREAM - upstream package not installed,import failed: ModuleNotFoundError: No module named 'genomas',pip install the upstream project or add its checkout to sys.path,MIT,vendor,0,,,GenoMAS/tools/preprocess.py
genomas.tool.handle_missing_values,handle_missing_values,tool,GenoMAS,general,python,UNAVAILABLE,False,MISSING_UPSTREAM - upstream package not installed,import failed: ModuleNotFoundError: No module named 'genomas',pip install the upstream project or add its checkout to sys.path,MIT,vendor,0,,,GenoMAS/tools/preprocess.py
genomas.tool.judge_and_remove_biased_features,judge_and_remove_biased_features,tool,GenoMAS,general,python,UNAVAILABLE,False,MISSING_UPSTREAM - upstream package not installed,import failed: ModuleNotFoundError: No module named 'genomas',pip install the upstream project or add its checkout to sys.path,MIT,vendor,0,,,GenoMAS/tools/preprocess.py
genomas.tool.judge_binary_variable_biased,judge_binary_variable_biased,tool,GenoMAS,general,python,UNAVAILABLE,False,MISSING_UPSTREAM - upstream package not installed,import failed: ModuleNotFoundError: No module named 'genomas',pip install the upstream project or add its checkout to sys.path,MIT,vendor,0,,,GenoMAS/tools/preprocess.py
genomas.tool.judge_continuous_variable_biased,judge_continuous_variable_biased,tool,GenoMAS,general,python,UNAVAILABLE,False,MISSING_UPSTREAM - upstream package not installed,import failed: ModuleNotFoundError: No module named 'genomas',pip install the upstream project or add its checkout to sys.path,MIT,vendor,0,,,GenoMAS/tools/preprocess.py
genomas.tool.line_generator,line_generator,tool,GenoMAS,general,python,UNAVAILABLE,False,MISSING_UPSTREAM - upstream package not installed,import failed: ModuleNotFoundError: No module named 'genomas',pip install the upstream project or add its checkout to sys.path,MIT,vendor,0,,,GenoMAS/tools/preprocess.py
genomas.tool.load_completed_tasks,load_completed_tasks,tool,GenoMAS,general,python,UNAVAILABLE,False,MISSING_UPSTREAM - upstream package not installed,import failed: ModuleNotFoundError: No module named 'genomas',pip install the upstream project or add its checkout to sys.path,MIT,vendor,0,,,GenoMAS/utils/utils.py
genomas.tool.load_last_cohort_info,load_last_cohort_info,tool,GenoMAS,general,python,UNAVAILABLE,False,MISSING_UPSTREAM - upstream package not installed,import failed: ModuleNotFoundError: No module named 'genomas',pip install the upstream project or add its checkout to sys.path,MIT,vendor,0,,,GenoMAS/utils/utils.py
genomas.tool.load_memory_data,load_memory_data,tool,GenoMAS,general,python,UNAVAILABLE,False,MISSING_UPSTREAM - upstream package not installed,import failed: ModuleNotFoundError: No module named 'genomas',pip install the upstream project or add its checkout to sys.path,MIT,vendor,0,,,GenoMAS/utils/visualize_memory_reuse.py
genomas.tool.normalize_gene_symbols,normalize_gene_symbols,tool,GenoMAS,general,python,UNAVAILABLE,False,MISSING_UPSTREAM - upstream package not installed,import failed: ModuleNotFoundError: No module named 'genomas',pip install the upstream project or add its checkout to sys.path,MIT,vendor,0,,,GenoMAS/utils/utils.py
genomas.tool.normalize_gene_symbols_in_index,normalize_gene_symbols_in_index,tool,GenoMAS,general,python,UNAVAILABLE,False,MISSING_UPSTREAM - upstream package not installed,import failed: ModuleNotFoundError: No module named 'genomas',pip install the upstream project or add its checkout to sys.path,MIT,vendor,0,,,GenoMAS/tools/preprocess.py
genomas.tool.normalize_trait,normalize_trait,tool,GenoMAS,general,python,UNAVAILABLE,False,MISSING_UPSTREAM - upstream package not installed,import failed: ModuleNotFoundError: No module named 'genomas',pip install the upstream project or add its checkout to sys.path,MIT,vendor,0,,,GenoMAS/utils/utils.py
genomas.tool.preview_df,preview_df,tool,GenoMAS,general,python,UNAVAILABLE,False,MISSING_UPSTREAM - upstream package not installed,import failed: ModuleNotFoundError: No module named 'genomas',pip install the upstream project or add its checkout to sys.path,MIT,vendor,0,,,GenoMAS/tools/preprocess.py
genomas.tool.save_last_cohort_info,save_last_cohort_info,tool,GenoMAS,general,python,UNAVAILABLE,False,MISSING_UPSTREAM - upstream package not installed,import failed: ModuleNotFoundError: No module named 'genomas',pip install the upstream project or add its checkout to sys.path,MIT,vendor,0,,,GenoMAS/utils/utils.py
genomas.tool.setup_arg_parser,setup_arg_parser,tool,GenoMAS,general,python,UNAVAILABLE,False,MISSING_UPSTREAM - upstream package not installed,import failed: ModuleNotFoundError: No module named 'genomas',pip install the upstream project or add its checkout to sys.path,MIT,vendor,0,,,GenoMAS/utils/config.py
genomas.tool.tcga_convert_age,tcga_convert_age,tool,GenoMAS,general,python,UNAVAILABLE,False,MISSING_UPSTREAM - upstream package not installed,import failed: ModuleNotFoundError: No module named 'genomas',pip install the upstream project or add its checkout to sys.path,MIT,vendor,0,,,GenoMAS/tools/preprocess.py
genomas.tool.tcga_convert_gender,tcga_convert_gender,tool,GenoMAS,general,python,UNAVAILABLE,False,MISSING_UPSTREAM - upstream package not installed,import failed: ModuleNotFoundError: No module named 'genomas',pip install the upstream project or add its checkout to sys.path,MIT,vendor,0,,,GenoMAS/tools/preprocess.py
genomas.tool.tcga_convert_trait,tcga_convert_trait,tool,GenoMAS,general,python,UNAVAILABLE,False,MISSING_UPSTREAM - upstream package not installed,import failed: ModuleNotFoundError: No module named 'genomas',pip install the upstream project or add its checkout to sys.path,MIT,vendor,0,,,GenoMAS/tools/preprocess.py
genomas.tool.tcga_get_relevant_filepaths,tcga_get_relevant_filepaths,tool,GenoMAS,general,python,UNAVAILABLE,False,MISSING_UPSTREAM - upstream package not installed,import failed: ModuleNotFoundError: No module named 'genomas',pip install the upstream project or add its checkout to sys.path,MIT,vendor,0,,,GenoMAS/tools/preprocess.py
genomas.tool.tcga_select_clinical_features,tcga_select_clinical_features,tool,GenoMAS,general,python,UNAVAILABLE,False,MISSING_UPSTREAM - upstream package not installed,import failed: ModuleNotFoundError: No module named 'genomas',pip install the upstream project or add its checkout to sys.path,MIT,vendor,0,,,GenoMAS/tools/preprocess.py
genomas.tool.validate_and_save_cohort_info,validate_and_save_cohort_info,tool,GenoMAS,general,python,UNAVAILABLE,False,MISSING_UPSTREAM - upstream package not installed,import failed: ModuleNotFoundError: No module named 'genomas',pip install the upstream project or add its checkout to sys.path,MIT,vendor,0,,,GenoMAS/tools/preprocess.py
stella.tool.add_rank_stats,add_rank_stats,tool,STELLA,general,python,UNAVAILABLE,False,MISSING_UPSTREAM - upstream package not installed,import failed: ModuleNotFoundError: No module named 'stella',pip install the upstream project or add its checkout to sys.path,Apache-2.0,vendor,0,,,STELLA/Tool_Creation_Benchmark/hard_set/summarize_eval.py
stella.tool.better,better,tool,STELLA,general,python,UNAVAILABLE,False,MISSING_UPSTREAM - upstream package not installed,import failed: ModuleNotFoundError: No module named 'stella',pip install the upstream project or add its checkout to sys.path,Apache-2.0,vendor,0,,,STELLA/Tool_Creation_Benchmark/hard_set/summarize_eval.py
stella.tool.find_source_configs,find_source_configs,tool,STELLA,general,python,UNAVAILABLE,False,MISSING_UPSTREAM - upstream package not installed,import failed: ModuleNotFoundError: No module named 'stella',pip install the upstream project or add its checkout to sys.path,Apache-2.0,vendor,0,,,STELLA/Tool_Creation_Benchmark/hard_set/run_openrouter_batch.py
stella.tool.load_env_file,load_env_file,tool,STELLA,general,python,UNAVAILABLE,False,MISSING_UPSTREAM - upstream package not installed,import failed: ModuleNotFoundError: No module named 'stella',pip install the upstream project or add its checkout to sys.path,Apache-2.0,vendor,0,,,STELLA/Tool_Creation_Benchmark/hard_set/run_openrouter_batch.py
stella.tool.load_ground_truth,load_ground_truth,tool,STELLA,general,python,UNAVAILABLE,False,MISSING_UPSTREAM - upstream package not installed,import failed: ModuleNotFoundError: No module named 'stella',pip install the upstream project or add its checkout to sys.path,Apache-2.0,vendor,0,,,STELLA/Tool_Creation_Benchmark/simple_set/score_results.py
stella.tool.load_json,load_json,tool,STELLA,general,python,UNAVAILABLE,False,MISSING_UPSTREAM - upstream package not installed,import failed: ModuleNotFoundError: No module named 'stella',pip install the upstream project or add its checkout to sys.path,Apache-2.0,vendor,0,,,STELLA/Tool_Creation_Benchmark/hard_set/run_openrouter_batch.py
stella.tool.load_manifest_direction,load_manifest_direction,tool,STELLA,general,python,UNAVAILABLE,False,MISSING_UPSTREAM - upstream package not installed,import failed: ModuleNotFoundError: No module named 'stella',pip install the upstream project or add its checkout to sys.path,Apache-2.0,vendor,0,,,STELLA/Tool_Creation_Benchmark/hard_set/summarize_eval.py
stella.tool.make_job,make_job,tool,STELLA,general,python,UNAVAILABLE,False,MISSING_UPSTREAM - upstream package not installed,import failed: ModuleNotFoundError: No module named 'stella',pip install the upstream project or add its checkout to sys.path,Apache-2.0,vendor,0,,,STELLA/Tool_Creation_Benchmark/hard_set/run_openrouter_batch.py
stella.tool.metric_direction,metric_direction,tool,STELLA,general,python,UNAVAILABLE,False,MISSING_UPSTREAM - upstream package not installed,import failed: ModuleNotFoundError: No module named 'stella',pip install the upstream project or add its checkout to sys.path,Apache-2.0,vendor,0,,,STELLA/Tool_Creation_Benchmark/hard_set/summarize_eval.py
stella.tool.normalize_answer,normalize_answer,tool,STELLA,general,python,UNAVAILABLE,False,MISSING_UPSTREAM - upstream package not installed,import failed: ModuleNotFoundError: No module named 'stella',pip install the upstream project or add its checkout to sys.path,Apache-2.0,vendor,0,,,STELLA/Tool_Creation_Benchmark/simple_set/score_results.py
stella.tool.normalize_model,normalize_model,tool,STELLA,general,python,UNAVAILABLE,False,MISSING_UPSTREAM - upstream package not installed,import failed: ModuleNotFoundError: No module named 'stella',pip install the upstream project or add its checkout to sys.path,Apache-2.0,vendor,0,,,STELLA/Tool_Creation_Benchmark/hard_set/summarize_eval.py
stella.tool.parse_repeat_idx,parse_repeat_idx,tool,STELLA,general,python,UNAVAILABLE,False,MISSING_UPSTREAM - upstream package not installed,import failed: ModuleNotFoundError: No module named 'stella',pip install the upstream project or add its checkout to sys.path,Apache-2.0,vendor,0,,,STELLA/Tool_Creation_Benchmark/simple_set/score_results.py
stella.tool.parse_returncode,parse_returncode,tool,STELLA,general,python,UNAVAILABLE,False,MISSING_UPSTREAM - upstream package not installed,import failed: ModuleNotFoundError: No module named 'stella',pip install the upstream project or add its checkout to sys.path,Apache-2.0,vendor,0,,,STELLA/Tool_Creation_Benchmark/hard_set/summarize_eval.py
stella.tool.parse_score,parse_score,tool,STELLA,general,python,UNAVAILABLE,False,MISSING_UPSTREAM - upstream package not installed,import failed: ModuleNotFoundError: No module named 'stella',pip install the upstream project or add its checkout to sys.path,Apache-2.0,vendor,0,,,STELLA/Tool_Creation_Benchmark/hard_set/summarize_eval.py
stella.tool.project_root_from_here,project_root_from_here,tool,STELLA,general,python,UNAVAILABLE,False,MISSING_UPSTREAM - upstream package not installed,import failed: ModuleNotFoundError: No module named 'stella',pip install the upstream project or add its checkout to sys.path,Apache-2.0,vendor,0,,,STELLA/Tool_Creation_Benchmark/hard_set/run_openrouter_batch.py
stella.tool.read_observations,read_observations,tool,STELLA,general,python,UNAVAILABLE,False,MISSING_UPSTREAM - upstream package not installed,import failed: ModuleNotFoundError: No module named 'stella',pip install the upstream project or add its checkout to sys.path,Apache-2.0,vendor,0,,,STELLA/Tool_Creation_Benchmark/hard_set/summarize_eval.py
stella.tool.read_task_ids,read_task_ids,tool,STELLA,general,python,UNAVAILABLE,False,MISSING_UPSTREAM - upstream package not installed,import failed: ModuleNotFoundError: No module named 'stella',pip install the upstream project or add its checkout to sys.path,Apache-2.0,vendor,0,,,STELLA/Tool_Creation_Benchmark/hard_set/run_openrouter_batch.py
stella.tool.resolve_path,resolve_path,tool,STELLA,general,python,UNAVAILABLE,False,MISSING_UPSTREAM - upstream package not installed,import failed: ModuleNotFoundError: No module named 'stella',pip install the upstream project or add its checkout to sys.path,Apache-2.0,vendor,0,,,STELLA/Tool_Creation_Benchmark/hard_set/run_openrouter_batch.py
stella.tool.run_job,run_job,tool,STELLA,general,python,UNAVAILABLE,False,MISSING_UPSTREAM - upstream package not installed,import failed: ModuleNotFoundError: No module named 'stella',pip install the upstream project or add its checkout to sys.path,Apache-2.0,vendor,0,,,STELLA/Tool_Creation_Benchmark/hard_set/run_openrouter_batch.py
stella.tool.save_json,save_json,tool,STELLA,general,python,UNAVAILABLE,False,MISSING_UPSTREAM - upstream package not installed,import failed: ModuleNotFoundError: No module named 'stella',pip install the upstream project or add its checkout to sys.path,Apache-2.0,vendor,0,,,STELLA/Tool_Creation_Benchmark/hard_set/run_openrouter_batch.py
stella.tool.select_scores,select_scores,tool,STELLA,general,python,UNAVAILABLE,False,MISSING_UPSTREAM - upstream package not installed,import failed: ModuleNotFoundError: No module named 'stella',pip install the upstream project or add its checkout to sys.path,Apache-2.0,vendor,0,,,STELLA/Tool_Creation_Benchmark/hard_set/summarize_eval.py
stella.tool.sequence_check,sequence_check,tool,STELLA,general,python,UNAVAILABLE,False,MISSING_UPSTREAM - upstream package not installed,import failed: ModuleNotFoundError: No module named 'stella',pip install the upstream project or add its checkout to sys.path,Apache-2.0,vendor,0,,,STELLA/new_tools/_core_guard/sequence_scanner.py
stella.tool.write_csv,write_csv,tool,STELLA,general,python,UNAVAILABLE,False,MISSING_UPSTREAM - upstream package not installed,import failed: ModuleNotFoundError: No module named 'stella',pip install the upstream project or add its checkout to sys.path,Apache-2.0,vendor,0,,,STELLA/Tool_Creation_Benchmark/hard_set/summarize_eval.py
biomni.database.alphafold.ebi.ac.uk,alphafold.ebi.ac.uk,database,Biomni,general,mcp,RESOLVED,False,"NEEDS_DISPATCHER - route resolved, MCP client not bound",no MCP dispatcher bound to this runtime,"bind an MCP client (1 integration point, unblocks the largest bucket)",Apache-2.0,vendor,0,,,Biomni/biomni/tool/
biomni.database.api.fda.gov,api.fda.gov,database,Biomni,general,mcp,RESOLVED,False,"NEEDS_DISPATCHER - route resolved, MCP client not bound",no MCP dispatcher bound to this runtime,"bind an MCP client (1 integration point, unblocks the largest bucket)",Apache-2.0,vendor,0,,,Biomni/biomni/tool/
biomni.database.api.genome.ucsc.edu,api.genome.ucsc.edu,database,Biomni,general,mcp,RESOLVED,False,"NEEDS_DISPATCHER - route resolved, MCP client not bound",no MCP dispatcher bound to this runtime,"bind an MCP client (1 integration point, unblocks the largest bucket)",Apache-2.0,vendor,0,,,Biomni/biomni/tool/
biomni.database.api.platform.opentargets.org,api.platform.opentargets.org,database,Biomni,general,mcp,RESOLVED,False,"NEEDS_DISPATCHER - route resolved, MCP client not bound",no MCP dispatcher bound to this runtime,"bind an MCP client (1 integration point, unblocks the largest bucket)",Apache-2.0,vendor,0,,,(skill frontmatter/body URLs)
biomni.database.clinicaltrials.gov,clinicaltrials.gov,database,Biomni,general,mcp,RESOLVED,False,"NEEDS_DISPATCHER - route resolved, MCP client not bound",no MCP dispatcher bound to this runtime,"bind an MCP client (1 integration point, unblocks the largest bucket)",Apache-2.0,vendor,0,,,(skill frontmatter/body URLs)
biomni.database.dailymed.nlm.nih.gov,dailymed.nlm.nih.gov,database,Biomni,general,mcp,RESOLVED,False,"NEEDS_DISPATCHER - route resolved, MCP client not bound",no MCP dispatcher bound to this runtime,"bind an MCP client (1 integration point, unblocks the largest bucket)",Apache-2.0,vendor,0,,,Biomni/biomni/tool/
biomni.database.data.rcsb.org,data.rcsb.org,database,Biomni,general,mcp,RESOLVED,False,"NEEDS_DISPATCHER - route resolved, MCP client not bound",no MCP dispatcher bound to this runtime,"bind an MCP client (1 integration point, unblocks the largest bucket)",Apache-2.0,vendor,0,,,Biomni/biomni/tool/
biomni.database.eutils.ncbi.nlm.nih.gov,eutils.ncbi.nlm.nih.gov,database,Biomni,general,mcp,RESOLVED,False,"NEEDS_DISPATCHER - route resolved, MCP client not bound",no MCP dispatcher bound to this runtime,"bind an MCP client (1 integration point, unblocks the largest bucket)",Apache-2.0,vendor,0,,,(skill frontmatter/body URLs)
biomni.database.files.rcsb.org,files.rcsb.org,database,Biomni,general,mcp,RESOLVED,False,"NEEDS_DISPATCHER - route resolved, MCP client not bound",no MCP dispatcher bound to this runtime,"bind an MCP client (1 integration point, unblocks the largest bucket)",Apache-2.0,vendor,0,,,Biomni/biomni/tool/
biomni.database.gnomad.broadinstitute.org,gnomad.broadinstitute.org,database,Biomni,general,mcp,RESOLVED,False,"NEEDS_DISPATCHER - route resolved, MCP client not bound",no MCP dispatcher bound to this runtime,"bind an MCP client (1 integration point, unblocks the largest bucket)",Apache-2.0,vendor,0,,,(skill frontmatter/body URLs)
biomni.database.jaspar.elixir.no,jaspar.elixir.no,database,Biomni,general,mcp,RESOLVED,False,"NEEDS_DISPATCHER - route resolved, MCP client not bound",no MCP dispatcher bound to this runtime,"bind an MCP client (1 integration point, unblocks the largest bucket)",Apache-2.0,vendor,0,,,Biomni/biomni/tool/
biomni.database.jaspar.genereg.net,jaspar.genereg.net,database,Biomni,general,mcp,RESOLVED,False,"NEEDS_DISPATCHER - route resolved, MCP client not bound",no MCP dispatcher bound to this runtime,"bind an MCP client (1 integration point, unblocks the largest bucket)",Apache-2.0,vendor,0,,,Biomni/biomni/tool/
biomni.database.pubchem.ncbi.nlm.nih.gov,pubchem.ncbi.nlm.nih.gov,database,Biomni,general,mcp,RESOLVED,False,"NEEDS_DISPATCHER - route resolved, MCP client not bound",no MCP dispatcher bound to this runtime,"bind an MCP client (1 integration point, unblocks the largest bucket)",Apache-2.0,vendor,0,,,Biomni/biomni/tool/
biomni.database.reactome.org,reactome.org,database,Biomni,general,mcp,RESOLVED,False,"NEEDS_DISPATCHER - route resolved, MCP client not bound",no MCP dispatcher bound to this runtime,"bind an MCP client (1 integration point, unblocks the largest bucket)",Apache-2.0,vendor,0,,,Biomni/biomni/tool/
biomni.database.rest.ensembl.org,rest.ensembl.org,database,Biomni,general,mcp,RESOLVED,False,"NEEDS_DISPATCHER - route resolved, MCP client not bound",no MCP dispatcher bound to this runtime,"bind an MCP client (1 integration point, unblocks the largest bucket)",Apache-2.0,vendor,0,,,(skill frontmatter/body URLs)
biomni.database.rest.uniprot.org,rest.uniprot.org,database,Biomni,general,mcp,RESOLVED,False,"NEEDS_DISPATCHER - route resolved, MCP client not bound",no MCP dispatcher bound to this runtime,"bind an MCP client (1 integration point, unblocks the largest bucket)",Apache-2.0,vendor,0,,,Biomni/biomni/tool/
biomni.database.string-db.org,string-db.org,database,Biomni,general,mcp,RESOLVED,False,"NEEDS_DISPATCHER - route resolved, MCP client not bound",no MCP dispatcher bound to this runtime,"bind an MCP client (1 integration point, unblocks the largest bucket)",Apache-2.0,vendor,0,,,Biomni/biomni/tool/
biomni.database.version-12-0.string-db.org,version-12-0.string-db.org,database,Biomni,general,mcp,RESOLVED,False,"NEEDS_DISPATCHER - route resolved, MCP client not bound",no MCP dispatcher bound to this runtime,"bind an MCP client (1 integration point, unblocks the largest bucket)",Apache-2.0,vendor,0,,,Biomni/biomni/tool/
biomni.database.www.cbioportal.org,www.cbioportal.org,database,Biomni,general,mcp,RESOLVED,False,"NEEDS_DISPATCHER - route resolved, MCP client not bound",no MCP dispatcher bound to this runtime,"bind an MCP client (1 integration point, unblocks the largest bucket)",Apache-2.0,vendor,0,,,Biomni/biomni/tool/
biomni.database.www.encodeproject.org,www.encodeproject.org,database,Biomni,general,mcp,RESOLVED,False,"NEEDS_DISPATCHER - route resolved, MCP client not bound",no MCP dispatcher bound to this runtime,"bind an MCP client (1 integration point, unblocks the largest bucket)",Apache-2.0,vendor,0,,,Biomni/biomni/tool/
biomni.database.www.ensembl.org,www.ensembl.org,database,Biomni,general,mcp,RESOLVED,False,"NEEDS_DISPATCHER - route resolved, MCP client not bound",no MCP dispatcher bound to this runtime,"bind an MCP client (1 integration point, unblocks the largest bucket)",Apache-2.0,vendor,0,,,(skill frontmatter/body URLs)
biomni.database.www.protocols.io,www.protocols.io,database,Biomni,general,mcp,RESOLVED,False,"NEEDS_DISPATCHER - route resolved, MCP client not bound",no MCP dispatcher bound to this runtime,"bind an MCP client (1 integration point, unblocks the largest bucket)",Apache-2.0,vendor,0,,,(skill frontmatter/body URLs)
clawbio.database.apidocs.protocols.io,apidocs.protocols.io,database,ClawBio,general,mcp,RESOLVED,False,"NEEDS_DISPATCHER - route resolved, MCP client not bound",no MCP dispatcher bound to this runtime,"bind an MCP client (1 integration point, unblocks the largest bucket)",MIT,vendor,0,,,(skill frontmatter/body URLs)
clawbio.database.ftp.ncbi.nlm.nih.gov,ftp.ncbi.nlm.nih.gov,database,ClawBio,general,mcp,RESOLVED,False,"NEEDS_DISPATCHER - route resolved, MCP client not bound",no MCP dispatcher bound to this runtime,"bind an MCP client (1 integration point, unblocks the largest bucket)",MIT,vendor,0,,,(skill frontmatter/body URLs)
clawbio.database.gtexportal.org,gtexportal.org,database,ClawBio,general,mcp,RESOLVED,False,"NEEDS_DISPATCHER - route resolved, MCP client not bound",no MCP dispatcher bound to this runtime,"bind an MCP client (1 integration point, unblocks the largest bucket)",MIT,vendor,0,,,(skill frontmatter/body URLs)
clawbio.database.platform-docs.opentargets.org,platform-docs.opentargets.org,database,ClawBio,general,mcp,RESOLVED,False,"NEEDS_DISPATCHER - route resolved, MCP client not bound",no MCP dispatcher bound to this runtime,"bind an MCP client (1 integration point, unblocks the largest bucket)",MIT,vendor,0,,,(skill frontmatter/body URLs)
clawbio.database.pmc.ncbi.nlm.nih.gov,pmc.ncbi.nlm.nih.gov,database,ClawBio,general,mcp,RESOLVED,False,"NEEDS_DISPATCHER - route resolved, MCP client not bound",no MCP dispatcher bound to this runtime,"bind an MCP client (1 integration point, unblocks the largest bucket)",MIT,vendor,0,,,(skill frontmatter/body URLs)
clawbio.database.pubmed.ncbi.nlm.nih.gov,pubmed.ncbi.nlm.nih.gov,database,ClawBio,general,mcp,RESOLVED,False,"NEEDS_DISPATCHER - route resolved, MCP client not bound",no MCP dispatcher bound to this runtime,"bind an MCP client (1 integration point, unblocks the largest bucket)",MIT,vendor,0,,,(skill frontmatter/body URLs)
clawbio.database.samtools.github.io,samtools.github.io,database,ClawBio,general,mcp,RESOLVED,False,"NEEDS_DISPATCHER - route resolved, MCP client not bound",no MCP dispatcher bound to this runtime,"bind an MCP client (1 integration point, unblocks the largest bucket)",MIT,vendor,0,,,(skill frontmatter/body URLs)
clawbio.database.toolshed.g2.bx.psu.edu,toolshed.g2.bx.psu.edu,database,ClawBio,general,mcp,RESOLVED,False,"NEEDS_DISPATCHER - route resolved, MCP client not bound",no MCP dispatcher bound to this runtime,"bind an MCP client (1 integration point, unblocks the largest bucket)",MIT,vendor,0,,,(skill frontmatter/body URLs)
clawbio.database.ucscxenatoolspy.onrender.com,ucscxenatoolspy.onrender.com,database,ClawBio,general,mcp,RESOLVED,False,"NEEDS_DISPATCHER - route resolved, MCP client not bound",no MCP dispatcher bound to this runtime,"bind an MCP client (1 integration point, unblocks the largest bucket)",MIT,vendor,0,,,(skill frontmatter/body URLs)
clawbio.database.www.cancer.gov,www.cancer.gov,database,ClawBio,general,mcp,RESOLVED,False,"NEEDS_DISPATCHER - route resolved, MCP client not bound",no MCP dispatcher bound to this runtime,"bind an MCP client (1 integration point, unblocks the largest bucket)",MIT,vendor,0,,,(skill frontmatter/body URLs)
clawbio.database.www.fda.gov,www.fda.gov,database,ClawBio,general,mcp,RESOLVED,False,"NEEDS_DISPATCHER - route resolved, MCP client not bound",no MCP dispatcher bound to this runtime,"bind an MCP client (1 integration point, unblocks the largest bucket)",MIT,vendor,0,,,(skill frontmatter/body URLs)
clawbio.database.www.kallistobus.tools,www.kallistobus.tools,database,ClawBio,general,mcp,RESOLVED,False,"NEEDS_DISPATCHER - route resolved, MCP client not bound",no MCP dispatcher bound to this runtime,"bind an MCP client (1 integration point, unblocks the largest bucket)",MIT,vendor,0,,,(skill frontmatter/body URLs)
clawbio.database.www.ncbi.nlm.nih.gov,www.ncbi.nlm.nih.gov,database,ClawBio,general,mcp,RESOLVED,False,"NEEDS_DISPATCHER - route resolved, MCP client not bound",no MCP dispatcher bound to this runtime,"bind an MCP client (1 integration point, unblocks the largest bucket)",MIT,vendor,0,,,(skill frontmatter/body URLs)
clawbio.database.xena.ucsc.edu,xena.ucsc.edu,database,ClawBio,general,mcp,RESOLVED,False,"NEEDS_DISPATCHER - route resolved, MCP client not bound",no MCP dispatcher bound to this runtime,"bind an MCP client (1 integration point, unblocks the largest bucket)",MIT,vendor,0,,,(skill frontmatter/body URLs)
k-dense.database.api.gdc.cancer.gov,api.gdc.cancer.gov,database,K-Dense,general,mcp,RESOLVED,False,"NEEDS_DISPATCHER - route resolved, MCP client not bound",no MCP dispatcher bound to this runtime,"bind an MCP client (1 integration point, unblocks the largest bucket)",MIT,vendor,0,,,(skill frontmatter/body URLs)
k-dense.database.api.imaging.datacommons.cancer.gov,api.imaging.datacommons.cancer.gov,database,K-Dense,general,mcp,RESOLVED,False,"NEEDS_DISPATCHER - route resolved, MCP client not bound",no MCP dispatcher bound to this runtime,"bind an MCP client (1 integration point, unblocks the largest bucket)",MIT,vendor,0,,,(skill frontmatter/body URLs)
k-dense.database.discourse.canceridc.dev,discourse.canceridc.dev,database,K-Dense,general,mcp,RESOLVED,False,"NEEDS_DISPATCHER - route resolved, MCP client not bound",no MCP dispatcher bound to this runtime,"bind an MCP client (1 integration point, unblocks the largest bucket)",MIT,vendor,0,,,(skill frontmatter/body URLs)
k-dense.database.export.arxiv.org,export.arxiv.org,database,K-Dense,general,mcp,RESOLVED,False,"NEEDS_DISPATCHER - route resolved, MCP client not bound",no MCP dispatcher bound to this runtime,"bind an MCP client (1 integration point, unblocks the largest bucket)",MIT,vendor,0,,,(skill frontmatter/body URLs)
k-dense.database.geopandas.org,geopandas.org,database,K-Dense,general,mcp,RESOLVED,False,"NEEDS_DISPATCHER - route resolved, MCP client not bound",no MCP dispatcher bound to this runtime,"bind an MCP client (1 integration point, unblocks the largest bucket)",MIT,vendor,0,,,(skill frontmatter/body URLs)
k-dense.database.learn.canceridc.dev,learn.canceridc.dev,database,K-Dense,general,mcp,RESOLVED,False,"NEEDS_DISPATCHER - route resolved, MCP client not bound",no MCP dispatcher bound to this runtime,"bind an MCP client (1 integration point, unblocks the largest bucket)",MIT,vendor,0,,,(skill frontmatter/body URLs)
k-dense.database.open.fda.gov,open.fda.gov,database,K-Dense,general,mcp,RESOLVED,False,"NEEDS_DISPATCHER - route resolved, MCP client not bound",no MCP dispatcher bound to this runtime,"bind an MCP client (1 integration point, unblocks the largest bucket)",MIT,vendor,0,,,(skill frontmatter/body URLs)
k-dense.database.openalex.org,openalex.org,database,K-Dense,general,mcp,RESOLVED,False,"NEEDS_DISPATCHER - route resolved, MCP client not bound",no MCP dispatcher bound to this runtime,"bind an MCP client (1 integration point, unblocks the largest bucket)",MIT,vendor,0,,,(skill frontmatter/body URLs)
k-dense.database.portal.imaging.datacommons.cancer.gov,portal.imaging.datacommons.cancer.gov,database,K-Dense,general,mcp,RESOLVED,False,"NEEDS_DISPATCHER - route resolved, MCP client not bound",no MCP dispatcher bound to this runtime,"bind an MCP client (1 integration point, unblocks the largest bucket)",MIT,vendor,0,,,(skill frontmatter/body URLs)
k-dense.database.rummageo.com,rummageo.com,database,K-Dense,general,mcp,RESOLVED,False,"NEEDS_DISPATCHER - route resolved, MCP client not bound",no MCP dispatcher bound to this runtime,"bind an MCP client (1 integration point, unblocks the largest bucket)",MIT,vendor,0,,,(skill frontmatter/body URLs)
origenemcp.database.chembl,ChEMBL,database,OrigeneMCP,general,mcp,RESOLVED,False,"NEEDS_DISPATCHER - route resolved, MCP client not bound",no MCP dispatcher bound to this runtime,"bind an MCP client (1 integration point, unblocks the largest bucket)",NONE,federated,0,,,OrigeneMCP/tools/
origenemcp.database.depmap,DepMap,database,OrigeneMCP,general,mcp,RESOLVED,False,"NEEDS_DISPATCHER - route resolved, MCP client not bound",no MCP dispatcher bound to this runtime,"bind an MCP client (1 integration point, unblocks the largest bucket)",NONE,federated,0,,,OrigeneMCP/tools/
origenemcp.database.ensembl,Ensembl,database,OrigeneMCP,general,mcp,RESOLVED,False,"NEEDS_DISPATCHER - route resolved, MCP client not bound",no MCP dispatcher bound to this runtime,"bind an MCP client (1 integration point, unblocks the largest bucket)",NONE,federated,0,,,OrigeneMCP/tools/
origenemcp.database.kegg,KEGG,database,OrigeneMCP,general,mcp,RESOLVED,False,"NEEDS_DISPATCHER - route resolved, MCP client not bound",no MCP dispatcher bound to this runtime,"bind an MCP client (1 integration point, unblocks the largest bucket)",NONE,federated,0,,,OrigeneMCP/tools/
origenemcp.database.monarch-initiative,Monarch Initiative,database,OrigeneMCP,general,mcp,RESOLVED,False,"NEEDS_DISPATCHER - route resolved, MCP client not bound",no MCP dispatcher bound to this runtime,"bind an MCP client (1 integration point, unblocks the largest bucket)",NONE,federated,0,,,OrigeneMCP/tools/
origenemcp.database.multi-db-search,multi-db search,database,OrigeneMCP,general,mcp,RESOLVED,False,"NEEDS_DISPATCHER - route resolved, MCP client not bound",no MCP dispatcher bound to this runtime,"bind an MCP client (1 integration point, unblocks the largest bucket)",NONE,federated,0,,,OrigeneMCP/tools/
origenemcp.database.ncbi,NCBI,database,OrigeneMCP,general,mcp,RESOLVED,False,"NEEDS_DISPATCHER - route resolved, MCP client not bound",no MCP dispatcher bound to this runtime,"bind an MCP client (1 integration point, unblocks the largest bucket)",NONE,federated,0,,,OrigeneMCP/tools/
origenemcp.database.openfda-drug-labeling,openFDA drug labeling,database,OrigeneMCP,general,mcp,RESOLVED,False,"NEEDS_DISPATCHER - route resolved, MCP client not bound",no MCP dispatcher bound to this runtime,"bind an MCP client (1 integration point, unblocks the largest bucket)",NONE,federated,0,,,OrigeneMCP/tools/
origenemcp.database.opentargets,OpenTargets,database,OrigeneMCP,general,mcp,RESOLVED,False,"NEEDS_DISPATCHER - route resolved, MCP client not bound",no MCP dispatcher bound to this runtime,"bind an MCP client (1 integration point, unblocks the largest bucket)",NONE,federated,0,,,OrigeneMCP/tools/
origenemcp.database.pubchem,PubChem,database,OrigeneMCP,general,mcp,RESOLVED,False,"NEEDS_DISPATCHER - route resolved, MCP client not bound",no MCP dispatcher bound to this runtime,"bind an MCP client (1 integration point, unblocks the largest bucket)",NONE,federated,0,,,OrigeneMCP/tools/
origenemcp.database.rcsb-pdb,RCSB PDB,database,OrigeneMCP,general,mcp,RESOLVED,False,"NEEDS_DISPATCHER - route resolved, MCP client not bound",no MCP dispatcher bound to this runtime,"bind an MCP client (1 integration point, unblocks the largest bucket)",NONE,federated,0,,,OrigeneMCP/tools/
origenemcp.database.string,STRING,database,OrigeneMCP,general,mcp,RESOLVED,False,"NEEDS_DISPATCHER - route resolved, MCP client not bound",no MCP dispatcher bound to this runtime,"bind an MCP client (1 integration point, unblocks the largest bucket)",NONE,federated,0,,,OrigeneMCP/tools/
origenemcp.database.tcga,TCGA,database,OrigeneMCP,general,mcp,RESOLVED,False,"NEEDS_DISPATCHER - route resolved, MCP client not bound",no MCP dispatcher bound to this runtime,"bind an MCP client (1 integration point, unblocks the largest bucket)",NONE,federated,0,,,OrigeneMCP/tools/
origenemcp.database.tooluniverse-core,ToolUniverse core,database,OrigeneMCP,general,mcp,RESOLVED,False,"NEEDS_DISPATCHER - route resolved, MCP client not bound",no MCP dispatcher bound to this runtime,"bind an MCP client (1 integration point, unblocks the largest bucket)",NONE,federated,0,,,OrigeneMCP/tools/
origenemcp.database.tooluniverse-openfda-opentargets-monarch,ToolUniverse (openFDA/OpenTargets/Monarch),database,OrigeneMCP,general,mcp,RESOLVED,False,"NEEDS_DISPATCHER - route resolved, MCP client not bound",no MCP dispatcher bound to this runtime,"bind an MCP client (1 integration point, unblocks the largest bucket)",NONE,federated,0,,,OrigeneMCP/tools/
origenemcp.database.ucsc-genome-browser,UCSC Genome Browser,database,OrigeneMCP,general,mcp,RESOLVED,False,"NEEDS_DISPATCHER - route resolved, MCP client not bound",no MCP dispatcher bound to this runtime,"bind an MCP client (1 integration point, unblocks the largest bucket)",NONE,federated,0,,,OrigeneMCP/tools/
origenemcp.database.uniprot,UniProt,database,OrigeneMCP,general,mcp,RESOLVED,False,"NEEDS_DISPATCHER - route resolved, MCP client not bound",no MCP dispatcher bound to this runtime,"bind an MCP client (1 integration point, unblocks the largest bucket)",NONE,federated,0,,,OrigeneMCP/tools/
origenemcp.database.web-literature-search,web/literature search,database,OrigeneMCP,general,mcp,RESOLVED,False,"NEEDS_DISPATCHER - route resolved, MCP client not bound",no MCP dispatcher bound to this runtime,"bind an MCP client (1 integration point, unblocks the largest bucket)",NONE,federated,0,,,OrigeneMCP/tools/
origenemcp.tool.check_genome_accessions,check_genome_accessions,tool,OrigeneMCP,wgs,mcp,RESOLVED,False,"NEEDS_DISPATCHER - route resolved, MCP client not bound",no MCP dispatcher bound to this runtime,"bind an MCP client (1 integration point, unblocks the largest bucket)",NONE,federated,0,,,OrigeneMCP/tools/ncbi/server.py
origenemcp.tool.check_virus_accessions,check_virus_accessions,tool,OrigeneMCP,general,mcp,RESOLVED,False,"NEEDS_DISPATCHER - route resolved, MCP client not bound",no MCP dispatcher bound to this runtime,"bind an MCP client (1 integration point, unblocks the largest bucket)",NONE,federated,0,,,OrigeneMCP/tools/ncbi/server.py
origenemcp.tool.clinvar_find_single_mutation,clinvar_find_single_mutation,tool,OrigeneMCP,general,mcp,RESOLVED,False,"NEEDS_DISPATCHER - route resolved, MCP client not bound",no MCP dispatcher bound to this runtime,"bind an MCP client (1 integration point, unblocks the largest bucket)",NONE,federated,0,,,OrigeneMCP/tools/dbsearch/server.py
origenemcp.tool.clinvar_get_best_refseqid_by_sequence,clinvar_get_best_refseqid_by_sequence,tool,OrigeneMCP,general,mcp,RESOLVED,False,"NEEDS_DISPATCHER - route resolved, MCP client not bound",no MCP dispatcher bound to this runtime,"bind an MCP client (1 integration point, unblocks the largest bucket)",NONE,federated,0,,,OrigeneMCP/tools/dbsearch/server.py
origenemcp.tool.clinvar_query_sequence_variants,clinvar_query_sequence_variants,tool,OrigeneMCP,general,mcp,RESOLVED,False,"NEEDS_DISPATCHER - route resolved, MCP client not bound",no MCP dispatcher bound to this runtime,"bind an MCP client (1 integration point, unblocks the largest bucket)",NONE,federated,0,,,OrigeneMCP/tools/dbsearch/server.py
origenemcp.tool.clinvar_query_variant_significance,clinvar_query_variant_significance,tool,OrigeneMCP,wgs,mcp,RESOLVED,False,"NEEDS_DISPATCHER - route resolved, MCP client not bound",no MCP dispatcher bound to this runtime,"bind an MCP client (1 integration point, unblocks the largest bucket)",NONE,federated,0,,,OrigeneMCP/tools/dbsearch/server.py
origenemcp.tool.depmap_comprehensive_analysis,depmap_comprehensive_analysis,tool,OrigeneMCP,wgs,mcp,RESOLVED,False,"NEEDS_DISPATCHER - route resolved, MCP client not bound",no MCP dispatcher bound to this runtime,"bind an MCP client (1 integration point, unblocks the largest bucket)",NONE,federated,0,,,OrigeneMCP/tools/depmap/server.py
origenemcp.tool.depmap_get_dependency,depmap_get_dependency,tool,OrigeneMCP,general,mcp,RESOLVED,False,"NEEDS_DISPATCHER - route resolved, MCP client not bound",no MCP dispatcher bound to this runtime,"bind an MCP client (1 integration point, unblocks the largest bucket)",NONE,federated,0,,,OrigeneMCP/tools/depmap/server.py
origenemcp.tool.depmap_get_expression,depmap_get_expression,tool,OrigeneMCP,general,mcp,RESOLVED,False,"NEEDS_DISPATCHER - route resolved, MCP client not bound",no MCP dispatcher bound to this runtime,"bind an MCP client (1 integration point, unblocks the largest bucket)",NONE,federated,0,,,OrigeneMCP/tools/depmap/server.py
origenemcp.tool.depmap_get_mutation,depmap_get_mutation,tool,OrigeneMCP,general,mcp,RESOLVED,False,"NEEDS_DISPATCHER - route resolved, MCP client not bound",no MCP dispatcher bound to this runtime,"bind an MCP client (1 integration point, unblocks the largest bucket)",NONE,federated,0,,,OrigeneMCP/tools/depmap/server.py
origenemcp.tool.drug_pharmacogenomics_data,drug_pharmacogenomics_data,tool,OrigeneMCP,wgs,mcp,RESOLVED,False,"NEEDS_DISPATCHER - route resolved, MCP client not bound",no MCP dispatcher bound to this runtime,"bind an MCP client (1 integration point, unblocks the largest bucket)",NONE,federated,0,,,OrigeneMCP/tools/tooluniverse/data/opentarget_tools.json
origenemcp.tool.ensembl_get_genes_by_band,ensembl_get_genes_by_band,tool,OrigeneMCP,general,mcp,RESOLVED,False,"NEEDS_DISPATCHER - route resolved, MCP client not bound",no MCP dispatcher bound to this runtime,"bind an MCP client (1 integration point, unblocks the largest bucket)",NONE,federated,0,,,OrigeneMCP/tools/dbsearch/server.py
origenemcp.tool.get_abuse_info_by_drug_name,get_abuse_info_by_drug_name,tool,OrigeneMCP,general,mcp,RESOLVED,False,"NEEDS_DISPATCHER - route resolved, MCP client not bound",no MCP dispatcher bound to this runtime,"bind an MCP client (1 integration point, unblocks the largest bucket)",NONE,federated,0,,,OrigeneMCP/tools/tooluniverse/data/fda_drug_labeling_tools.json
origenemcp.tool.get_abuse_types_and_related_adverse_reactions_and_controlled_substance_status_by_drug_name,get_abuse_types_and_related_adverse_reactions_and_controlled_substance_status_by_drug_name,tool,OrigeneMCP,general,mcp,RESOLVED,False,"NEEDS_DISPATCHER - route resolved, MCP client not bound",no MCP dispatcher bound to this runtime,"bind an MCP client (1 integration point, unblocks the largest bucket)",NONE,federated,0,,,OrigeneMCP/tools/tooluniverse/data/fda_drug_labeling_tools.json
origenemcp.tool.get_accessories_info_by_drug_name,get_accessories_info_by_drug_name,tool,OrigeneMCP,general,mcp,RESOLVED,False,"NEEDS_DISPATCHER - route resolved, MCP client not bound",no MCP dispatcher bound to this runtime,"bind an MCP client (1 integration point, unblocks the largest bucket)",NONE,federated,0,,,OrigeneMCP/tools/tooluniverse/data/fda_drug_labeling_tools.json
origenemcp.tool.get_active_ingredient_application_number_manufacturer_name_ndc_number_administration_route_by_drug_name,get_active_ingredient_application_number_manufacturer_name_NDC_number_administration_route_by_drug_name,tool,OrigeneMCP,general,mcp,RESOLVED,False,"NEEDS_DISPATCHER - route resolved, MCP client not bound",no MCP dispatcher bound to this runtime,"bind an MCP client (1 integration point, unblocks the largest bucket)",NONE,federated,0,,,OrigeneMCP/tools/tooluniverse/data/fda_drug_labeling_tools.json
origenemcp.tool.get_active_ingredient_info_by_drug_name,get_active_ingredient_info_by_drug_name,tool,OrigeneMCP,general,mcp,RESOLVED,False,"NEEDS_DISPATCHER - route resolved, MCP client not bound",no MCP dispatcher bound to this runtime,"bind an MCP client (1 integration point, unblocks the largest bucket)",NONE,federated,0,,,OrigeneMCP/tools/tooluniverse/data/fda_drug_labeling_tools.json
origenemcp.tool.get_activity_by_id,get_activity_by_id,tool,OrigeneMCP,general,mcp,RESOLVED,False,"NEEDS_DISPATCHER - route resolved, MCP client not bound",no MCP dispatcher bound to this runtime,"bind an MCP client (1 integration point, unblocks the largest bucket)",NONE,federated,0,,,OrigeneMCP/tools/chembl/server.py
origenemcp.tool.get_activity_by_ids,get_activity_by_ids,tool,OrigeneMCP,general,mcp,RESOLVED,False,"NEEDS_DISPATCHER - route resolved, MCP client not bound",no MCP dispatcher bound to this runtime,"bind an MCP client (1 integration point, unblocks the largest bucket)",NONE,federated,0,,,OrigeneMCP/tools/chembl/server.py
origenemcp.tool.get_activity_supplementary_data_by_activity,get_activity_supplementary_data_by_activity,tool,OrigeneMCP,general,mcp,RESOLVED,False,"NEEDS_DISPATCHER - route resolved, MCP client not bound",no MCP dispatcher bound to this runtime,"bind an MCP client (1 integration point, unblocks the largest bucket)",NONE,federated,0,,,OrigeneMCP/tools/chembl/server.py
origenemcp.tool.get_activity_supplementary_data_by_activity_by_id,get_activity_supplementary_data_by_activity_by_id,tool,OrigeneMCP,general,mcp,RESOLVED,False,"NEEDS_DISPATCHER - route resolved, MCP client not bound",no MCP dispatcher bound to this runtime,"bind an MCP client (1 integration point, unblocks the largest bucket)",NONE,federated,0,,,OrigeneMCP/tools/chembl/server.py
origenemcp.tool.get_activity_supplementary_data_by_activity_by_ids,get_activity_supplementary_data_by_activity_by_ids,tool,OrigeneMCP,general,mcp,RESOLVED,False,"NEEDS_DISPATCHER - route resolved, MCP client not bound",no MCP dispatcher bound to this runtime,"bind an MCP client (1 integration point, unblocks the largest bucket)",NONE,federated,0,,,OrigeneMCP/tools/chembl/server.py
origenemcp.tool.get_adverse_reactions_by_drug_name,get_adverse_reactions_by_drug_name,tool,OrigeneMCP,general,mcp,RESOLVED,False,"NEEDS_DISPATCHER - route resolved, MCP client not bound",no MCP dispatcher bound to this runtime,"bind an MCP client (1 integration point, unblocks the largest bucket)",NONE,federated,0,,,OrigeneMCP/tools/tooluniverse/data/fda_drug_labeling_tools.json
origenemcp.tool.get_alarms_by_drug_name,get_alarms_by_drug_name,tool,OrigeneMCP,general,mcp,RESOLVED,False,"NEEDS_DISPATCHER - route resolved, MCP client not bound",no MCP dispatcher bound to this runtime,"bind an MCP client (1 integration point, unblocks the largest bucket)",NONE,federated,0,,,OrigeneMCP/tools/tooluniverse/data/fda_drug_labeling_tools.json
origenemcp.tool.get_alignment_region,get_alignment_region,tool,OrigeneMCP,wgs,mcp,RESOLVED,False,"NEEDS_DISPATCHER - route resolved, MCP client not bound",no MCP dispatcher bound to this runtime,"bind an MCP client (1 integration point, unblocks the largest bucket)",NONE,federated,0,,,OrigeneMCP/tools/ensembl/server.py
origenemcp.tool.get_all_interaction_partners_of_the_protein_set,get_all_interaction_partners_of_the_protein_set,tool,OrigeneMCP,general,mcp,RESOLVED,False,"NEEDS_DISPATCHER - route resolved, MCP client not bound",no MCP dispatcher bound to this runtime,"bind an MCP client (1 integration point, unblocks the largest bucket)",NONE,federated,0,,,OrigeneMCP/tools/STRING/server.py
origenemcp.tool.get_animal_pharmacology_info_by_drug_name,get_animal_pharmacology_info_by_drug_name,tool,OrigeneMCP,general,mcp,RESOLVED,False,"NEEDS_DISPATCHER - route resolved, MCP client not bound",no MCP dispatcher bound to this runtime,"bind an MCP client (1 integration point, unblocks the largest bucket)",NONE,federated,0,,,OrigeneMCP/tools/tooluniverse/data/fda_drug_labeling_tools.json
origenemcp.tool.get_approved_indications_by_drug_chemblid,get_approved_indications_by_drug_chemblId,tool,OrigeneMCP,general,mcp,RESOLVED,False,"NEEDS_DISPATCHER - route resolved, MCP client not bound",no MCP dispatcher bound to this runtime,"bind an MCP client (1 integration point, unblocks the largest bucket)",NONE,federated,0,,,OrigeneMCP/tools/tooluniverse/data/opentarget_tools.json
origenemcp.tool.get_archive_id,get_archive_id,tool,OrigeneMCP,general,mcp,RESOLVED,False,"NEEDS_DISPATCHER - route resolved, MCP client not bound",no MCP dispatcher bound to this runtime,"bind an MCP client (1 integration point, unblocks the largest bucket)",NONE,federated,0,,,OrigeneMCP/tools/ensembl/server.py
origenemcp.tool.get_assay,get_assay,tool,OrigeneMCP,general,mcp,RESOLVED,False,"NEEDS_DISPATCHER - route resolved, MCP client not bound",no MCP dispatcher bound to this runtime,"bind an MCP client (1 integration point, unblocks the largest bucket)",NONE,federated,0,,,OrigeneMCP/tools/chembl/server.py
origenemcp.tool.get_assay_by_id,get_assay_by_id,tool,OrigeneMCP,general,mcp,RESOLVED,False,"NEEDS_DISPATCHER - route resolved, MCP client not bound",no MCP dispatcher bound to this runtime,"bind an MCP client (1 integration point, unblocks the largest bucket)",NONE,federated,0,,,OrigeneMCP/tools/chembl/server.py
origenemcp.tool.get_assay_by_ids,get_assay_by_ids,tool,OrigeneMCP,general,mcp,RESOLVED,False,"NEEDS_DISPATCHER - route resolved, MCP client not bound",no MCP dispatcher bound to this runtime,"bind an MCP client (1 integration point, unblocks the largest bucket)",NONE,federated,0,,,OrigeneMCP/tools/chembl/server.py
origenemcp.tool.get_assay_class,get_assay_class,tool,OrigeneMCP,general,mcp,RESOLVED,False,"NEEDS_DISPATCHER - route resolved, MCP client not bound",no MCP dispatcher bound to this runtime,"bind an MCP client (1 integration point, unblocks the largest bucket)",NONE,federated,0,,,OrigeneMCP/tools/chembl/server.py
origenemcp.tool.get_assay_class_by_id,get_assay_class_by_id,tool,OrigeneMCP,general,mcp,RESOLVED,False,"NEEDS_DISPATCHER - route resolved, MCP client not bound",no MCP dispatcher bound to this runtime,"bind an MCP client (1 integration point, unblocks the largest bucket)",NONE,federated,0,,,OrigeneMCP/tools/chembl/server.py
origenemcp.tool.get_assay_class_by_ids,get_assay_class_by_ids,tool,OrigeneMCP,general,mcp,RESOLVED,False,"NEEDS_DISPATCHER - route resolved, MCP client not bound",no MCP dispatcher bound to this runtime,"bind an MCP client (1 integration point, unblocks the largest bucket)",NONE,federated,0,,,OrigeneMCP/tools/chembl/server.py
origenemcp.tool.get_assay_summary_by_cid,get_assay_summary_by_cid,tool,OrigeneMCP,literature,mcp,RESOLVED,False,"NEEDS_DISPATCHER - route resolved, MCP client not bound",no MCP dispatcher bound to this runtime,"bind an MCP client (1 integration point, unblocks the largest bucket)",NONE,federated,0,,,OrigeneMCP/tools/pubchem/server.py
origenemcp.tool.get_assay_summary_by_sid,get_assay_summary_by_sid,tool,OrigeneMCP,literature,mcp,RESOLVED,False,"NEEDS_DISPATCHER - route resolved, MCP client not bound",no MCP dispatcher bound to this runtime,"bind an MCP client (1 integration point, unblocks the largest bucket)",NONE,federated,0,,,OrigeneMCP/tools/pubchem/server.py
origenemcp.tool.get_assembly_installation_info_by_drug_name,get_assembly_installation_info_by_drug_name,tool,OrigeneMCP,general,mcp,RESOLVED,False,"NEEDS_DISPATCHER - route resolved, MCP client not bound",no MCP dispatcher bound to this runtime,"bind an MCP client (1 integration point, unblocks the largest bucket)",NONE,federated,0,,,OrigeneMCP/tools/tooluniverse/data/fda_drug_labeling_tools.json
origenemcp.tool.get_assembly_region_info,get_assembly_region_info,tool,OrigeneMCP,wgs,mcp,RESOLVED,False,"NEEDS_DISPATCHER - route resolved, MCP client not bound",no MCP dispatcher bound to this runtime,"bind an MCP client (1 integration point, unblocks the largest bucket)",NONE,federated,0,,,OrigeneMCP/tools/ensembl/server.py
origenemcp.tool.get_associated_diseases_by_drug_chemblid,get_associated_diseases_by_drug_chemblId,tool,OrigeneMCP,clinical,mcp,RESOLVED,False,"NEEDS_DISPATCHER - route resolved, MCP client not bound",no MCP dispatcher bound to this runtime,"bind an MCP client (1 integration point, unblocks the largest bucket)",NONE,federated,0,,,OrigeneMCP/tools/tooluniverse/data/opentarget_tools.json
origenemcp.tool.get_associated_diseases_by_drug_name,get_associated_diseases_by_drug_name,tool,OrigeneMCP,clinical,mcp,RESOLVED,False,"NEEDS_DISPATCHER - route resolved, MCP client not bound",no MCP dispatcher bound to this runtime,"bind an MCP client (1 integration point, unblocks the largest bucket)",NONE,federated,0,,,OrigeneMCP/tools/tooluniverse/server.py
origenemcp.tool.get_associated_diseases_phenotypes_by_target_ensemblid,get_associated_diseases_phenotypes_by_target_ensemblID,tool,OrigeneMCP,general,mcp,RESOLVED,False,"NEEDS_DISPATCHER - route resolved, MCP client not bound",no MCP dispatcher bound to this runtime,"bind an MCP client (1 integration point, unblocks the largest bucket)",NONE,federated,0,,,OrigeneMCP/tools/tooluniverse/data/opentarget_tools.json
origenemcp.tool.get_associated_diseases_phenotypes_by_target_name,get_associated_diseases_phenotypes_by_target_name,tool,OrigeneMCP,general,mcp,RESOLVED,False,"NEEDS_DISPATCHER - route resolved, MCP client not bound",no MCP dispatcher bound to this runtime,"bind an MCP client (1 integration point, unblocks the largest bucket)",NONE,federated,0,,,OrigeneMCP/tools/tooluniverse/server.py
origenemcp.tool.get_associated_drugs_by_disease_efoid,get_associated_drugs_by_disease_efoId,tool,OrigeneMCP,general,mcp,RESOLVED,False,"NEEDS_DISPATCHER - route resolved, MCP client not bound",no MCP dispatcher bound to this runtime,"bind an MCP client (1 integration point, unblocks the largest bucket)",NONE,federated,0,,,OrigeneMCP/tools/tooluniverse/data/opentarget_tools.json
origenemcp.tool.get_associated_drugs_by_disease_name,get_associated_drugs_by_disease_name,tool,OrigeneMCP,general,mcp,RESOLVED,False,"NEEDS_DISPATCHER - route resolved, MCP client not bound",no MCP dispatcher bound to this runtime,"bind an MCP client (1 integration point, unblocks the largest bucket)",NONE,federated,0,,,OrigeneMCP/tools/tooluniverse/server.py
origenemcp.tool.get_associated_drugs_by_target_ensemblid,get_associated_drugs_by_target_ensemblID,tool,OrigeneMCP,clinical,mcp,RESOLVED,False,"NEEDS_DISPATCHER - route resolved, MCP client not bound",no MCP dispatcher bound to this runtime,"bind an MCP client (1 integration point, unblocks the largest bucket)",NONE,federated,0,,,OrigeneMCP/tools/tooluniverse/data/opentarget_tools.json
origenemcp.tool.get_associated_drugs_by_target_name,get_associated_drugs_by_target_name,tool,OrigeneMCP,clinical,mcp,RESOLVED,False,"NEEDS_DISPATCHER - route resolved, MCP client not bound",no MCP dispatcher bound to this runtime,"bind an MCP client (1 integration point, unblocks the largest bucket)",NONE,federated,0,,,OrigeneMCP/tools/tooluniverse/server.py
origenemcp.tool.get_associated_phenotypes_by_disease_efoid,get_associated_phenotypes_by_disease_efoId,tool,OrigeneMCP,general,mcp,RESOLVED,False,"NEEDS_DISPATCHER - route resolved, MCP client not bound",no MCP dispatcher bound to this runtime,"bind an MCP client (1 integration point, unblocks the largest bucket)",NONE,federated,0,,,OrigeneMCP/tools/tooluniverse/data/opentarget_tools.json
origenemcp.tool.get_associated_phenotypes_by_disease_name,get_associated_phenotypes_by_disease_name,tool,OrigeneMCP,general,mcp,RESOLVED,False,"NEEDS_DISPATCHER - route resolved, MCP client not bound",no MCP dispatcher bound to this runtime,"bind an MCP client (1 integration point, unblocks the largest bucket)",NONE,federated,0,,,OrigeneMCP/tools/tooluniverse/server.py
origenemcp.tool.get_associated_targets_by_disease_efoid,get_associated_targets_by_disease_efoId,tool,OrigeneMCP,general,mcp,RESOLVED,False,"NEEDS_DISPATCHER - route resolved, MCP client not bound",no MCP dispatcher bound to this runtime,"bind an MCP client (1 integration point, unblocks the largest bucket)",NONE,federated,0,,,OrigeneMCP/tools/tooluniverse/data/opentarget_tools.json
origenemcp.tool.get_associated_targets_by_disease_name,get_associated_targets_by_disease_name,tool,OrigeneMCP,general,mcp,RESOLVED,False,"NEEDS_DISPATCHER - route resolved, MCP client not bound",no MCP dispatcher bound to this runtime,"bind an MCP client (1 integration point, unblocks the largest bucket)",NONE,federated,0,,,OrigeneMCP/tools/tooluniverse/server.py
origenemcp.tool.get_associated_targets_by_drug_chemblid,get_associated_targets_by_drug_chemblId,tool,OrigeneMCP,general,mcp,RESOLVED,False,"NEEDS_DISPATCHER - route resolved, MCP client not bound",no MCP dispatcher bound to this runtime,"bind an MCP client (1 integration point, unblocks the largest bucket)",NONE,federated,0,,,OrigeneMCP/tools/tooluniverse/data/opentarget_tools.json
origenemcp.tool.get_associated_targets_by_drug_name,get_associated_targets_by_drug_name,tool,OrigeneMCP,general,mcp,RESOLVED,False,"NEEDS_DISPATCHER - route resolved, MCP client not bound",no MCP dispatcher bound to this runtime,"bind an MCP client (1 integration point, unblocks the largest bucket)",NONE,federated,0,,,OrigeneMCP/tools/tooluniverse/server.py
origenemcp.tool.get_atc_class,get_atc_class,tool,OrigeneMCP,general,mcp,RESOLVED,False,"NEEDS_DISPATCHER - route resolved, MCP client not bound",no MCP dispatcher bound to this runtime,"bind an MCP client (1 integration point, unblocks the largest bucket)",NONE,federated,0,,,OrigeneMCP/tools/chembl/server.py
origenemcp.tool.get_atc_class_by_id,get_atc_class_by_id,tool,OrigeneMCP,general,mcp,RESOLVED,False,"NEEDS_DISPATCHER - route resolved, MCP client not bound",no MCP dispatcher bound to this runtime,"bind an MCP client (1 integration point, unblocks the largest bucket)",NONE,federated,0,,,OrigeneMCP/tools/chembl/server.py
origenemcp.tool.get_atc_class_by_ids,get_atc_class_by_ids,tool,OrigeneMCP,general,mcp,RESOLVED,False,"NEEDS_DISPATCHER - route resolved, MCP client not bound",no MCP dispatcher bound to this runtime,"bind an MCP client (1 integration point, unblocks the largest bucket)",NONE,federated,0,,,OrigeneMCP/tools/chembl/server.py
origenemcp.tool.get_best_similarity_hits_between_species,get_best_similarity_hits_between_species,tool,OrigeneMCP,general,mcp,RESOLVED,False,"NEEDS_DISPATCHER - route resolved, MCP client not bound",no MCP dispatcher bound to this runtime,"bind an MCP client (1 integration point, unblocks the largest bucket)",NONE,federated,0,,,OrigeneMCP/tools/STRING/server.py
origenemcp.tool.get_binding_site,get_binding_site,tool,OrigeneMCP,general,mcp,RESOLVED,False,"NEEDS_DISPATCHER - route resolved, MCP client not bound",no MCP dispatcher bound to this runtime,"bind an MCP client (1 integration point, unblocks the largest bucket)",NONE,federated,0,,,OrigeneMCP/tools/chembl/server.py
origenemcp.tool.get_binding_site_by_id,get_binding_site_by_id,tool,OrigeneMCP,general,mcp,RESOLVED,False,"NEEDS_DISPATCHER - route resolved, MCP client not bound",no MCP dispatcher bound to this runtime,"bind an MCP client (1 integration point, unblocks the largest bucket)",NONE,federated,0,,,OrigeneMCP/tools/chembl/server.py
origenemcp.tool.get_binding_site_by_ids,get_binding_site_by_ids,tool,OrigeneMCP,general,mcp,RESOLVED,False,"NEEDS_DISPATCHER - route resolved, MCP client not bound",no MCP dispatcher bound to this runtime,"bind an MCP client (1 integration point, unblocks the largest bucket)",NONE,federated,0,,,OrigeneMCP/tools/chembl/server.py
origenemcp.tool.get_biological_mouse_models_by_ensemblid,get_biological_mouse_models_by_ensemblID,tool,OrigeneMCP,general,mcp,RESOLVED,False,"NEEDS_DISPATCHER - route resolved, MCP client not bound",no MCP dispatcher bound to this runtime,"bind an MCP client (1 integration point, unblocks the largest bucket)",NONE,federated,0,,,OrigeneMCP/tools/tooluniverse/data/opentarget_tools.json
origenemcp.tool.get_biological_mouse_models_by_target_name,get_biological_mouse_models_by_target_name,tool,OrigeneMCP,general,mcp,RESOLVED,False,"NEEDS_DISPATCHER - route resolved, MCP client not bound",no MCP dispatcher bound to this runtime,"bind an MCP client (1 integration point, unblocks the largest bucket)",NONE,federated,0,,,OrigeneMCP/tools/tooluniverse/server.py
origenemcp.tool.get_biosample_report,get_biosample_report,tool,OrigeneMCP,general,mcp,RESOLVED,False,"NEEDS_DISPATCHER - route resolved, MCP client not bound",no MCP dispatcher bound to this runtime,"bind an MCP client (1 integration point, unblocks the largest bucket)",NONE,federated,0,,,OrigeneMCP/tools/ncbi/server.py
origenemcp.tool.get_biotherapeutic,get_biotherapeutic,tool,OrigeneMCP,general,mcp,RESOLVED,False,"NEEDS_DISPATCHER - route resolved, MCP client not bound",no MCP dispatcher bound to this runtime,"bind an MCP client (1 integration point, unblocks the largest bucket)",NONE,federated,0,,,OrigeneMCP/tools/chembl/server.py
origenemcp.tool.get_biotherapeutic_by_id,get_biotherapeutic_by_id,tool,OrigeneMCP,chemistry,mcp,RESOLVED,False,"NEEDS_DISPATCHER - route resolved, MCP client not bound",no MCP dispatcher bound to this runtime,"bind an MCP client (1 integration point, unblocks the largest bucket)",NONE,federated,0,,,OrigeneMCP/tools/chembl/server.py
origenemcp.tool.get_biotherapeutic_by_ids,get_biotherapeutic_by_ids,tool,OrigeneMCP,chemistry,mcp,RESOLVED,False,"NEEDS_DISPATCHER - route resolved, MCP client not bound",no MCP dispatcher bound to this runtime,"bind an MCP client (1 integration point, unblocks the largest bucket)",NONE,federated,0,,,OrigeneMCP/tools/chembl/server.py
origenemcp.tool.get_boxed_warning_info_by_drug_name,get_boxed_warning_info_by_drug_name,tool,OrigeneMCP,general,mcp,RESOLVED,False,"NEEDS_DISPATCHER - route resolved, MCP client not bound",no MCP dispatcher bound to this runtime,"bind an MCP client (1 integration point, unblocks the largest bucket)",NONE,federated,0,,,OrigeneMCP/tools/tooluniverse/data/fda_drug_labeling_tools.json
origenemcp.tool.get_brand_name_generic_name,get_brand_name_generic_name,tool,OrigeneMCP,general,mcp,RESOLVED,False,"NEEDS_DISPATCHER - route resolved, MCP client not bound",no MCP dispatcher bound to this runtime,"bind an MCP client (1 integration point, unblocks the largest bucket)",NONE,federated,0,,,OrigeneMCP/tools/tooluniverse/data/fda_drug_labeling_tools.json
origenemcp.tool.get_cafe_genetree_id,get_cafe_genetree_id,tool,OrigeneMCP,general,mcp,RESOLVED,False,"NEEDS_DISPATCHER - route resolved, MCP client not bound",no MCP dispatcher bound to this runtime,"bind an MCP client (1 integration point, unblocks the largest bucket)",NONE,federated,0,,,OrigeneMCP/tools/ensembl/server.py
origenemcp.tool.get_cafe_genetree_member_id,get_cafe_genetree_member_id,tool,OrigeneMCP,general,mcp,RESOLVED,False,"NEEDS_DISPATCHER - route resolved, MCP client not bound",no MCP dispatcher bound to this runtime,"bind an MCP client (1 integration point, unblocks the largest bucket)",NONE,federated,0,,,OrigeneMCP/tools/ensembl/server.py
origenemcp.tool.get_cafe_genetree_member_symbol,get_cafe_genetree_member_symbol,tool,OrigeneMCP,general,mcp,RESOLVED,False,"NEEDS_DISPATCHER - route resolved, MCP client not bound",no MCP dispatcher bound to this runtime,"bind an MCP client (1 integration point, unblocks the largest bucket)",NONE,federated,0,,,OrigeneMCP/tools/ensembl/server.py
origenemcp.tool.get_calibration_instructions_by_drug_name,get_calibration_instructions_by_drug_name,tool,OrigeneMCP,general,mcp,RESOLVED,False,"NEEDS_DISPATCHER - route resolved, MCP client not bound",no MCP dispatcher bound to this runtime,"bind an MCP client (1 integration point, unblocks the largest bucket)",NONE,federated,0,,,OrigeneMCP/tools/tooluniverse/data/fda_drug_labeling_tools.json
origenemcp.tool.get_carcinogenic_mutagenic_fertility_impairment_info_by_drug_name,get_carcinogenic_mutagenic_fertility_impairment_info_by_drug_name,tool,OrigeneMCP,general,mcp,RESOLVED,False,"NEEDS_DISPATCHER - route resolved, MCP client not bound",no MCP dispatcher bound to this runtime,"bind an MCP client (1 integration point, unblocks the largest bucket)",NONE,federated,0,,,OrigeneMCP/tools/tooluniverse/data/fda_drug_labeling_tools.json
origenemcp.tool.get_cell_line,get_cell_line,tool,OrigeneMCP,general,mcp,RESOLVED,False,"NEEDS_DISPATCHER - route resolved, MCP client not bound",no MCP dispatcher bound to this runtime,"bind an MCP client (1 integration point, unblocks the largest bucket)",NONE,federated,0,,,OrigeneMCP/tools/chembl/server.py
origenemcp.tool.get_cell_line_by_id,get_cell_line_by_id,tool,OrigeneMCP,scrnaseq,mcp,RESOLVED,False,"NEEDS_DISPATCHER - route resolved, MCP client not bound",no MCP dispatcher bound to this runtime,"bind an MCP client (1 integration point, unblocks the largest bucket)",NONE,federated,0,,,OrigeneMCP/tools/chembl/server.py
origenemcp.tool.get_cell_line_by_ids,get_cell_line_by_ids,tool,OrigeneMCP,general,mcp,RESOLVED,False,"NEEDS_DISPATCHER - route resolved, MCP client not bound",no MCP dispatcher bound to this runtime,"bind an MCP client (1 integration point, unblocks the largest bucket)",NONE,federated,0,,,OrigeneMCP/tools/chembl/server.py
origenemcp.tool.get_chembl_id_lookup_by_id,get_chembl_id_lookup_by_id,tool,OrigeneMCP,general,mcp,RESOLVED,False,"NEEDS_DISPATCHER - route resolved, MCP client not bound",no MCP dispatcher bound to this runtime,"bind an MCP client (1 integration point, unblocks the largest bucket)",NONE,federated,0,,,OrigeneMCP/tools/chembl/server.py
origenemcp.tool.get_chembl_id_lookup_by_ids,get_chembl_id_lookup_by_ids,tool,OrigeneMCP,general,mcp,RESOLVED,False,"NEEDS_DISPATCHER - route resolved, MCP client not bound",no MCP dispatcher bound to this runtime,"bind an MCP client (1 integration point, unblocks the largest bucket)",NONE,federated,0,,,OrigeneMCP/tools/chembl/server.py
origenemcp.tool.get_chembl_release,get_chembl_release,tool,OrigeneMCP,general,mcp,RESOLVED,False,"NEEDS_DISPATCHER - route resolved, MCP client not bound",no MCP dispatcher bound to this runtime,"bind an MCP client (1 integration point, unblocks the largest bucket)",NONE,federated,0,,,OrigeneMCP/tools/chembl/server.py
origenemcp.tool.get_chembl_release_by_id,get_chembl_release_by_id,tool,OrigeneMCP,general,mcp,RESOLVED,False,"NEEDS_DISPATCHER - route resolved, MCP client not bound",no MCP dispatcher bound to this runtime,"bind an MCP client (1 integration point, unblocks the largest bucket)",NONE,federated,0,,,OrigeneMCP/tools/chembl/server.py
origenemcp.tool.get_chembl_release_by_ids,get_chembl_release_by_ids,tool,OrigeneMCP,general,mcp,RESOLVED,False,"NEEDS_DISPATCHER - route resolved, MCP client not bound",no MCP dispatcher bound to this runtime,"bind an MCP client (1 integration point, unblocks the largest bucket)",NONE,federated,0,,,OrigeneMCP/tools/chembl/server.py
origenemcp.tool.get_chemical_probes_by_target_ensemblid,get_chemical_probes_by_target_ensemblID,tool,OrigeneMCP,general,mcp,RESOLVED,False,"NEEDS_DISPATCHER - route resolved, MCP client not bound",no MCP dispatcher bound to this runtime,"bind an MCP client (1 integration point, unblocks the largest bucket)",NONE,federated,0,,,OrigeneMCP/tools/tooluniverse/data/opentarget_tools.json
origenemcp.tool.get_chemical_probes_by_target_name,get_chemical_probes_by_target_name,tool,OrigeneMCP,general,mcp,RESOLVED,False,"NEEDS_DISPATCHER - route resolved, MCP client not bound",no MCP dispatcher bound to this runtime,"bind an MCP client (1 integration point, unblocks the largest bucket)",NONE,federated,0,,,OrigeneMCP/tools/tooluniverse/server.py
origenemcp.tool.get_child_safety_info_by_drug_name,get_child_safety_info_by_drug_name,tool,OrigeneMCP,general,mcp,RESOLVED,False,"NEEDS_DISPATCHER - route resolved, MCP client not bound",no MCP dispatcher bound to this runtime,"bind an MCP client (1 integration point, unblocks the largest bucket)",NONE,federated,0,,,OrigeneMCP/tools/tooluniverse/data/fda_drug_labeling_tools.json
origenemcp.tool.get_chromosome_sequence,get_chromosome_sequence,tool,OrigeneMCP,wgs,mcp,RESOLVED,False,"NEEDS_DISPATCHER - route resolved, MCP client not bound",no MCP dispatcher bound to this runtime,"bind an MCP client (1 integration point, unblocks the largest bucket)",NONE,federated,0,,,OrigeneMCP/tools/ucsc/server.py
origenemcp.tool.get_chromosome_summary,get_chromosome_summary,tool,OrigeneMCP,general,mcp,RESOLVED,False,"NEEDS_DISPATCHER - route resolved, MCP client not bound",no MCP dispatcher bound to this runtime,"bind an MCP client (1 integration point, unblocks the largest bucket)",NONE,federated,0,,,OrigeneMCP/tools/ncbi/server.py
origenemcp.tool.get_cids_by_formula,get_cids_by_formula,tool,OrigeneMCP,chemistry,mcp,RESOLVED,False,"NEEDS_DISPATCHER - route resolved, MCP client not bound",no MCP dispatcher bound to this runtime,"bind an MCP client (1 integration point, unblocks the largest bucket)",NONE,federated,0,,,OrigeneMCP/tools/pubchem/server.py
origenemcp.tool.get_cids_by_smiles,get_cids_by_smiles,tool,OrigeneMCP,chemistry,mcp,RESOLVED,False,"NEEDS_DISPATCHER - route resolved, MCP client not bound",no MCP dispatcher bound to this runtime,"bind an MCP client (1 integration point, unblocks the largest bucket)",NONE,federated,0,,,OrigeneMCP/tools/pubchem/server.py
origenemcp.tool.get_clinical_pharmacology_by_drug_name,get_clinical_pharmacology_by_drug_name,tool,OrigeneMCP,general,mcp,RESOLVED,False,"NEEDS_DISPATCHER - route resolved, MCP client not bound",no MCP dispatcher bound to this runtime,"bind an MCP client (1 integration point, unblocks the largest bucket)",NONE,federated,0,,,OrigeneMCP/tools/tooluniverse/data/fda_drug_labeling_tools.json
origenemcp.tool.get_clinical_studies_info_by_drug_name,get_clinical_studies_info_by_drug_name,tool,OrigeneMCP,general,mcp,RESOLVED,False,"NEEDS_DISPATCHER - route resolved, MCP client not bound",no MCP dispatcher bound to this runtime,"bind an MCP client (1 integration point, unblocks the largest bucket)",NONE,federated,0,,,OrigeneMCP/tools/tooluniverse/data/fda_drug_labeling_tools.json
origenemcp.tool.get_compound_by_cid,get_compound_by_cid,tool,OrigeneMCP,general,mcp,RESOLVED,False,"NEEDS_DISPATCHER - route resolved, MCP client not bound",no MCP dispatcher bound to this runtime,"bind an MCP client (1 integration point, unblocks the largest bucket)",NONE,federated,0,,,OrigeneMCP/tools/pubchem/server.py
origenemcp.tool.get_compound_by_name,get_compound_by_name,tool,OrigeneMCP,general,mcp,RESOLVED,False,"NEEDS_DISPATCHER - route resolved, MCP client not bound",no MCP dispatcher bound to this runtime,"bind an MCP client (1 integration point, unblocks the largest bucket)",NONE,federated,0,,,OrigeneMCP/tools/pubchem/server.py
origenemcp.tool.get_compound_chembl_id_by_name,get_compound_chembl_id_by_name,tool,OrigeneMCP,general,mcp,RESOLVED,False,"NEEDS_DISPATCHER - route resolved, MCP client not bound",no MCP dispatcher bound to this runtime,"bind an MCP client (1 integration point, unblocks the largest bucket)",NONE,federated,0,,,OrigeneMCP/tools/chembl/server.py
origenemcp.tool.get_compound_dict,get_compound_dict,tool,OrigeneMCP,general,mcp,RESOLVED,False,"NEEDS_DISPATCHER - route resolved, MCP client not bound",no MCP dispatcher bound to this runtime,"bind an MCP client (1 integration point, unblocks the largest bucket)",NONE,federated,0,,,OrigeneMCP/tools/pubchem/server.py
origenemcp.tool.get_compound_property_by_name,get_compound_property_by_name,tool,OrigeneMCP,chemistry,mcp,RESOLVED,False,"NEEDS_DISPATCHER - route resolved, MCP client not bound",no MCP dispatcher bound to this runtime,"bind an MCP client (1 integration point, unblocks the largest bucket)",NONE,federated,0,,,OrigeneMCP/tools/pubchem/server.py
origenemcp.tool.get_compound_record,get_compound_record,tool,OrigeneMCP,general,mcp,RESOLVED,False,"NEEDS_DISPATCHER - route resolved, MCP client not bound",no MCP dispatcher bound to this runtime,"bind an MCP client (1 integration point, unblocks the largest bucket)",NONE,federated,0,,,OrigeneMCP/tools/chembl/server.py
origenemcp.tool.get_compound_record_by_id,get_compound_record_by_id,tool,OrigeneMCP,general,mcp,RESOLVED,False,"NEEDS_DISPATCHER - route resolved, MCP client not bound",no MCP dispatcher bound to this runtime,"bind an MCP client (1 integration point, unblocks the largest bucket)",NONE,federated,0,,,OrigeneMCP/tools/chembl/server.py
origenemcp.tool.get_compound_record_by_ids,get_compound_record_by_ids,tool,OrigeneMCP,general,mcp,RESOLVED,False,"NEEDS_DISPATCHER - route resolved, MCP client not bound",no MCP dispatcher bound to this runtime,"bind an MCP client (1 integration point, unblocks the largest bucket)",NONE,federated,0,,,OrigeneMCP/tools/chembl/server.py
origenemcp.tool.get_compound_structural_alert,get_compound_structural_alert,tool,OrigeneMCP,general,mcp,RESOLVED,False,"NEEDS_DISPATCHER - route resolved, MCP client not bound",no MCP dispatcher bound to this runtime,"bind an MCP client (1 integration point, unblocks the largest bucket)",NONE,federated,0,,,OrigeneMCP/tools/chembl/server.py
origenemcp.tool.get_compound_structural_alert_by_id,get_compound_structural_alert_by_id,tool,OrigeneMCP,general,mcp,RESOLVED,False,"NEEDS_DISPATCHER - route resolved, MCP client not bound",no MCP dispatcher bound to this runtime,"bind an MCP client (1 integration point, unblocks the largest bucket)",NONE,federated,0,,,OrigeneMCP/tools/chembl/server.py
origenemcp.tool.get_compound_structural_alert_by_ids,get_compound_structural_alert_by_ids,tool,OrigeneMCP,general,mcp,RESOLVED,False,"NEEDS_DISPATCHER - route resolved, MCP client not bound",no MCP dispatcher bound to this runtime,"bind an MCP client (1 integration point, unblocks the largest bucket)",NONE,federated,0,,,OrigeneMCP/tools/chembl/server.py
origenemcp.tool.get_compound_synonyms_by_name,get_compound_synonyms_by_name,tool,OrigeneMCP,general,mcp,RESOLVED,False,"NEEDS_DISPATCHER - route resolved, MCP client not bound",no MCP dispatcher bound to this runtime,"bind an MCP client (1 integration point, unblocks the largest bucket)",NONE,federated,0,,,OrigeneMCP/tools/pubchem/server.py
origenemcp.tool.get_compounds_3d,get_compounds_3d,tool,OrigeneMCP,general,mcp,RESOLVED,False,"NEEDS_DISPATCHER - route resolved, MCP client not bound",no MCP dispatcher bound to this runtime,"bind an MCP client (1 integration point, unblocks the largest bucket)",NONE,federated,0,,,OrigeneMCP/tools/pubchem/server.py
origenemcp.tool.get_compounds_by_formula,get_compounds_by_formula,tool,OrigeneMCP,chemistry,mcp,RESOLVED,False,"NEEDS_DISPATCHER - route resolved, MCP client not bound",no MCP dispatcher bound to this runtime,"bind an MCP client (1 integration point, unblocks the largest bucket)",NONE,federated,0,,,OrigeneMCP/tools/pubchem/server.py
origenemcp.tool.get_compounds_by_smiles,get_compounds_by_smiles,tool,OrigeneMCP,chemistry,mcp,RESOLVED,False,"NEEDS_DISPATCHER - route resolved, MCP client not bound",no MCP dispatcher bound to this runtime,"bind an MCP client (1 integration point, unblocks the largest bucket)",NONE,federated,0,,,OrigeneMCP/tools/pubchem/server.py
origenemcp.tool.get_compounds_dict,get_compounds_dict,tool,OrigeneMCP,general,mcp,RESOLVED,False,"NEEDS_DISPATCHER - route resolved, MCP client not bound",no MCP dispatcher bound to this runtime,"bind an MCP client (1 integration point, unblocks the largest bucket)",NONE,federated,0,,,OrigeneMCP/tools/pubchem/server.py
origenemcp.tool.get_conformers_by_cid,get_conformers_by_cid,tool,OrigeneMCP,general,mcp,RESOLVED,False,"NEEDS_DISPATCHER - route resolved, MCP client not bound",no MCP dispatcher bound to this runtime,"bind an MCP client (1 integration point, unblocks the largest bucket)",NONE,federated,0,,,OrigeneMCP/tools/pubchem/server.py
origenemcp.tool.get_contact_for_questions_info_by_drug_name,get_contact_for_questions_info_by_drug_name,tool,OrigeneMCP,general,mcp,RESOLVED,False,"NEEDS_DISPATCHER - route resolved, MCP client not bound",no MCP dispatcher bound to this runtime,"bind an MCP client (1 integration point, unblocks the largest bucket)",NONE,federated,0,,,OrigeneMCP/tools/tooluniverse/data/fda_drug_labeling_tools.json
origenemcp.tool.get_contraindications_by_drug_name,get_contraindications_by_drug_name,tool,OrigeneMCP,general,mcp,RESOLVED,False,"NEEDS_DISPATCHER - route resolved, MCP client not bound",no MCP dispatcher bound to this runtime,"bind an MCP client (1 integration point, unblocks the largest bucket)",NONE,federated,0,,,OrigeneMCP/tools/tooluniverse/data/fda_drug_labeling_tools.json
origenemcp.tool.get_controlled_substance_dea_schedule_info_by_drug_name,get_controlled_substance_DEA_schedule_info_by_drug_name,tool,OrigeneMCP,general,mcp,RESOLVED,False,"NEEDS_DISPATCHER - route resolved, MCP client not bound",no MCP dispatcher bound to this runtime,"bind an MCP client (1 integration point, unblocks the largest bucket)",NONE,federated,0,,,OrigeneMCP/tools/tooluniverse/data/fda_drug_labeling_tools.json
origenemcp.tool.get_cytoband,get_cytoband,tool,OrigeneMCP,wgs,mcp,RESOLVED,False,"NEEDS_DISPATCHER - route resolved, MCP client not bound",no MCP dispatcher bound to this runtime,"bind an MCP client (1 integration point, unblocks the largest bucket)",NONE,federated,0,,,OrigeneMCP/tools/ucsc/server.py
origenemcp.tool.get_dear_health_care_provider_letter_info_by_drug_name,get_dear_health_care_provider_letter_info_by_drug_name,tool,OrigeneMCP,general,mcp,RESOLVED,False,"NEEDS_DISPATCHER - route resolved, MCP client not bound",no MCP dispatcher bound to this runtime,"bind an MCP client (1 integration point, unblocks the largest bucket)",NONE,federated,0,,,OrigeneMCP/tools/tooluniverse/data/fda_drug_labeling_tools.json
origenemcp.tool.get_description_by_aid,get_description_by_aid,tool,OrigeneMCP,general,mcp,RESOLVED,False,"NEEDS_DISPATCHER - route resolved, MCP client not bound",no MCP dispatcher bound to this runtime,"bind an MCP client (1 integration point, unblocks the largest bucket)",NONE,federated,0,,,OrigeneMCP/tools/pubchem/server.py
origenemcp.tool.get_description_by_cid,get_description_by_cid,tool,OrigeneMCP,general,mcp,RESOLVED,False,"NEEDS_DISPATCHER - route resolved, MCP client not bound",no MCP dispatcher bound to this runtime,"bind an MCP client (1 integration point, unblocks the largest bucket)",NONE,federated,0,,,OrigeneMCP/tools/pubchem/server.py
origenemcp.tool.get_description_by_sid,get_description_by_sid,tool,OrigeneMCP,general,mcp,RESOLVED,False,"NEEDS_DISPATCHER - route resolved, MCP client not bound",no MCP dispatcher bound to this runtime,"bind an MCP client (1 integration point, unblocks the largest bucket)",NONE,federated,0,,,OrigeneMCP/tools/pubchem/server.py
origenemcp.tool.get_disease_ancestors_parents_by_efoid,get_disease_ancestors_parents_by_efoId,tool,OrigeneMCP,general,mcp,RESOLVED,False,"NEEDS_DISPATCHER - route resolved, MCP client not bound",no MCP dispatcher bound to this runtime,"bind an MCP client (1 integration point, unblocks the largest bucket)",NONE,federated,0,,,OrigeneMCP/tools/tooluniverse/data/opentarget_tools.json
origenemcp.tool.get_disease_ancestors_parents_by_name,get_disease_ancestors_parents_by_name,tool,OrigeneMCP,general,mcp,RESOLVED,False,"NEEDS_DISPATCHER - route resolved, MCP client not bound",no MCP dispatcher bound to this runtime,"bind an MCP client (1 integration point, unblocks the largest bucket)",NONE,federated,0,,,OrigeneMCP/tools/tooluniverse/server.py
origenemcp.tool.get_disease_descendants_children_by_efoid,get_disease_descendants_children_by_efoId,tool,OrigeneMCP,general,mcp,RESOLVED,False,"NEEDS_DISPATCHER - route resolved, MCP client not bound",no MCP dispatcher bound to this runtime,"bind an MCP client (1 integration point, unblocks the largest bucket)",NONE,federated,0,,,OrigeneMCP/tools/tooluniverse/data/opentarget_tools.json
origenemcp.tool.get_disease_descendants_children_by_name,get_disease_descendants_children_by_name,tool,OrigeneMCP,general,mcp,RESOLVED,False,"NEEDS_DISPATCHER - route resolved, MCP client not bound",no MCP dispatcher bound to this runtime,"bind an MCP client (1 integration point, unblocks the largest bucket)",NONE,federated,0,,,OrigeneMCP/tools/tooluniverse/server.py
origenemcp.tool.get_disease_description_by_efoid,get_disease_description_by_efoId,tool,OrigeneMCP,general,mcp,RESOLVED,False,"NEEDS_DISPATCHER - route resolved, MCP client not bound",no MCP dispatcher bound to this runtime,"bind an MCP client (1 integration point, unblocks the largest bucket)",NONE,federated,0,,,OrigeneMCP/tools/tooluniverse/data/opentarget_tools.json
origenemcp.tool.get_disease_description_by_name,get_disease_description_by_name,tool,OrigeneMCP,general,mcp,RESOLVED,False,"NEEDS_DISPATCHER - route resolved, MCP client not bound",no MCP dispatcher bound to this runtime,"bind an MCP client (1 integration point, unblocks the largest bucket)",NONE,federated,0,,,OrigeneMCP/tools/tooluniverse/server.py
origenemcp.tool.get_disease_efo_id,get_disease_efo_id,tool,OrigeneMCP,general,mcp,RESOLVED,False,"NEEDS_DISPATCHER - route resolved, MCP client not bound",no MCP dispatcher bound to this runtime,"bind an MCP client (1 integration point, unblocks the largest bucket)",NONE,federated,0,,,OrigeneMCP/tools/tooluniverse/server.py
origenemcp.tool.get_disease_id_description_by_name,get_disease_id_description_by_name,tool,OrigeneMCP,general,mcp,RESOLVED,False,"NEEDS_DISPATCHER - route resolved, MCP client not bound",no MCP dispatcher bound to this runtime,"bind an MCP client (1 integration point, unblocks the largest bucket)",NONE,federated,0,,,OrigeneMCP/tools/tooluniverse/data/opentarget_tools.json
origenemcp.tool.get_disease_locations_by_efoid,get_disease_locations_by_efoId,tool,OrigeneMCP,general,mcp,RESOLVED,False,"NEEDS_DISPATCHER - route resolved, MCP client not bound",no MCP dispatcher bound to this runtime,"bind an MCP client (1 integration point, unblocks the largest bucket)",NONE,federated,0,,,OrigeneMCP/tools/tooluniverse/data/opentarget_tools.json
origenemcp.tool.get_disease_locations_by_name,get_disease_locations_by_name,tool,OrigeneMCP,general,mcp,RESOLVED,False,"NEEDS_DISPATCHER - route resolved, MCP client not bound",no MCP dispatcher bound to this runtime,"bind an MCP client (1 integration point, unblocks the largest bucket)",NONE,federated,0,,,OrigeneMCP/tools/tooluniverse/server.py
origenemcp.tool.get_disease_synonyms_by_efoid,get_disease_synonyms_by_efoId,tool,OrigeneMCP,general,mcp,RESOLVED,False,"NEEDS_DISPATCHER - route resolved, MCP client not bound",no MCP dispatcher bound to this runtime,"bind an MCP client (1 integration point, unblocks the largest bucket)",NONE,federated,0,,,OrigeneMCP/tools/tooluniverse/data/opentarget_tools.json
origenemcp.tool.get_disease_synonyms_by_name,get_disease_synonyms_by_name,tool,OrigeneMCP,general,mcp,RESOLVED,False,"NEEDS_DISPATCHER - route resolved, MCP client not bound",no MCP dispatcher bound to this runtime,"bind an MCP client (1 integration point, unblocks the largest bucket)",NONE,federated,0,,,OrigeneMCP/tools/tooluniverse/server.py
origenemcp.tool.get_disease_therapeutic_areas_by_efoid,get_disease_therapeutic_areas_by_efoId,tool,OrigeneMCP,general,mcp,RESOLVED,False,"NEEDS_DISPATCHER - route resolved, MCP client not bound",no MCP dispatcher bound to this runtime,"bind an MCP client (1 integration point, unblocks the largest bucket)",NONE,federated,0,,,OrigeneMCP/tools/tooluniverse/data/opentarget_tools.json
origenemcp.tool.get_disease_therapeutic_areas_by_name,get_disease_therapeutic_areas_by_name,tool,OrigeneMCP,general,mcp,RESOLVED,False,"NEEDS_DISPATCHER - route resolved, MCP client not bound",no MCP dispatcher bound to this runtime,"bind an MCP client (1 integration point, unblocks the largest bucket)",NONE,federated,0,,,OrigeneMCP/tools/tooluniverse/server.py
origenemcp.tool.get_disposal_info_by_drug_name,get_disposal_info_by_drug_name,tool,OrigeneMCP,general,mcp,RESOLVED,False,"NEEDS_DISPATCHER - route resolved, MCP client not bound",no MCP dispatcher bound to this runtime,"bind an MCP client (1 integration point, unblocks the largest bucket)",NONE,federated,0,,,OrigeneMCP/tools/tooluniverse/data/fda_drug_labeling_tools.json
origenemcp.tool.get_do_not_use_info_by_drug_name,get_do_not_use_info_by_drug_name,tool,OrigeneMCP,general,mcp,RESOLVED,False,"NEEDS_DISPATCHER - route resolved, MCP client not bound",no MCP dispatcher bound to this runtime,"bind an MCP client (1 integration point, unblocks the largest bucket)",NONE,federated,0,,,OrigeneMCP/tools/tooluniverse/data/fda_drug_labeling_tools.json
origenemcp.tool.get_document,get_document,tool,OrigeneMCP,general,mcp,RESOLVED,False,"NEEDS_DISPATCHER - route resolved, MCP client not bound",no MCP dispatcher bound to this runtime,"bind an MCP client (1 integration point, unblocks the largest bucket)",NONE,federated,0,,,OrigeneMCP/tools/chembl/server.py
origenemcp.tool.get_document_by_id,get_document_by_id,tool,OrigeneMCP,general,mcp,RESOLVED,False,"NEEDS_DISPATCHER - route resolved, MCP client not bound",no MCP dispatcher bound to this runtime,"bind an MCP client (1 integration point, unblocks the largest bucket)",NONE,federated,0,,,OrigeneMCP/tools/chembl/server.py
origenemcp.tool.get_document_by_ids,get_document_by_ids,tool,OrigeneMCP,general,mcp,RESOLVED,False,"NEEDS_DISPATCHER - route resolved, MCP client not bound",no MCP dispatcher bound to this runtime,"bind an MCP client (1 integration point, unblocks the largest bucket)",NONE,federated,0,,,OrigeneMCP/tools/chembl/server.py
origenemcp.tool.get_document_id_by_drug_name,get_document_id_by_drug_name,tool,OrigeneMCP,general,mcp,RESOLVED,False,"NEEDS_DISPATCHER - route resolved, MCP client not bound",no MCP dispatcher bound to this runtime,"bind an MCP client (1 integration point, unblocks the largest bucket)",NONE,federated,0,,,OrigeneMCP/tools/tooluniverse/data/fda_drug_labeling_tools.json
origenemcp.tool.get_document_similarity,get_document_similarity,tool,OrigeneMCP,general,mcp,RESOLVED,False,"NEEDS_DISPATCHER - route resolved, MCP client not bound",no MCP dispatcher bound to this runtime,"bind an MCP client (1 integration point, unblocks the largest bucket)",NONE,federated,0,,,OrigeneMCP/tools/chembl/server.py
origenemcp.tool.get_document_similarity_by_id,get_document_similarity_by_id,tool,OrigeneMCP,general,mcp,RESOLVED,False,"NEEDS_DISPATCHER - route resolved, MCP client not bound",no MCP dispatcher bound to this runtime,"bind an MCP client (1 integration point, unblocks the largest bucket)",NONE,federated,0,,,OrigeneMCP/tools/chembl/server.py
origenemcp.tool.get_document_similarity_by_ids,get_document_similarity_by_ids,tool,OrigeneMCP,general,mcp,RESOLVED,False,"NEEDS_DISPATCHER - route resolved, MCP client not bound",no MCP dispatcher bound to this runtime,"bind an MCP client (1 integration point, unblocks the largest bucket)",NONE,federated,0,,,OrigeneMCP/tools/chembl/server.py
origenemcp.tool.get_dosage_and_storage_information_by_drug_name,get_dosage_and_storage_information_by_drug_name,tool,OrigeneMCP,general,mcp,RESOLVED,False,"NEEDS_DISPATCHER - route resolved, MCP client not bound",no MCP dispatcher bound to this runtime,"bind an MCP client (1 integration point, unblocks the largest bucket)",NONE,federated,0,,,OrigeneMCP/tools/tooluniverse/data/fda_drug_labeling_tools.json
origenemcp.tool.get_dosage_forms_and_strengths_by_drug_name,get_dosage_forms_and_strengths_by_drug_name,tool,OrigeneMCP,general,mcp,RESOLVED,False,"NEEDS_DISPATCHER - route resolved, MCP client not bound",no MCP dispatcher bound to this runtime,"bind an MCP client (1 integration point, unblocks the largest bucket)",NONE,federated,0,,,OrigeneMCP/tools/tooluniverse/data/fda_drug_labeling_tools.json
origenemcp.tool.get_drug,get_drug,tool,OrigeneMCP,general,mcp,RESOLVED,False,"NEEDS_DISPATCHER - route resolved, MCP client not bound",no MCP dispatcher bound to this runtime,"bind an MCP client (1 integration point, unblocks the largest bucket)",NONE,federated,0,,,OrigeneMCP/tools/chembl/server.py
origenemcp.tool.get_drug_adverse_events_by_chemblid,get_drug_adverse_events_by_chemblId,tool,OrigeneMCP,general,mcp,RESOLVED,False,"NEEDS_DISPATCHER - route resolved, MCP client not bound",no MCP dispatcher bound to this runtime,"bind an MCP client (1 integration point, unblocks the largest bucket)",NONE,federated,0,,,OrigeneMCP/tools/tooluniverse/data/opentarget_tools.json
origenemcp.tool.get_drug_approval_status_by_chemblid,get_drug_approval_status_by_chemblId,tool,OrigeneMCP,general,mcp,RESOLVED,False,"NEEDS_DISPATCHER - route resolved, MCP client not bound",no MCP dispatcher bound to this runtime,"bind an MCP client (1 integration point, unblocks the largest bucket)",NONE,federated,0,,,OrigeneMCP/tools/tooluniverse/data/opentarget_tools.json
origenemcp.tool.get_drug_by_id,get_drug_by_id,tool,OrigeneMCP,chemistry,mcp,RESOLVED,False,"NEEDS_DISPATCHER - route resolved, MCP client not bound",no MCP dispatcher bound to this runtime,"bind an MCP client (1 integration point, unblocks the largest bucket)",NONE,federated,0,,,OrigeneMCP/tools/chembl/server.py
origenemcp.tool.get_drug_by_ids,get_drug_by_ids,tool,OrigeneMCP,chemistry,mcp,RESOLVED,False,"NEEDS_DISPATCHER - route resolved, MCP client not bound",no MCP dispatcher bound to this runtime,"bind an MCP client (1 integration point, unblocks the largest bucket)",NONE,federated,0,,,OrigeneMCP/tools/chembl/server.py
origenemcp.tool.get_drug_chembl_id_by_name,get_drug_chembl_id_by_name,tool,OrigeneMCP,general,mcp,RESOLVED,False,"NEEDS_DISPATCHER - route resolved, MCP client not bound",no MCP dispatcher bound to this runtime,"bind an MCP client (1 integration point, unblocks the largest bucket)",NONE,federated,0,,,OrigeneMCP/tools/tooluniverse/server.py
origenemcp.tool.get_drug_description_by_chemblid,get_drug_description_by_chemblId,tool,OrigeneMCP,clinical,mcp,RESOLVED,False,"NEEDS_DISPATCHER - route resolved, MCP client not bound",no MCP dispatcher bound to this runtime,"bind an MCP client (1 integration point, unblocks the largest bucket)",NONE,federated,0,,,OrigeneMCP/tools/tooluniverse/data/opentarget_tools.json
origenemcp.tool.get_drug_generic_name,get_drug_generic_name,tool,OrigeneMCP,general,mcp,RESOLVED,False,"NEEDS_DISPATCHER - route resolved, MCP client not bound",no MCP dispatcher bound to this runtime,"bind an MCP client (1 integration point, unblocks the largest bucket)",NONE,federated,0,,,OrigeneMCP/tools/tooluniverse/data/fda_drug_labeling_tools.json
origenemcp.tool.get_drug_id_description_by_name,get_drug_id_description_by_name,tool,OrigeneMCP,general,mcp,RESOLVED,False,"NEEDS_DISPATCHER - route resolved, MCP client not bound",no MCP dispatcher bound to this runtime,"bind an MCP client (1 integration point, unblocks the largest bucket)",NONE,federated,0,,,OrigeneMCP/tools/tooluniverse/data/opentarget_tools.json
origenemcp.tool.get_drug_indication,get_drug_indication,tool,OrigeneMCP,chemistry,mcp,RESOLVED,False,"NEEDS_DISPATCHER - route resolved, MCP client not bound",no MCP dispatcher bound to this runtime,"bind an MCP client (1 integration point, unblocks the largest bucket)",NONE,federated,0,,,OrigeneMCP/tools/chembl/server.py
origenemcp.tool.get_drug_indication_by_id,get_drug_indication_by_id,tool,OrigeneMCP,general,mcp,RESOLVED,False,"NEEDS_DISPATCHER - route resolved, MCP client not bound",no MCP dispatcher bound to this runtime,"bind an MCP client (1 integration point, unblocks the largest bucket)",NONE,federated,0,,,OrigeneMCP/tools/chembl/server.py
origenemcp.tool.get_drug_indication_by_ids,get_drug_indication_by_ids,tool,OrigeneMCP,general,mcp,RESOLVED,False,"NEEDS_DISPATCHER - route resolved, MCP client not bound",no MCP dispatcher bound to this runtime,"bind an MCP client (1 integration point, unblocks the largest bucket)",NONE,federated,0,,,OrigeneMCP/tools/chembl/server.py
origenemcp.tool.get_drug_indications_by_chemblid,get_drug_indications_by_chemblId,tool,OrigeneMCP,clinical,mcp,RESOLVED,False,"NEEDS_DISPATCHER - route resolved, MCP client not bound",no MCP dispatcher bound to this runtime,"bind an MCP client (1 integration point, unblocks the largest bucket)",NONE,federated,0,,,OrigeneMCP/tools/tooluniverse/data/opentarget_tools.json
origenemcp.tool.get_drug_interactions_by_drug_name,get_drug_interactions_by_drug_name,tool,OrigeneMCP,clinical,mcp,RESOLVED,False,"NEEDS_DISPATCHER - route resolved, MCP client not bound",no MCP dispatcher bound to this runtime,"bind an MCP client (1 integration point, unblocks the largest bucket)",NONE,federated,0,,,OrigeneMCP/tools/tooluniverse/data/fda_drug_labeling_tools.json
origenemcp.tool.get_drug_mechanisms_of_action_by_chemblid,get_drug_mechanisms_of_action_by_chemblId,tool,OrigeneMCP,general,mcp,RESOLVED,False,"NEEDS_DISPATCHER - route resolved, MCP client not bound",no MCP dispatcher bound to this runtime,"bind an MCP client (1 integration point, unblocks the largest bucket)",NONE,federated,0,,,OrigeneMCP/tools/tooluniverse/data/opentarget_tools.json
origenemcp.tool.get_drug_mechanisms_of_action_by_name,get_drug_mechanisms_of_action_by_name,tool,OrigeneMCP,general,mcp,RESOLVED,False,"NEEDS_DISPATCHER - route resolved, MCP client not bound",no MCP dispatcher bound to this runtime,"bind an MCP client (1 integration point, unblocks the largest bucket)",NONE,federated,0,,,OrigeneMCP/tools/tooluniverse/server.py
origenemcp.tool.get_drug_name_by_adverse_reaction,get_drug_name_by_adverse_reaction,tool,OrigeneMCP,general,mcp,RESOLVED,False,"NEEDS_DISPATCHER - route resolved, MCP client not bound",no MCP dispatcher bound to this runtime,"bind an MCP client (1 integration point, unblocks the largest bucket)",NONE,federated,0,,,OrigeneMCP/tools/tooluniverse/data/fda_drug_labeling_tools.json
origenemcp.tool.get_drug_name_by_application_number_nui_identifier_spl_document_id_spl_set_id,get_drug_name_by_application_number_NUI_identifier_SPL_document_ID_SPL_set_ID,tool,OrigeneMCP,general,mcp,RESOLVED,False,"NEEDS_DISPATCHER - route resolved, MCP client not bound",no MCP dispatcher bound to this runtime,"bind an MCP client (1 integration point, unblocks the largest bucket)",NONE,federated,0,,,OrigeneMCP/tools/tooluniverse/data/fda_drug_labeling_tools.json
origenemcp.tool.get_drug_name_by_dependence_info,get_drug_name_by_dependence_info,tool,OrigeneMCP,general,mcp,RESOLVED,False,"NEEDS_DISPATCHER - route resolved, MCP client not bound",no MCP dispatcher bound to this runtime,"bind an MCP client (1 integration point, unblocks the largest bucket)",NONE,federated,0,,,OrigeneMCP/tools/tooluniverse/data/fda_drug_labeling_tools.json
origenemcp.tool.get_drug_name_by_dosage_info,get_drug_name_by_dosage_info,tool,OrigeneMCP,general,mcp,RESOLVED,False,"NEEDS_DISPATCHER - route resolved, MCP client not bound",no MCP dispatcher bound to this runtime,"bind an MCP client (1 integration point, unblocks the largest bucket)",NONE,federated,0,,,OrigeneMCP/tools/tooluniverse/data/fda_drug_labeling_tools.json
origenemcp.tool.get_drug_name_by_labor_and_delivery_info,get_drug_name_by_labor_and_delivery_info,tool,OrigeneMCP,general,mcp,RESOLVED,False,"NEEDS_DISPATCHER - route resolved, MCP client not bound",no MCP dispatcher bound to this runtime,"bind an MCP client (1 integration point, unblocks the largest bucket)",NONE,federated,0,,,OrigeneMCP/tools/tooluniverse/data/fda_drug_labeling_tools.json
origenemcp.tool.get_drug_name_by_microbiology,get_drug_name_by_microbiology,tool,OrigeneMCP,general,mcp,RESOLVED,False,"NEEDS_DISPATCHER - route resolved, MCP client not bound",no MCP dispatcher bound to this runtime,"bind an MCP client (1 integration point, unblocks the largest bucket)",NONE,federated,0,,,OrigeneMCP/tools/tooluniverse/data/fda_drug_labeling_tools.json
origenemcp.tool.get_drug_name_by_pharmacodynamics,get_drug_name_by_pharmacodynamics,tool,OrigeneMCP,general,mcp,RESOLVED,False,"NEEDS_DISPATCHER - route resolved, MCP client not bound",no MCP dispatcher bound to this runtime,"bind an MCP client (1 integration point, unblocks the largest bucket)",NONE,federated,0,,,OrigeneMCP/tools/tooluniverse/data/fda_drug_labeling_tools.json
origenemcp.tool.get_drug_name_by_pregnancy_or_breastfeeding_info,get_drug_name_by_pregnancy_or_breastfeeding_info,tool,OrigeneMCP,general,mcp,RESOLVED,False,"NEEDS_DISPATCHER - route resolved, MCP client not bound",no MCP dispatcher bound to this runtime,"bind an MCP client (1 integration point, unblocks the largest bucket)",NONE,federated,0,,,OrigeneMCP/tools/tooluniverse/data/fda_drug_labeling_tools.json
origenemcp.tool.get_drug_name_by_set_id,get_drug_name_by_set_id,tool,OrigeneMCP,general,mcp,RESOLVED,False,"NEEDS_DISPATCHER - route resolved, MCP client not bound",no MCP dispatcher bound to this runtime,"bind an MCP client (1 integration point, unblocks the largest bucket)",NONE,federated,0,,,OrigeneMCP/tools/tooluniverse/data/fda_drug_labeling_tools.json
origenemcp.tool.get_drug_name_by_storage_and_handling_info,get_drug_name_by_storage_and_handling_info,tool,OrigeneMCP,general,mcp,RESOLVED,False,"NEEDS_DISPATCHER - route resolved, MCP client not bound",no MCP dispatcher bound to this runtime,"bind an MCP client (1 integration point, unblocks the largest bucket)",NONE,federated,0,,,OrigeneMCP/tools/tooluniverse/data/fda_drug_labeling_tools.json
origenemcp.tool.get_drug_name_by_warnings,get_drug_name_by_warnings,tool,OrigeneMCP,general,mcp,RESOLVED,False,"NEEDS_DISPATCHER - route resolved, MCP client not bound",no MCP dispatcher bound to this runtime,"bind an MCP client (1 integration point, unblocks the largest bucket)",NONE,federated,0,,,OrigeneMCP/tools/tooluniverse/data/fda_drug_labeling_tools.json
origenemcp.tool.get_drug_names_by_abuse_info,get_drug_names_by_abuse_info,tool,OrigeneMCP,general,mcp,RESOLVED,False,"NEEDS_DISPATCHER - route resolved, MCP client not bound",no MCP dispatcher bound to this runtime,"bind an MCP client (1 integration point, unblocks the largest bucket)",NONE,federated,0,,,OrigeneMCP/tools/tooluniverse/data/fda_drug_labeling_tools.json
origenemcp.tool.get_drug_names_by_accessories,get_drug_names_by_accessories,tool,OrigeneMCP,general,mcp,RESOLVED,False,"NEEDS_DISPATCHER - route resolved, MCP client not bound",no MCP dispatcher bound to this runtime,"bind an MCP client (1 integration point, unblocks the largest bucket)",NONE,federated,0,,,OrigeneMCP/tools/tooluniverse/data/fda_drug_labeling_tools.json
origenemcp.tool.get_drug_names_by_active_ingredient,get_drug_names_by_active_ingredient,tool,OrigeneMCP,general,mcp,RESOLVED,False,"NEEDS_DISPATCHER - route resolved, MCP client not bound",no MCP dispatcher bound to this runtime,"bind an MCP client (1 integration point, unblocks the largest bucket)",NONE,federated,0,,,OrigeneMCP/tools/tooluniverse/data/fda_drug_labeling_tools.json
origenemcp.tool.get_drug_names_by_alarm,get_drug_names_by_alarm,tool,OrigeneMCP,general,mcp,RESOLVED,False,"NEEDS_DISPATCHER - route resolved, MCP client not bound",no MCP dispatcher bound to this runtime,"bind an MCP client (1 integration point, unblocks the largest bucket)",NONE,federated,0,,,OrigeneMCP/tools/tooluniverse/data/fda_drug_labeling_tools.json
origenemcp.tool.get_drug_names_by_animal_pharmacology_info,get_drug_names_by_animal_pharmacology_info,tool,OrigeneMCP,general,mcp,RESOLVED,False,"NEEDS_DISPATCHER - route resolved, MCP client not bound",no MCP dispatcher bound to this runtime,"bind an MCP client (1 integration point, unblocks the largest bucket)",NONE,federated,0,,,OrigeneMCP/tools/tooluniverse/data/fda_drug_labeling_tools.json
origenemcp.tool.get_drug_names_by_application_number_manufacturer_name_ndc_number,get_drug_names_by_application_number_manufacturer_name_NDC_number,tool,OrigeneMCP,general,mcp,RESOLVED,False,"NEEDS_DISPATCHER - route resolved, MCP client not bound",no MCP dispatcher bound to this runtime,"bind an MCP client (1 integration point, unblocks the largest bucket)",NONE,federated,0,,,OrigeneMCP/tools/tooluniverse/data/fda_drug_labeling_tools.json
origenemcp.tool.get_drug_names_by_assembly_installation_info,get_drug_names_by_assembly_installation_info,tool,OrigeneMCP,general,mcp,RESOLVED,False,"NEEDS_DISPATCHER - route resolved, MCP client not bound",no MCP dispatcher bound to this runtime,"bind an MCP client (1 integration point, unblocks the largest bucket)",NONE,federated,0,,,OrigeneMCP/tools/tooluniverse/data/fda_drug_labeling_tools.json
origenemcp.tool.get_drug_names_by_boxed_warning,get_drug_names_by_boxed_warning,tool,OrigeneMCP,general,mcp,RESOLVED,False,"NEEDS_DISPATCHER - route resolved, MCP client not bound",no MCP dispatcher bound to this runtime,"bind an MCP client (1 integration point, unblocks the largest bucket)",NONE,federated,0,,,OrigeneMCP/tools/tooluniverse/data/fda_drug_labeling_tools.json
origenemcp.tool.get_drug_names_by_carcinogenic_mutagenic_fertility_impairment_info,get_drug_names_by_carcinogenic_mutagenic_fertility_impairment_info,tool,OrigeneMCP,general,mcp,RESOLVED,False,"NEEDS_DISPATCHER - route resolved, MCP client not bound",no MCP dispatcher bound to this runtime,"bind an MCP client (1 integration point, unblocks the largest bucket)",NONE,federated,0,,,OrigeneMCP/tools/tooluniverse/data/fda_drug_labeling_tools.json
origenemcp.tool.get_drug_names_by_child_safety_info,get_drug_names_by_child_safety_info,tool,OrigeneMCP,general,mcp,RESOLVED,False,"NEEDS_DISPATCHER - route resolved, MCP client not bound",no MCP dispatcher bound to this runtime,"bind an MCP client (1 integration point, unblocks the largest bucket)",NONE,federated,0,,,OrigeneMCP/tools/tooluniverse/data/fda_drug_labeling_tools.json
origenemcp.tool.get_drug_names_by_clinical_pharmacology,get_drug_names_by_clinical_pharmacology,tool,OrigeneMCP,general,mcp,RESOLVED,False,"NEEDS_DISPATCHER - route resolved, MCP client not bound",no MCP dispatcher bound to this runtime,"bind an MCP client (1 integration point, unblocks the largest bucket)",NONE,federated,0,,,OrigeneMCP/tools/tooluniverse/data/fda_drug_labeling_tools.json
origenemcp.tool.get_drug_names_by_clinical_studies,get_drug_names_by_clinical_studies,tool,OrigeneMCP,general,mcp,RESOLVED,False,"NEEDS_DISPATCHER - route resolved, MCP client not bound",no MCP dispatcher bound to this runtime,"bind an MCP client (1 integration point, unblocks the largest bucket)",NONE,federated,0,,,OrigeneMCP/tools/tooluniverse/data/fda_drug_labeling_tools.json
origenemcp.tool.get_drug_names_by_contraindications,get_drug_names_by_contraindications,tool,OrigeneMCP,general,mcp,RESOLVED,False,"NEEDS_DISPATCHER - route resolved, MCP client not bound",no MCP dispatcher bound to this runtime,"bind an MCP client (1 integration point, unblocks the largest bucket)",NONE,federated,0,,,OrigeneMCP/tools/tooluniverse/data/fda_drug_labeling_tools.json
origenemcp.tool.get_drug_names_by_controlled_substance_dea_schedule,get_drug_names_by_controlled_substance_DEA_schedule,tool,OrigeneMCP,general,mcp,RESOLVED,False,"NEEDS_DISPATCHER - route resolved, MCP client not bound",no MCP dispatcher bound to this runtime,"bind an MCP client (1 integration point, unblocks the largest bucket)",NONE,federated,0,,,OrigeneMCP/tools/tooluniverse/data/fda_drug_labeling_tools.json
origenemcp.tool.get_drug_names_by_dear_health_care_provider_letter_info,get_drug_names_by_dear_health_care_provider_letter_info,tool,OrigeneMCP,general,mcp,RESOLVED,False,"NEEDS_DISPATCHER - route resolved, MCP client not bound",no MCP dispatcher bound to this runtime,"bind an MCP client (1 integration point, unblocks the largest bucket)",NONE,federated,0,,,OrigeneMCP/tools/tooluniverse/data/fda_drug_labeling_tools.json
origenemcp.tool.get_drug_names_by_disposal_info,get_drug_names_by_disposal_info,tool,OrigeneMCP,general,mcp,RESOLVED,False,"NEEDS_DISPATCHER - route resolved, MCP client not bound",no MCP dispatcher bound to this runtime,"bind an MCP client (1 integration point, unblocks the largest bucket)",NONE,federated,0,,,OrigeneMCP/tools/tooluniverse/data/fda_drug_labeling_tools.json
origenemcp.tool.get_drug_names_by_dosage_forms_and_strengths_info,get_drug_names_by_dosage_forms_and_strengths_info,tool,OrigeneMCP,general,mcp,RESOLVED,False,"NEEDS_DISPATCHER - route resolved, MCP client not bound",no MCP dispatcher bound to this runtime,"bind an MCP client (1 integration point, unblocks the largest bucket)",NONE,federated,0,,,OrigeneMCP/tools/tooluniverse/data/fda_drug_labeling_tools.json
origenemcp.tool.get_drug_names_by_drug_interactions,get_drug_names_by_drug_interactions,tool,OrigeneMCP,general,mcp,RESOLVED,False,"NEEDS_DISPATCHER - route resolved, MCP client not bound",no MCP dispatcher bound to this runtime,"bind an MCP client (1 integration point, unblocks the largest bucket)",NONE,federated,0,,,OrigeneMCP/tools/tooluniverse/data/fda_drug_labeling_tools.json
origenemcp.tool.get_drug_names_by_effective_time,get_drug_names_by_effective_time,tool,OrigeneMCP,general,mcp,RESOLVED,False,"NEEDS_DISPATCHER - route resolved, MCP client not bound",no MCP dispatcher bound to this runtime,"bind an MCP client (1 integration point, unblocks the largest bucket)",NONE,federated,0,,,OrigeneMCP/tools/tooluniverse/data/fda_drug_labeling_tools.json
origenemcp.tool.get_drug_names_by_food_safety_warnings,get_drug_names_by_food_safety_warnings,tool,OrigeneMCP,general,mcp,RESOLVED,False,"NEEDS_DISPATCHER - route resolved, MCP client not bound",no MCP dispatcher bound to this runtime,"bind an MCP client (1 integration point, unblocks the largest bucket)",NONE,federated,0,,,OrigeneMCP/tools/tooluniverse/data/fda_drug_labeling_tools.json
origenemcp.tool.get_drug_names_by_general_precautions,get_drug_names_by_general_precautions,tool,OrigeneMCP,clinical,mcp,RESOLVED,False,"NEEDS_DISPATCHER - route resolved, MCP client not bound",no MCP dispatcher bound to this runtime,"bind an MCP client (1 integration point, unblocks the largest bucket)",NONE,federated,0,,,OrigeneMCP/tools/tooluniverse/data/fda_drug_labeling_tools.json
origenemcp.tool.get_drug_names_by_geriatric_use,get_drug_names_by_geriatric_use,tool,OrigeneMCP,clinical,mcp,RESOLVED,False,"NEEDS_DISPATCHER - route resolved, MCP client not bound",no MCP dispatcher bound to this runtime,"bind an MCP client (1 integration point, unblocks the largest bucket)",NONE,federated,0,,,OrigeneMCP/tools/tooluniverse/data/fda_drug_labeling_tools.json
origenemcp.tool.get_drug_names_by_health_claim,get_drug_names_by_health_claim,tool,OrigeneMCP,general,mcp,RESOLVED,False,"NEEDS_DISPATCHER - route resolved, MCP client not bound",no MCP dispatcher bound to this runtime,"bind an MCP client (1 integration point, unblocks the largest bucket)",NONE,federated,0,,,OrigeneMCP/tools/tooluniverse/data/fda_drug_labeling_tools.json
origenemcp.tool.get_drug_names_by_indication,get_drug_names_by_indication,tool,OrigeneMCP,general,mcp,RESOLVED,False,"NEEDS_DISPATCHER - route resolved, MCP client not bound",no MCP dispatcher bound to this runtime,"bind an MCP client (1 integration point, unblocks the largest bucket)",NONE,federated,0,,,OrigeneMCP/tools/tooluniverse/data/fda_drug_labeling_tools.json
origenemcp.tool.get_drug_names_by_info_for_nursing_mothers,get_drug_names_by_info_for_nursing_mothers,tool,OrigeneMCP,general,mcp,RESOLVED,False,"NEEDS_DISPATCHER - route resolved, MCP client not bound",no MCP dispatcher bound to this runtime,"bind an MCP client (1 integration point, unblocks the largest bucket)",NONE,federated,0,,,OrigeneMCP/tools/tooluniverse/data/fda_drug_labeling_tools.json
origenemcp.tool.get_drug_names_by_info_on_consulting_doctor_pharmacist_for_drug_interactions,get_drug_names_by_info_on_consulting_doctor_pharmacist_for_drug_interactions,tool,OrigeneMCP,general,mcp,RESOLVED,False,"NEEDS_DISPATCHER - route resolved, MCP client not bound",no MCP dispatcher bound to this runtime,"bind an MCP client (1 integration point, unblocks the largest bucket)",NONE,federated,0,,,OrigeneMCP/tools/tooluniverse/data/fda_drug_labeling_tools.json
origenemcp.tool.get_drug_names_by_information_for_owners_or_caregivers,get_drug_names_by_information_for_owners_or_caregivers,tool,OrigeneMCP,general,mcp,RESOLVED,False,"NEEDS_DISPATCHER - route resolved, MCP client not bound",no MCP dispatcher bound to this runtime,"bind an MCP client (1 integration point, unblocks the largest bucket)",NONE,federated,0,,,OrigeneMCP/tools/tooluniverse/data/fda_drug_labeling_tools.json
origenemcp.tool.get_drug_names_by_ingredient,get_drug_names_by_ingredient,tool,OrigeneMCP,general,mcp,RESOLVED,False,"NEEDS_DISPATCHER - route resolved, MCP client not bound",no MCP dispatcher bound to this runtime,"bind an MCP client (1 integration point, unblocks the largest bucket)",NONE,federated,0,,,OrigeneMCP/tools/tooluniverse/data/fda_drug_labeling_tools.json
origenemcp.tool.get_drug_names_by_instructions_for_use,get_drug_names_by_instructions_for_use,tool,OrigeneMCP,general,mcp,RESOLVED,False,"NEEDS_DISPATCHER - route resolved, MCP client not bound",no MCP dispatcher bound to this runtime,"bind an MCP client (1 integration point, unblocks the largest bucket)",NONE,federated,0,,,OrigeneMCP/tools/tooluniverse/data/fda_drug_labeling_tools.json
origenemcp.tool.get_drug_names_by_lab_test_interference,get_drug_names_by_lab_test_interference,tool,OrigeneMCP,general,mcp,RESOLVED,False,"NEEDS_DISPATCHER - route resolved, MCP client not bound",no MCP dispatcher bound to this runtime,"bind an MCP client (1 integration point, unblocks the largest bucket)",NONE,federated,0,,,OrigeneMCP/tools/tooluniverse/data/fda_drug_labeling_tools.json
origenemcp.tool.get_drug_names_by_lab_tests,get_drug_names_by_lab_tests,tool,OrigeneMCP,general,mcp,RESOLVED,False,"NEEDS_DISPATCHER - route resolved, MCP client not bound",no MCP dispatcher bound to this runtime,"bind an MCP client (1 integration point, unblocks the largest bucket)",NONE,federated,0,,,OrigeneMCP/tools/tooluniverse/data/fda_drug_labeling_tools.json
origenemcp.tool.get_drug_names_by_mechanism_of_action,get_drug_names_by_mechanism_of_action,tool,OrigeneMCP,general,mcp,RESOLVED,False,"NEEDS_DISPATCHER - route resolved, MCP client not bound",no MCP dispatcher bound to this runtime,"bind an MCP client (1 integration point, unblocks the largest bucket)",NONE,federated,0,,,OrigeneMCP/tools/tooluniverse/data/fda_drug_labeling_tools.json
origenemcp.tool.get_drug_names_by_medication_guide,get_drug_names_by_medication_guide,tool,OrigeneMCP,clinical,mcp,RESOLVED,False,"NEEDS_DISPATCHER - route resolved, MCP client not bound",no MCP dispatcher bound to this runtime,"bind an MCP client (1 integration point, unblocks the largest bucket)",NONE,federated,0,,,OrigeneMCP/tools/tooluniverse/data/fda_drug_labeling_tools.json
origenemcp.tool.get_drug_names_by_nonclinical_toxicology_info,get_drug_names_by_nonclinical_toxicology_info,tool,OrigeneMCP,general,mcp,RESOLVED,False,"NEEDS_DISPATCHER - route resolved, MCP client not bound",no MCP dispatcher bound to this runtime,"bind an MCP client (1 integration point, unblocks the largest bucket)",NONE,federated,0,,,OrigeneMCP/tools/tooluniverse/data/fda_drug_labeling_tools.json
origenemcp.tool.get_drug_names_by_nonteratogenic_effects,get_drug_names_by_nonteratogenic_effects,tool,OrigeneMCP,general,mcp,RESOLVED,False,"NEEDS_DISPATCHER - route resolved, MCP client not bound",no MCP dispatcher bound to this runtime,"bind an MCP client (1 integration point, unblocks the largest bucket)",NONE,federated,0,,,OrigeneMCP/tools/tooluniverse/data/fda_drug_labeling_tools.json
origenemcp.tool.get_drug_names_by_overdosage_info,get_drug_names_by_overdosage_info,tool,OrigeneMCP,general,mcp,RESOLVED,False,"NEEDS_DISPATCHER - route resolved, MCP client not bound",no MCP dispatcher bound to this runtime,"bind an MCP client (1 integration point, unblocks the largest bucket)",NONE,federated,0,,,OrigeneMCP/tools/tooluniverse/data/fda_drug_labeling_tools.json
origenemcp.tool.get_drug_names_by_pediatric_use,get_drug_names_by_pediatric_use,tool,OrigeneMCP,general,mcp,RESOLVED,False,"NEEDS_DISPATCHER - route resolved, MCP client not bound",no MCP dispatcher bound to this runtime,"bind an MCP client (1 integration point, unblocks the largest bucket)",NONE,federated,0,,,OrigeneMCP/tools/tooluniverse/data/fda_drug_labeling_tools.json
origenemcp.tool.get_drug_names_by_pharmacokinetics,get_drug_names_by_pharmacokinetics,tool,OrigeneMCP,clinical,mcp,RESOLVED,False,"NEEDS_DISPATCHER - route resolved, MCP client not bound",no MCP dispatcher bound to this runtime,"bind an MCP client (1 integration point, unblocks the largest bucket)",NONE,federated,0,,,OrigeneMCP/tools/tooluniverse/data/fda_drug_labeling_tools.json
origenemcp.tool.get_drug_names_by_population_use,get_drug_names_by_population_use,tool,OrigeneMCP,clinical,mcp,RESOLVED,False,"NEEDS_DISPATCHER - route resolved, MCP client not bound",no MCP dispatcher bound to this runtime,"bind an MCP client (1 integration point, unblocks the largest bucket)",NONE,federated,0,,,OrigeneMCP/tools/tooluniverse/data/fda_drug_labeling_tools.json
origenemcp.tool.get_drug_names_by_pregnancy_effects_info,get_drug_names_by_pregnancy_effects_info,tool,OrigeneMCP,general,mcp,RESOLVED,False,"NEEDS_DISPATCHER - route resolved, MCP client not bound",no MCP dispatcher bound to this runtime,"bind an MCP client (1 integration point, unblocks the largest bucket)",NONE,federated,0,,,OrigeneMCP/tools/tooluniverse/data/fda_drug_labeling_tools.json
origenemcp.tool.get_drug_names_by_residue_warning,get_drug_names_by_residue_warning,tool,OrigeneMCP,general,mcp,RESOLVED,False,"NEEDS_DISPATCHER - route resolved, MCP client not bound",no MCP dispatcher bound to this runtime,"bind an MCP client (1 integration point, unblocks the largest bucket)",NONE,federated,0,,,OrigeneMCP/tools/tooluniverse/data/fda_drug_labeling_tools.json
origenemcp.tool.get_drug_names_by_risk,get_drug_names_by_risk,tool,OrigeneMCP,general,mcp,RESOLVED,False,"NEEDS_DISPATCHER - route resolved, MCP client not bound",no MCP dispatcher bound to this runtime,"bind an MCP client (1 integration point, unblocks the largest bucket)",NONE,federated,0,,,OrigeneMCP/tools/tooluniverse/data/fda_drug_labeling_tools.json
origenemcp.tool.get_drug_names_by_route,get_drug_names_by_route,tool,OrigeneMCP,general,mcp,RESOLVED,False,"NEEDS_DISPATCHER - route resolved, MCP client not bound",no MCP dispatcher bound to this runtime,"bind an MCP client (1 integration point, unblocks the largest bucket)",NONE,federated,0,,,OrigeneMCP/tools/tooluniverse/data/fda_drug_labeling_tools.json
origenemcp.tool.get_drug_names_by_safe_handling_warning,get_drug_names_by_safe_handling_warning,tool,OrigeneMCP,general,mcp,RESOLVED,False,"NEEDS_DISPATCHER - route resolved, MCP client not bound",no MCP dispatcher bound to this runtime,"bind an MCP client (1 integration point, unblocks the largest bucket)",NONE,federated,0,,,OrigeneMCP/tools/tooluniverse/data/fda_drug_labeling_tools.json
origenemcp.tool.get_drug_names_by_safety_summary,get_drug_names_by_safety_summary,tool,OrigeneMCP,general,mcp,RESOLVED,False,"NEEDS_DISPATCHER - route resolved, MCP client not bound",no MCP dispatcher bound to this runtime,"bind an MCP client (1 integration point, unblocks the largest bucket)",NONE,federated,0,,,OrigeneMCP/tools/tooluniverse/data/fda_drug_labeling_tools.json
origenemcp.tool.get_drug_names_by_spl_indexing_data_elements,get_drug_names_by_spl_indexing_data_elements,tool,OrigeneMCP,general,mcp,RESOLVED,False,"NEEDS_DISPATCHER - route resolved, MCP client not bound",no MCP dispatcher bound to this runtime,"bind an MCP client (1 integration point, unblocks the largest bucket)",NONE,federated,0,,,OrigeneMCP/tools/tooluniverse/data/fda_drug_labeling_tools.json
origenemcp.tool.get_drug_names_by_teratogenic_effects,get_drug_names_by_teratogenic_effects,tool,OrigeneMCP,general,mcp,RESOLVED,False,"NEEDS_DISPATCHER - route resolved, MCP client not bound",no MCP dispatcher bound to this runtime,"bind an MCP client (1 integration point, unblocks the largest bucket)",NONE,federated,0,,,OrigeneMCP/tools/tooluniverse/data/fda_drug_labeling_tools.json
origenemcp.tool.get_drug_names_by_warnings_and_cautions,get_drug_names_by_warnings_and_cautions,tool,OrigeneMCP,general,mcp,RESOLVED,False,"NEEDS_DISPATCHER - route resolved, MCP client not bound",no MCP dispatcher bound to this runtime,"bind an MCP client (1 integration point, unblocks the largest bucket)",NONE,federated,0,,,OrigeneMCP/tools/tooluniverse/data/fda_drug_labeling_tools.json
origenemcp.tool.get_drug_synonyms_by_chemblid,get_drug_synonyms_by_chemblId,tool,OrigeneMCP,general,mcp,RESOLVED,False,"NEEDS_DISPATCHER - route resolved, MCP client not bound",no MCP dispatcher bound to this runtime,"bind an MCP client (1 integration point, unblocks the largest bucket)",NONE,federated,0,,,OrigeneMCP/tools/tooluniverse/data/opentarget_tools.json
origenemcp.tool.get_drug_trade_names_by_chemblid,get_drug_trade_names_by_chemblId,tool,OrigeneMCP,general,mcp,RESOLVED,False,"NEEDS_DISPATCHER - route resolved, MCP client not bound",no MCP dispatcher bound to this runtime,"bind an MCP client (1 integration point, unblocks the largest bucket)",NONE,federated,0,,,OrigeneMCP/tools/tooluniverse/data/opentarget_tools.json
origenemcp.tool.get_drug_warning,get_drug_warning,tool,OrigeneMCP,chemistry,mcp,RESOLVED,False,"NEEDS_DISPATCHER - route resolved, MCP client not bound",no MCP dispatcher bound to this runtime,"bind an MCP client (1 integration point, unblocks the largest bucket)",NONE,federated,0,,,OrigeneMCP/tools/chembl/server.py
origenemcp.tool.get_drug_warning_id,get_drug_warning_id,tool,OrigeneMCP,general,mcp,RESOLVED,False,"NEEDS_DISPATCHER - route resolved, MCP client not bound",no MCP dispatcher bound to this runtime,"bind an MCP client (1 integration point, unblocks the largest bucket)",NONE,federated,0,,,OrigeneMCP/tools/chembl/server.py
origenemcp.tool.get_drug_warning_ids,get_drug_warning_ids,tool,OrigeneMCP,general,mcp,RESOLVED,False,"NEEDS_DISPATCHER - route resolved, MCP client not bound",no MCP dispatcher bound to this runtime,"bind an MCP client (1 integration point, unblocks the largest bucket)",NONE,federated,0,,,OrigeneMCP/tools/chembl/server.py
origenemcp.tool.get_drug_warnings_by_chemblid,get_drug_warnings_by_chemblId,tool,OrigeneMCP,general,mcp,RESOLVED,False,"NEEDS_DISPATCHER - route resolved, MCP client not bound",no MCP dispatcher bound to this runtime,"bind an MCP client (1 integration point, unblocks the largest bucket)",NONE,federated,0,,,OrigeneMCP/tools/tooluniverse/data/opentarget_tools.json
origenemcp.tool.get_drug_withdrawn_blackbox_status_by_chemblid,get_drug_withdrawn_blackbox_status_by_chemblId,tool,OrigeneMCP,general,mcp,RESOLVED,False,"NEEDS_DISPATCHER - route resolved, MCP client not bound",no MCP dispatcher bound to this runtime,"bind an MCP client (1 integration point, unblocks the largest bucket)",NONE,federated,0,,,OrigeneMCP/tools/tooluniverse/data/opentarget_tools.json
origenemcp.tool.get_effective_time_by_drug_name,get_effective_time_by_drug_name,tool,OrigeneMCP,general,mcp,RESOLVED,False,"NEEDS_DISPATCHER - route resolved, MCP client not bound",no MCP dispatcher bound to this runtime,"bind an MCP client (1 integration point, unblocks the largest bucket)",NONE,federated,0,,,OrigeneMCP/tools/tooluniverse/data/fda_drug_labeling_tools.json
origenemcp.tool.get_enums,get_enums,tool,OrigeneMCP,general,mcp,RESOLVED,False,"NEEDS_DISPATCHER - route resolved, MCP client not bound",no MCP dispatcher bound to this runtime,"bind an MCP client (1 integration point, unblocks the largest bucket)",NONE,federated,0,,,OrigeneMCP/tools/clinicaltrials/server.py
origenemcp.tool.get_environmental_warning_by_drug_name,get_environmental_warning_by_drug_name,tool,OrigeneMCP,general,mcp,RESOLVED,False,"NEEDS_DISPATCHER - route resolved, MCP client not bound",no MCP dispatcher bound to this runtime,"bind an MCP client (1 integration point, unblocks the largest bucket)",NONE,federated,0,,,OrigeneMCP/tools/tooluniverse/data/fda_drug_labeling_tools.json
origenemcp.tool.get_field_size_stats,get_field_size_stats,tool,OrigeneMCP,general,mcp,RESOLVED,False,"NEEDS_DISPATCHER - route resolved, MCP client not bound",no MCP dispatcher bound to this runtime,"bind an MCP client (1 integration point, unblocks the largest bucket)",NONE,federated,0,,,OrigeneMCP/tools/clinicaltrials/server.py
origenemcp.tool.get_field_value_stats,get_field_value_stats,tool,OrigeneMCP,general,mcp,RESOLVED,False,"NEEDS_DISPATCHER - route resolved, MCP client not bound",no MCP dispatcher bound to this runtime,"bind an MCP client (1 integration point, unblocks the largest bucket)",NONE,federated,0,,,OrigeneMCP/tools/clinicaltrials/server.py
origenemcp.tool.get_functional_annotation,get_functional_annotation,tool,OrigeneMCP,literature,mcp,RESOLVED,False,"NEEDS_DISPATCHER - route resolved, MCP client not bound",no MCP dispatcher bound to this runtime,"bind an MCP client (1 integration point, unblocks the largest bucket)",NONE,federated,0,,,OrigeneMCP/tools/STRING/server.py
origenemcp.tool.get_functional_enrichment,get_functional_enrichment,tool,OrigeneMCP,proteomics,mcp,RESOLVED,False,"NEEDS_DISPATCHER - route resolved, MCP client not bound",no MCP dispatcher bound to this runtime,"bind an MCP client (1 integration point, unblocks the largest bucket)",NONE,federated,0,,,OrigeneMCP/tools/STRING/server.py
origenemcp.tool.get_ga4gh_beacon,get_ga4gh_beacon,tool,OrigeneMCP,general,mcp,RESOLVED,False,"NEEDS_DISPATCHER - route resolved, MCP client not bound",no MCP dispatcher bound to this runtime,"bind an MCP client (1 integration point, unblocks the largest bucket)",NONE,federated,0,,,OrigeneMCP/tools/ensembl/server.py
origenemcp.tool.get_ga4gh_callsets,get_ga4gh_callsets,tool,OrigeneMCP,general,mcp,RESOLVED,False,"NEEDS_DISPATCHER - route resolved, MCP client not bound",no MCP dispatcher bound to this runtime,"bind an MCP client (1 integration point, unblocks the largest bucket)",NONE,federated,0,,,OrigeneMCP/tools/ensembl/server.py
origenemcp.tool.get_ga4gh_datasets,get_ga4gh_datasets,tool,OrigeneMCP,general,mcp,RESOLVED,False,"NEEDS_DISPATCHER - route resolved, MCP client not bound",no MCP dispatcher bound to this runtime,"bind an MCP client (1 integration point, unblocks the largest bucket)",NONE,federated,0,,,OrigeneMCP/tools/ensembl/server.py
origenemcp.tool.get_ga4gh_features,get_ga4gh_features,tool,OrigeneMCP,general,mcp,RESOLVED,False,"NEEDS_DISPATCHER - route resolved, MCP client not bound",no MCP dispatcher bound to this runtime,"bind an MCP client (1 integration point, unblocks the largest bucket)",NONE,federated,0,,,OrigeneMCP/tools/ensembl/server.py
origenemcp.tool.get_ga4gh_featuresets,get_ga4gh_featuresets,tool,OrigeneMCP,general,mcp,RESOLVED,False,"NEEDS_DISPATCHER - route resolved, MCP client not bound",no MCP dispatcher bound to this runtime,"bind an MCP client (1 integration point, unblocks the largest bucket)",NONE,federated,0,,,OrigeneMCP/tools/ensembl/server.py
origenemcp.tool.get_ga4gh_references,get_ga4gh_references,tool,OrigeneMCP,general,mcp,RESOLVED,False,"NEEDS_DISPATCHER - route resolved, MCP client not bound",no MCP dispatcher bound to this runtime,"bind an MCP client (1 integration point, unblocks the largest bucket)",NONE,federated,0,,,OrigeneMCP/tools/ensembl/server.py
origenemcp.tool.get_ga4gh_referencesets,get_ga4gh_referencesets,tool,OrigeneMCP,wgs,mcp,RESOLVED,False,"NEEDS_DISPATCHER - route resolved, MCP client not bound",no MCP dispatcher bound to this runtime,"bind an MCP client (1 integration point, unblocks the largest bucket)",NONE,federated,0,,,OrigeneMCP/tools/ensembl/server.py
origenemcp.tool.get_ga4gh_variantannotationsets,get_ga4gh_variantannotationsets,tool,OrigeneMCP,general,mcp,RESOLVED,False,"NEEDS_DISPATCHER - route resolved, MCP client not bound",no MCP dispatcher bound to this runtime,"bind an MCP client (1 integration point, unblocks the largest bucket)",NONE,federated,0,,,OrigeneMCP/tools/ensembl/server.py
origenemcp.tool.get_ga4gh_variants,get_ga4gh_variants,tool,OrigeneMCP,general,mcp,RESOLVED,False,"NEEDS_DISPATCHER - route resolved, MCP client not bound",no MCP dispatcher bound to this runtime,"bind an MCP client (1 integration point, unblocks the largest bucket)",NONE,federated,0,,,OrigeneMCP/tools/ensembl/server.py
origenemcp.tool.get_ga4gh_variantsets,get_ga4gh_variantsets,tool,OrigeneMCP,general,mcp,RESOLVED,False,"NEEDS_DISPATCHER - route resolved, MCP client not bound",no MCP dispatcher bound to this runtime,"bind an MCP client (1 integration point, unblocks the largest bucket)",NONE,federated,0,,,OrigeneMCP/tools/ensembl/server.py
origenemcp.tool.get_gene_by_accession,get_gene_by_accession,tool,OrigeneMCP,general,mcp,RESOLVED,False,"NEEDS_DISPATCHER - route resolved, MCP client not bound",no MCP dispatcher bound to this runtime,"bind an MCP client (1 integration point, unblocks the largest bucket)",NONE,federated,0,,,OrigeneMCP/tools/ncbi/server.py
origenemcp.tool.get_gene_by_accession_dataset_report,get_gene_by_accession_dataset_report,tool,OrigeneMCP,general,mcp,RESOLVED,False,"NEEDS_DISPATCHER - route resolved, MCP client not bound",no MCP dispatcher bound to this runtime,"bind an MCP client (1 integration point, unblocks the largest bucket)",NONE,federated,0,,,OrigeneMCP/tools/ncbi/server.py
origenemcp.tool.get_gene_by_accession_product_report,get_gene_by_accession_product_report,tool,OrigeneMCP,general,mcp,RESOLVED,False,"NEEDS_DISPATCHER - route resolved, MCP client not bound",no MCP dispatcher bound to this runtime,"bind an MCP client (1 integration point, unblocks the largest bucket)",NONE,federated,0,,,OrigeneMCP/tools/ncbi/server.py
origenemcp.tool.get_gene_by_ids,get_gene_by_ids,tool,OrigeneMCP,general,mcp,RESOLVED,False,"NEEDS_DISPATCHER - route resolved, MCP client not bound",no MCP dispatcher bound to this runtime,"bind an MCP client (1 integration point, unblocks the largest bucket)",NONE,federated,0,,,OrigeneMCP/tools/ncbi/server.py
origenemcp.tool.get_gene_by_symbol_dataset_report,get_gene_by_symbol_dataset_report,tool,OrigeneMCP,general,mcp,RESOLVED,False,"NEEDS_DISPATCHER - route resolved, MCP client not bound",no MCP dispatcher bound to this runtime,"bind an MCP client (1 integration point, unblocks the largest bucket)",NONE,federated,0,,,OrigeneMCP/tools/ncbi/server.py
origenemcp.tool.get_gene_by_symbol_product_report,get_gene_by_symbol_product_report,tool,OrigeneMCP,general,mcp,RESOLVED,False,"NEEDS_DISPATCHER - route resolved, MCP client not bound",no MCP dispatcher bound to this runtime,"bind an MCP client (1 integration point, unblocks the largest bucket)",NONE,federated,0,,,OrigeneMCP/tools/ncbi/server.py
origenemcp.tool.get_gene_by_taxon,get_gene_by_taxon,tool,OrigeneMCP,general,mcp,RESOLVED,False,"NEEDS_DISPATCHER - route resolved, MCP client not bound",no MCP dispatcher bound to this runtime,"bind an MCP client (1 integration point, unblocks the largest bucket)",NONE,federated,0,,,OrigeneMCP/tools/ncbi/server.py
origenemcp.tool.get_gene_by_taxon_dataset_report,get_gene_by_taxon_dataset_report,tool,OrigeneMCP,general,mcp,RESOLVED,False,"NEEDS_DISPATCHER - route resolved, MCP client not bound",no MCP dispatcher bound to this runtime,"bind an MCP client (1 integration point, unblocks the largest bucket)",NONE,federated,0,,,OrigeneMCP/tools/ncbi/server.py
origenemcp.tool.get_gene_by_taxon_product_report,get_gene_by_taxon_product_report,tool,OrigeneMCP,general,mcp,RESOLVED,False,"NEEDS_DISPATCHER - route resolved, MCP client not bound",no MCP dispatcher bound to this runtime,"bind an MCP client (1 integration point, unblocks the largest bucket)",NONE,federated,0,,,OrigeneMCP/tools/ncbi/server.py
origenemcp.tool.get_gene_centric_by_accession,get_gene_centric_by_accession,tool,OrigeneMCP,proteomics,mcp,RESOLVED,False,"NEEDS_DISPATCHER - route resolved, MCP client not bound",no MCP dispatcher bound to this runtime,"bind an MCP client (1 integration point, unblocks the largest bucket)",NONE,federated,0,,,OrigeneMCP/tools/uniprot/server.py
origenemcp.tool.get_gene_centric_by_proteome,get_gene_centric_by_proteome,tool,OrigeneMCP,proteomics,mcp,RESOLVED,False,"NEEDS_DISPATCHER - route resolved, MCP client not bound",no MCP dispatcher bound to this runtime,"bind an MCP client (1 integration point, unblocks the largest bucket)",NONE,federated,0,,,OrigeneMCP/tools/uniprot/server.py
origenemcp.tool.get_gene_counts_by_taxon,get_gene_counts_by_taxon,tool,OrigeneMCP,general,mcp,RESOLVED,False,"NEEDS_DISPATCHER - route resolved, MCP client not bound",no MCP dispatcher bound to this runtime,"bind an MCP client (1 integration point, unblocks the largest bucket)",NONE,federated,0,,,OrigeneMCP/tools/ncbi/server.py
origenemcp.tool.get_gene_dataset_report_by_id,get_gene_dataset_report_by_id,tool,OrigeneMCP,general,mcp,RESOLVED,False,"NEEDS_DISPATCHER - route resolved, MCP client not bound",no MCP dispatcher bound to this runtime,"bind an MCP client (1 integration point, unblocks the largest bucket)",NONE,federated,0,,,OrigeneMCP/tools/ncbi/server.py
origenemcp.tool.get_gene_dataset_report_by_locus_tag,get_gene_dataset_report_by_locus_tag,tool,OrigeneMCP,general,mcp,RESOLVED,False,"NEEDS_DISPATCHER - route resolved, MCP client not bound",no MCP dispatcher bound to this runtime,"bind an MCP client (1 integration point, unblocks the largest bucket)",NONE,federated,0,,,OrigeneMCP/tools/ncbi/server.py
origenemcp.tool.get_gene_download_summary_by_id,get_gene_download_summary_by_id,tool,OrigeneMCP,general,mcp,RESOLVED,False,"NEEDS_DISPATCHER - route resolved, MCP client not bound",no MCP dispatcher bound to this runtime,"bind an MCP client (1 integration point, unblocks the largest bucket)",NONE,federated,0,,,OrigeneMCP/tools/ncbi/server.py
origenemcp.tool.get_gene_links_by_id,get_gene_links_by_id,tool,OrigeneMCP,general,mcp,RESOLVED,False,"NEEDS_DISPATCHER - route resolved, MCP client not bound",no MCP dispatcher bound to this runtime,"bind an MCP client (1 integration point, unblocks the largest bucket)",NONE,federated,0,,,OrigeneMCP/tools/ncbi/server.py
origenemcp.tool.get_gene_metadata_by_gene_name,get_gene_metadata_by_gene_name,tool,OrigeneMCP,chemistry,mcp,RESOLVED,False,"NEEDS_DISPATCHER - route resolved, MCP client not bound",no MCP dispatcher bound to this runtime,"bind an MCP client (1 integration point, unblocks the largest bucket)",NONE,federated,0,,,OrigeneMCP/tools/ncbi/server.py
origenemcp.tool.get_gene_ontology_terms_by_goid,get_gene_ontology_terms_by_goID,tool,OrigeneMCP,general,mcp,RESOLVED,False,"NEEDS_DISPATCHER - route resolved, MCP client not bound",no MCP dispatcher bound to this runtime,"bind an MCP client (1 integration point, unblocks the largest bucket)",NONE,federated,0,,,OrigeneMCP/tools/tooluniverse/data/opentarget_tools.json
origenemcp.tool.get_gene_orthologs,get_gene_orthologs,tool,OrigeneMCP,general,mcp,RESOLVED,False,"NEEDS_DISPATCHER - route resolved, MCP client not bound",no MCP dispatcher bound to this runtime,"bind an MCP client (1 integration point, unblocks the largest bucket)",NONE,federated,0,,,OrigeneMCP/tools/ncbi/server.py
origenemcp.tool.get_gene_product_report_by_id,get_gene_product_report_by_id,tool,OrigeneMCP,general,mcp,RESOLVED,False,"NEEDS_DISPATCHER - route resolved, MCP client not bound",no MCP dispatcher bound to this runtime,"bind an MCP client (1 integration point, unblocks the largest bucket)",NONE,federated,0,,,OrigeneMCP/tools/ncbi/server.py
origenemcp.tool.get_gene_product_report_by_locus_tag,get_gene_product_report_by_locus_tag,tool,OrigeneMCP,general,mcp,RESOLVED,False,"NEEDS_DISPATCHER - route resolved, MCP client not bound",no MCP dispatcher bound to this runtime,"bind an MCP client (1 integration point, unblocks the largest bucket)",NONE,federated,0,,,OrigeneMCP/tools/ncbi/server.py
origenemcp.tool.get_gene_specific_expression_in_cancer_type,get_gene_specific_expression_in_cancer_type,tool,OrigeneMCP,general,mcp,RESOLVED,False,"NEEDS_DISPATCHER - route resolved, MCP client not bound",no MCP dispatcher bound to this runtime,"bind an MCP client (1 integration point, unblocks the largest bucket)",NONE,federated,0,,,OrigeneMCP/tools/tcga/server.py
origenemcp.tool.get_gene_summary_by_geneid,get_gene_summary_by_geneid,tool,OrigeneMCP,general,mcp,RESOLVED,False,"NEEDS_DISPATCHER - route resolved, MCP client not bound",no MCP dispatcher bound to this runtime,"bind an MCP client (1 integration point, unblocks the largest bucket)",NONE,federated,0,,,OrigeneMCP/tools/pubchem/server.py
origenemcp.tool.get_general_info_by_compound_name,get_general_info_by_compound_name,tool,OrigeneMCP,general,mcp,RESOLVED,False,"NEEDS_DISPATCHER - route resolved, MCP client not bound",no MCP dispatcher bound to this runtime,"bind an MCP client (1 integration point, unblocks the largest bucket)",NONE,federated,0,,,OrigeneMCP/tools/pubchem/server.py
origenemcp.tool.get_general_info_by_disease_name,get_general_info_by_disease_name,tool,OrigeneMCP,general,mcp,RESOLVED,False,"NEEDS_DISPATCHER - route resolved, MCP client not bound",no MCP dispatcher bound to this runtime,"bind an MCP client (1 integration point, unblocks the largest bucket)",NONE,federated,0,,,OrigeneMCP/tools/tooluniverse/server.py
origenemcp.tool.get_general_info_by_protein_or_gene_name,get_general_info_by_protein_or_gene_name,tool,OrigeneMCP,general,mcp,RESOLVED,False,"NEEDS_DISPATCHER - route resolved, MCP client not bound",no MCP dispatcher bound to this runtime,"bind an MCP client (1 integration point, unblocks the largest bucket)",NONE,federated,0,,,OrigeneMCP/tools/uniprot/server.py
origenemcp.tool.get_general_precautions_by_drug_name,get_general_precautions_by_drug_name,tool,OrigeneMCP,clinical,mcp,RESOLVED,False,"NEEDS_DISPATCHER - route resolved, MCP client not bound",no MCP dispatcher bound to this runtime,"bind an MCP client (1 integration point, unblocks the largest bucket)",NONE,federated,0,,,OrigeneMCP/tools/tooluniverse/data/fda_drug_labeling_tools.json
origenemcp.tool.get_genes_in_region,get_genes_in_region,tool,OrigeneMCP,wgs,mcp,RESOLVED,False,"NEEDS_DISPATCHER - route resolved, MCP client not bound",no MCP dispatcher bound to this runtime,"bind an MCP client (1 integration point, unblocks the largest bucket)",NONE,federated,0,,,OrigeneMCP/tools/dbsearch/server.py
origenemcp.tool.get_genetree_id,get_genetree_id,tool,OrigeneMCP,general,mcp,RESOLVED,False,"NEEDS_DISPATCHER - route resolved, MCP client not bound",no MCP dispatcher bound to this runtime,"bind an MCP client (1 integration point, unblocks the largest bucket)",NONE,federated,0,,,OrigeneMCP/tools/ensembl/server.py
origenemcp.tool.get_genetree_member_id,get_genetree_member_id,tool,OrigeneMCP,general,mcp,RESOLVED,False,"NEEDS_DISPATCHER - route resolved, MCP client not bound",no MCP dispatcher bound to this runtime,"bind an MCP client (1 integration point, unblocks the largest bucket)",NONE,federated,0,,,OrigeneMCP/tools/ensembl/server.py
origenemcp.tool.get_genetree_member_symbol,get_genetree_member_symbol,tool,OrigeneMCP,general,mcp,RESOLVED,False,"NEEDS_DISPATCHER - route resolved, MCP client not bound",no MCP dispatcher bound to this runtime,"bind an MCP client (1 integration point, unblocks the largest bucket)",NONE,federated,0,,,OrigeneMCP/tools/ensembl/server.py
origenemcp.tool.get_genome_annotation_report,get_genome_annotation_report,tool,OrigeneMCP,wgs,mcp,RESOLVED,False,"NEEDS_DISPATCHER - route resolved, MCP client not bound",no MCP dispatcher bound to this runtime,"bind an MCP client (1 integration point, unblocks the largest bucket)",NONE,federated,0,,,OrigeneMCP/tools/ncbi/server.py
origenemcp.tool.get_genome_annotation_summary,get_genome_annotation_summary,tool,OrigeneMCP,wgs,mcp,RESOLVED,False,"NEEDS_DISPATCHER - route resolved, MCP client not bound",no MCP dispatcher bound to this runtime,"bind an MCP client (1 integration point, unblocks the largest bucket)",NONE,federated,0,,,OrigeneMCP/tools/ncbi/server.py
origenemcp.tool.get_genome_by_accession,get_genome_by_accession,tool,OrigeneMCP,wgs,mcp,RESOLVED,False,"NEEDS_DISPATCHER - route resolved, MCP client not bound",no MCP dispatcher bound to this runtime,"bind an MCP client (1 integration point, unblocks the largest bucket)",NONE,federated,0,,,OrigeneMCP/tools/ncbi/server.py
origenemcp.tool.get_genome_dataset_report_by_accession,get_genome_dataset_report_by_accession,tool,OrigeneMCP,wgs,mcp,RESOLVED,False,"NEEDS_DISPATCHER - route resolved, MCP client not bound",no MCP dispatcher bound to this runtime,"bind an MCP client (1 integration point, unblocks the largest bucket)",NONE,federated,0,,,OrigeneMCP/tools/ncbi/server.py
origenemcp.tool.get_genome_dataset_report_by_assembly_name,get_genome_dataset_report_by_assembly_name,tool,OrigeneMCP,wgs,mcp,RESOLVED,False,"NEEDS_DISPATCHER - route resolved, MCP client not bound",no MCP dispatcher bound to this runtime,"bind an MCP client (1 integration point, unblocks the largest bucket)",NONE,federated,0,,,OrigeneMCP/tools/ncbi/server.py
origenemcp.tool.get_genome_dataset_report_by_bioproject,get_genome_dataset_report_by_bioproject,tool,OrigeneMCP,wgs,mcp,RESOLVED,False,"NEEDS_DISPATCHER - route resolved, MCP client not bound",no MCP dispatcher bound to this runtime,"bind an MCP client (1 integration point, unblocks the largest bucket)",NONE,federated,0,,,OrigeneMCP/tools/ncbi/server.py
origenemcp.tool.get_genome_dataset_report_by_biosample,get_genome_dataset_report_by_biosample,tool,OrigeneMCP,wgs,mcp,RESOLVED,False,"NEEDS_DISPATCHER - route resolved, MCP client not bound",no MCP dispatcher bound to this runtime,"bind an MCP client (1 integration point, unblocks the largest bucket)",NONE,federated,0,,,OrigeneMCP/tools/ncbi/server.py
origenemcp.tool.get_genome_dataset_report_by_taxon,get_genome_dataset_report_by_taxon,tool,OrigeneMCP,wgs,mcp,RESOLVED,False,"NEEDS_DISPATCHER - route resolved, MCP client not bound",no MCP dispatcher bound to this runtime,"bind an MCP client (1 integration point, unblocks the largest bucket)",NONE,federated,0,,,OrigeneMCP/tools/ncbi/server.py
origenemcp.tool.get_genome_dataset_report_by_wgs,get_genome_dataset_report_by_wgs,tool,OrigeneMCP,wgs,mcp,RESOLVED,False,"NEEDS_DISPATCHER - route resolved, MCP client not bound",no MCP dispatcher bound to this runtime,"bind an MCP client (1 integration point, unblocks the largest bucket)",NONE,federated,0,,,OrigeneMCP/tools/ncbi/server.py
origenemcp.tool.get_genome_download,get_genome_download,tool,OrigeneMCP,wgs,mcp,RESOLVED,False,"NEEDS_DISPATCHER - route resolved, MCP client not bound",no MCP dispatcher bound to this runtime,"bind an MCP client (1 integration point, unblocks the largest bucket)",NONE,federated,0,,,OrigeneMCP/tools/ncbi/server.py
origenemcp.tool.get_genome_download_summary,get_genome_download_summary,tool,OrigeneMCP,wgs,mcp,RESOLVED,False,"NEEDS_DISPATCHER - route resolved, MCP client not bound",no MCP dispatcher bound to this runtime,"bind an MCP client (1 integration point, unblocks the largest bucket)",NONE,federated,0,,,OrigeneMCP/tools/ncbi/server.py
origenemcp.tool.get_genome_links,get_genome_links,tool,OrigeneMCP,wgs,mcp,RESOLVED,False,"NEEDS_DISPATCHER - route resolved, MCP client not bound",no MCP dispatcher bound to this runtime,"bind an MCP client (1 integration point, unblocks the largest bucket)",NONE,federated,0,,,OrigeneMCP/tools/ncbi/server.py
origenemcp.tool.get_genome_revision_history,get_genome_revision_history,tool,OrigeneMCP,wgs,mcp,RESOLVED,False,"NEEDS_DISPATCHER - route resolved, MCP client not bound",no MCP dispatcher bound to this runtime,"bind an MCP client (1 integration point, unblocks the largest bucket)",NONE,federated,0,,,OrigeneMCP/tools/ncbi/server.py
origenemcp.tool.get_genome_sequence_reports,get_genome_sequence_reports,tool,OrigeneMCP,wgs,mcp,RESOLVED,False,"NEEDS_DISPATCHER - route resolved, MCP client not bound",no MCP dispatcher bound to this runtime,"bind an MCP client (1 integration point, unblocks the largest bucket)",NONE,federated,0,,,OrigeneMCP/tools/ncbi/server.py
origenemcp.tool.get_geriatric_use_info_by_drug_name,get_geriatric_use_info_by_drug_name,tool,OrigeneMCP,clinical,mcp,RESOLVED,False,"NEEDS_DISPATCHER - route resolved, MCP client not bound",no MCP dispatcher bound to this runtime,"bind an MCP client (1 integration point, unblocks the largest bucket)",NONE,federated,0,,,OrigeneMCP/tools/tooluniverse/data/fda_drug_labeling_tools.json
origenemcp.tool.get_go_slim,get_go_slim,tool,OrigeneMCP,general,mcp,RESOLVED,False,"NEEDS_DISPATCHER - route resolved, MCP client not bound",no MCP dispatcher bound to this runtime,"bind an MCP client (1 integration point, unblocks the largest bucket)",NONE,federated,0,,,OrigeneMCP/tools/chembl/server.py
origenemcp.tool.get_go_slim_id,get_go_slim_id,tool,OrigeneMCP,general,mcp,RESOLVED,False,"NEEDS_DISPATCHER - route resolved, MCP client not bound",no MCP dispatcher bound to this runtime,"bind an MCP client (1 integration point, unblocks the largest bucket)",NONE,federated,0,,,OrigeneMCP/tools/chembl/server.py
origenemcp.tool.get_go_slim_ids,get_go_slim_ids,tool,OrigeneMCP,general,mcp,RESOLVED,False,"NEEDS_DISPATCHER - route resolved, MCP client not bound",no MCP dispatcher bound to this runtime,"bind an MCP client (1 integration point, unblocks the largest bucket)",NONE,federated,0,,,OrigeneMCP/tools/chembl/server.py
origenemcp.tool.get_health_claims_by_drug_name,get_health_claims_by_drug_name,tool,OrigeneMCP,general,mcp,RESOLVED,False,"NEEDS_DISPATCHER - route resolved, MCP client not bound",no MCP dispatcher bound to this runtime,"bind an MCP client (1 integration point, unblocks the largest bucket)",NONE,federated,0,,,OrigeneMCP/tools/tooluniverse/data/fda_drug_labeling_tools.json
origenemcp.tool.get_homology_id,get_homology_id,tool,OrigeneMCP,wgs,mcp,RESOLVED,False,"NEEDS_DISPATCHER - route resolved, MCP client not bound",no MCP dispatcher bound to this runtime,"bind an MCP client (1 integration point, unblocks the largest bucket)",NONE,federated,0,,,OrigeneMCP/tools/ensembl/server.py
origenemcp.tool.get_homology_symbol,get_homology_symbol,tool,OrigeneMCP,wgs,mcp,RESOLVED,False,"NEEDS_DISPATCHER - route resolved, MCP client not bound",no MCP dispatcher bound to this runtime,"bind an MCP client (1 integration point, unblocks the largest bucket)",NONE,federated,0,,,OrigeneMCP/tools/ensembl/server.py
origenemcp.tool.get_hpo_id_by_phenotype,get_HPO_ID_by_phenotype,tool,OrigeneMCP,general,mcp,RESOLVED,False,"NEEDS_DISPATCHER - route resolved, MCP client not bound",no MCP dispatcher bound to this runtime,"bind an MCP client (1 integration point, unblocks the largest bucket)",NONE,federated,0,,,OrigeneMCP/tools/tooluniverse/data/monarch_tools.json
origenemcp.tool.get_image,get_image,tool,OrigeneMCP,chemistry,mcp,RESOLVED,False,"NEEDS_DISPATCHER - route resolved, MCP client not bound",no MCP dispatcher bound to this runtime,"bind an MCP client (1 integration point, unblocks the largest bucket)",NONE,federated,0,,,OrigeneMCP/tools/chembl/server.py
origenemcp.tool.get_inactive_ingredient_info_by_drug_name,get_inactive_ingredient_info_by_drug_name,tool,OrigeneMCP,general,mcp,RESOLVED,False,"NEEDS_DISPATCHER - route resolved, MCP client not bound",no MCP dispatcher bound to this runtime,"bind an MCP client (1 integration point, unblocks the largest bucket)",NONE,federated,0,,,OrigeneMCP/tools/tooluniverse/data/fda_drug_labeling_tools.json
origenemcp.tool.get_indications_by_drug_name,get_indications_by_drug_name,tool,OrigeneMCP,general,mcp,RESOLVED,False,"NEEDS_DISPATCHER - route resolved, MCP client not bound",no MCP dispatcher bound to this runtime,"bind an MCP client (1 integration point, unblocks the largest bucket)",NONE,federated,0,,,OrigeneMCP/tools/tooluniverse/data/fda_drug_labeling_tools.json
origenemcp.tool.get_info_analysis,get_info_analysis,tool,OrigeneMCP,general,mcp,RESOLVED,False,"NEEDS_DISPATCHER - route resolved, MCP client not bound",no MCP dispatcher bound to this runtime,"bind an MCP client (1 integration point, unblocks the largest bucket)",Apache-2.0,vendor,0,,,OrigeneMCP/tools/ensembl/server.py
origenemcp.tool.get_info_assembly,get_info_assembly,tool,OrigeneMCP,wgs,mcp,RESOLVED,False,"NEEDS_DISPATCHER - route resolved, MCP client not bound",no MCP dispatcher bound to this runtime,"bind an MCP client (1 integration point, unblocks the largest bucket)",NONE,federated,0,,,OrigeneMCP/tools/ensembl/server.py
origenemcp.tool.get_info_biotypes,get_info_biotypes,tool,OrigeneMCP,wgs,mcp,RESOLVED,False,"NEEDS_DISPATCHER - route resolved, MCP client not bound",no MCP dispatcher bound to this runtime,"bind an MCP client (1 integration point, unblocks the largest bucket)",NONE,federated,0,,,OrigeneMCP/tools/ensembl/server.py
origenemcp.tool.get_info_biotypes_groups,get_info_biotypes_groups,tool,OrigeneMCP,general,mcp,RESOLVED,False,"NEEDS_DISPATCHER - route resolved, MCP client not bound",no MCP dispatcher bound to this runtime,"bind an MCP client (1 integration point, unblocks the largest bucket)",NONE,federated,0,,,OrigeneMCP/tools/ensembl/server.py
origenemcp.tool.get_info_biotypes_name,get_info_biotypes_name,tool,OrigeneMCP,general,mcp,RESOLVED,False,"NEEDS_DISPATCHER - route resolved, MCP client not bound",no MCP dispatcher bound to this runtime,"bind an MCP client (1 integration point, unblocks the largest bucket)",NONE,federated,0,,,OrigeneMCP/tools/ensembl/server.py
origenemcp.tool.get_info_compara_methods,get_info_compara_methods,tool,OrigeneMCP,general,mcp,RESOLVED,False,"NEEDS_DISPATCHER - route resolved, MCP client not bound",no MCP dispatcher bound to this runtime,"bind an MCP client (1 integration point, unblocks the largest bucket)",NONE,federated,0,,,OrigeneMCP/tools/ensembl/server.py
origenemcp.tool.get_info_compara_species_sets,get_info_compara_species_sets,tool,OrigeneMCP,general,mcp,RESOLVED,False,"NEEDS_DISPATCHER - route resolved, MCP client not bound",no MCP dispatcher bound to this runtime,"bind an MCP client (1 integration point, unblocks the largest bucket)",NONE,federated,0,,,OrigeneMCP/tools/ensembl/server.py
origenemcp.tool.get_info_comparas,get_info_comparas,tool,OrigeneMCP,wgs,mcp,RESOLVED,False,"NEEDS_DISPATCHER - route resolved, MCP client not bound",no MCP dispatcher bound to this runtime,"bind an MCP client (1 integration point, unblocks the largest bucket)",NONE,federated,0,,,OrigeneMCP/tools/ensembl/server.py
origenemcp.tool.get_info_divisions,get_info_divisions,tool,OrigeneMCP,general,mcp,RESOLVED,False,"NEEDS_DISPATCHER - route resolved, MCP client not bound",no MCP dispatcher bound to this runtime,"bind an MCP client (1 integration point, unblocks the largest bucket)",NONE,federated,0,,,OrigeneMCP/tools/ensembl/server.py
origenemcp.tool.get_info_eg_version,get_info_eg_version,tool,OrigeneMCP,wgs,mcp,RESOLVED,False,"NEEDS_DISPATCHER - route resolved, MCP client not bound",no MCP dispatcher bound to this runtime,"bind an MCP client (1 integration point, unblocks the largest bucket)",NONE,federated,0,,,OrigeneMCP/tools/ensembl/server.py
origenemcp.tool.get_info_external_dbs,get_info_external_dbs,tool,OrigeneMCP,general,mcp,RESOLVED,False,"NEEDS_DISPATCHER - route resolved, MCP client not bound",no MCP dispatcher bound to this runtime,"bind an MCP client (1 integration point, unblocks the largest bucket)",NONE,federated,0,,,OrigeneMCP/tools/ensembl/server.py
origenemcp.tool.get_info_for_nursing_mothers_by_drug_name,get_info_for_nursing_mothers_by_drug_name,tool,OrigeneMCP,general,mcp,RESOLVED,False,"NEEDS_DISPATCHER - route resolved, MCP client not bound",no MCP dispatcher bound to this runtime,"bind an MCP client (1 integration point, unblocks the largest bucket)",NONE,federated,0,,,OrigeneMCP/tools/tooluniverse/data/fda_drug_labeling_tools.json
origenemcp.tool.get_info_for_patients_by_drug_name,get_info_for_patients_by_drug_name,tool,OrigeneMCP,clinical,mcp,RESOLVED,False,"NEEDS_DISPATCHER - route resolved, MCP client not bound",no MCP dispatcher bound to this runtime,"bind an MCP client (1 integration point, unblocks the largest bucket)",NONE,federated,0,,,OrigeneMCP/tools/tooluniverse/data/fda_drug_labeling_tools.json
origenemcp.tool.get_info_genomes,get_info_genomes,tool,OrigeneMCP,wgs,mcp,RESOLVED,False,"NEEDS_DISPATCHER - route resolved, MCP client not bound",no MCP dispatcher bound to this runtime,"bind an MCP client (1 integration point, unblocks the largest bucket)",NONE,federated,0,,,OrigeneMCP/tools/ensembl/server.py
origenemcp.tool.get_info_genomes_accession,get_info_genomes_accession,tool,OrigeneMCP,wgs,mcp,RESOLVED,False,"NEEDS_DISPATCHER - route resolved, MCP client not bound",no MCP dispatcher bound to this runtime,"bind an MCP client (1 integration point, unblocks the largest bucket)",NONE,federated,0,,,OrigeneMCP/tools/ensembl/server.py
origenemcp.tool.get_info_genomes_assembly,get_info_genomes_assembly,tool,OrigeneMCP,wgs,mcp,RESOLVED,False,"NEEDS_DISPATCHER - route resolved, MCP client not bound",no MCP dispatcher bound to this runtime,"bind an MCP client (1 integration point, unblocks the largest bucket)",NONE,federated,0,,,OrigeneMCP/tools/ensembl/server.py
origenemcp.tool.get_info_genomes_division,get_info_genomes_division,tool,OrigeneMCP,wgs,mcp,RESOLVED,False,"NEEDS_DISPATCHER - route resolved, MCP client not bound",no MCP dispatcher bound to this runtime,"bind an MCP client (1 integration point, unblocks the largest bucket)",NONE,federated,0,,,OrigeneMCP/tools/ensembl/server.py
origenemcp.tool.get_info_genomes_taxonomy,get_info_genomes_taxonomy,tool,OrigeneMCP,wgs,mcp,RESOLVED,False,"NEEDS_DISPATCHER - route resolved, MCP client not bound",no MCP dispatcher bound to this runtime,"bind an MCP client (1 integration point, unblocks the largest bucket)",NONE,federated,0,,,OrigeneMCP/tools/ensembl/server.py
origenemcp.tool.get_info_on_conditions_for_doctor_consultation_by_drug_name,get_info_on_conditions_for_doctor_consultation_by_drug_name,tool,OrigeneMCP,clinical,mcp,RESOLVED,False,"NEEDS_DISPATCHER - route resolved, MCP client not bound",no MCP dispatcher bound to this runtime,"bind an MCP client (1 integration point, unblocks the largest bucket)",NONE,federated,0,,,OrigeneMCP/tools/tooluniverse/data/fda_drug_labeling_tools.json
origenemcp.tool.get_info_on_consulting_doctor_pharmacist_for_drug_interactions_by_drug_name,get_info_on_consulting_doctor_pharmacist_for_drug_interactions_by_drug_name,tool,OrigeneMCP,general,mcp,RESOLVED,False,"NEEDS_DISPATCHER - route resolved, MCP client not bound",no MCP dispatcher bound to this runtime,"bind an MCP client (1 integration point, unblocks the largest bucket)",NONE,federated,0,,,OrigeneMCP/tools/tooluniverse/data/fda_drug_labeling_tools.json
origenemcp.tool.get_info_ping,get_info_ping,tool,OrigeneMCP,general,mcp,RESOLVED,False,"NEEDS_DISPATCHER - route resolved, MCP client not bound",no MCP dispatcher bound to this runtime,"bind an MCP client (1 integration point, unblocks the largest bucket)",NONE,federated,0,,,OrigeneMCP/tools/ensembl/server.py
origenemcp.tool.get_info_rest,get_info_rest,tool,OrigeneMCP,general,mcp,RESOLVED,False,"NEEDS_DISPATCHER - route resolved, MCP client not bound",no MCP dispatcher bound to this runtime,"bind an MCP client (1 integration point, unblocks the largest bucket)",NONE,federated,0,,,OrigeneMCP/tools/ensembl/server.py
origenemcp.tool.get_info_software,get_info_software,tool,OrigeneMCP,general,mcp,RESOLVED,False,"NEEDS_DISPATCHER - route resolved, MCP client not bound",no MCP dispatcher bound to this runtime,"bind an MCP client (1 integration point, unblocks the largest bucket)",NONE,federated,0,,,OrigeneMCP/tools/ensembl/server.py
origenemcp.tool.get_info_species,get_info_species,tool,OrigeneMCP,wgs,mcp,RESOLVED,False,"NEEDS_DISPATCHER - route resolved, MCP client not bound",no MCP dispatcher bound to this runtime,"bind an MCP client (1 integration point, unblocks the largest bucket)",NONE,federated,0,,,OrigeneMCP/tools/ensembl/server.py
origenemcp.tool.get_info_variation,get_info_variation,tool,OrigeneMCP,general,mcp,RESOLVED,False,"NEEDS_DISPATCHER - route resolved, MCP client not bound",no MCP dispatcher bound to this runtime,"bind an MCP client (1 integration point, unblocks the largest bucket)",NONE,federated,0,,,OrigeneMCP/tools/ensembl/server.py
origenemcp.tool.get_info_variation_consequence_types,get_info_variation_consequence_types,tool,OrigeneMCP,general,mcp,RESOLVED,False,"NEEDS_DISPATCHER - route resolved, MCP client not bound",no MCP dispatcher bound to this runtime,"bind an MCP client (1 integration point, unblocks the largest bucket)",NONE,federated,0,,,OrigeneMCP/tools/ensembl/server.py
origenemcp.tool.get_info_variation_populations,get_info_variation_populations,tool,OrigeneMCP,wgs,mcp,RESOLVED,False,"NEEDS_DISPATCHER - route resolved, MCP client not bound",no MCP dispatcher bound to this runtime,"bind an MCP client (1 integration point, unblocks the largest bucket)",NONE,federated,0,,,OrigeneMCP/tools/ensembl/server.py
origenemcp.tool.get_information_for_owners_or_caregivers_by_drug_name,get_information_for_owners_or_caregivers_by_drug_name,tool,OrigeneMCP,general,mcp,RESOLVED,False,"NEEDS_DISPATCHER - route resolved, MCP client not bound",no MCP dispatcher bound to this runtime,"bind an MCP client (1 integration point, unblocks the largest bucket)",NONE,federated,0,,,OrigeneMCP/tools/tooluniverse/data/fda_drug_labeling_tools.json
origenemcp.tool.get_ingredients_by_drug_name,get_ingredients_by_drug_name,tool,OrigeneMCP,general,mcp,RESOLVED,False,"NEEDS_DISPATCHER - route resolved, MCP client not bound",no MCP dispatcher bound to this runtime,"bind an MCP client (1 integration point, unblocks the largest bucket)",NONE,federated,0,,,OrigeneMCP/tools/tooluniverse/data/fda_drug_labeling_tools.json
origenemcp.tool.get_instructions_for_use_by_drug_name,get_instructions_for_use_by_drug_name,tool,OrigeneMCP,general,mcp,RESOLVED,False,"NEEDS_DISPATCHER - route resolved, MCP client not bound",no MCP dispatcher bound to this runtime,"bind an MCP client (1 integration point, unblocks the largest bucket)",NONE,federated,0,,,OrigeneMCP/tools/tooluniverse/data/fda_drug_labeling_tools.json
origenemcp.tool.get_isomeric_smiles,get_isomeric_smiles,tool,OrigeneMCP,chemistry,mcp,RESOLVED,False,"NEEDS_DISPATCHER - route resolved, MCP client not bound",no MCP dispatcher bound to this runtime,"bind an MCP client (1 integration point, unblocks the largest bucket)",NONE,federated,0,,,OrigeneMCP/tools/pubchem/server.py
origenemcp.tool.get_iupac_name,get_iupac_name,tool,OrigeneMCP,general,mcp,RESOLVED,False,"NEEDS_DISPATCHER - route resolved, MCP client not bound",no MCP dispatcher bound to this runtime,"bind an MCP client (1 integration point, unblocks the largest bucket)",NONE,federated,0,,,OrigeneMCP/tools/pubchem/server.py
origenemcp.tool.get_known_drugs_by_drug_chemblid,get_known_drugs_by_drug_chemblId,tool,OrigeneMCP,clinical,mcp,RESOLVED,False,"NEEDS_DISPATCHER - route resolved, MCP client not bound",no MCP dispatcher bound to this runtime,"bind an MCP client (1 integration point, unblocks the largest bucket)",NONE,federated,0,,,OrigeneMCP/tools/tooluniverse/data/opentarget_tools.json
origenemcp.tool.get_lab_test_interference_info_by_drug_name,get_lab_test_interference_info_by_drug_name,tool,OrigeneMCP,general,mcp,RESOLVED,False,"NEEDS_DISPATCHER - route resolved, MCP client not bound",no MCP dispatcher bound to this runtime,"bind an MCP client (1 integration point, unblocks the largest bucket)",NONE,federated,0,,,OrigeneMCP/tools/tooluniverse/data/fda_drug_labeling_tools.json
origenemcp.tool.get_lab_tests_by_drug_name,get_lab_tests_by_drug_name,tool,OrigeneMCP,general,mcp,RESOLVED,False,"NEEDS_DISPATCHER - route resolved, MCP client not bound",no MCP dispatcher bound to this runtime,"bind an MCP client (1 integration point, unblocks the largest bucket)",NONE,federated,0,,,OrigeneMCP/tools/tooluniverse/data/fda_drug_labeling_tools.json
origenemcp.tool.get_ld,get_ld,tool,OrigeneMCP,wgs,mcp,RESOLVED,False,"NEEDS_DISPATCHER - route resolved, MCP client not bound",no MCP dispatcher bound to this runtime,"bind an MCP client (1 integration point, unblocks the largest bucket)",NONE,federated,0,,,OrigeneMCP/tools/ensembl/server.py
origenemcp.tool.get_ld_pairwise,get_ld_pairwise,tool,OrigeneMCP,general,mcp,RESOLVED,False,"NEEDS_DISPATCHER - route resolved, MCP client not bound",no MCP dispatcher bound to this runtime,"bind an MCP client (1 integration point, unblocks the largest bucket)",NONE,federated,0,,,OrigeneMCP/tools/ensembl/server.py
origenemcp.tool.get_ld_region,get_ld_region,tool,OrigeneMCP,wgs,mcp,RESOLVED,False,"NEEDS_DISPATCHER - route resolved, MCP client not bound",no MCP dispatcher bound to this runtime,"bind an MCP client (1 integration point, unblocks the largest bucket)",NONE,federated,0,,,OrigeneMCP/tools/ensembl/server.py
origenemcp.tool.get_lookup_id,get_lookup_id,tool,OrigeneMCP,general,mcp,RESOLVED,False,"NEEDS_DISPATCHER - route resolved, MCP client not bound",no MCP dispatcher bound to this runtime,"bind an MCP client (1 integration point, unblocks the largest bucket)",NONE,federated,0,,,OrigeneMCP/tools/ensembl/server.py
origenemcp.tool.get_lookup_symbol,get_lookup_symbol,tool,OrigeneMCP,wgs,mcp,RESOLVED,False,"NEEDS_DISPATCHER - route resolved, MCP client not bound",no MCP dispatcher bound to this runtime,"bind an MCP client (1 integration point, unblocks the largest bucket)",NONE,federated,0,,,OrigeneMCP/tools/ensembl/server.py
origenemcp.tool.get_map,get_map,tool,OrigeneMCP,wgs,mcp,RESOLVED,False,"NEEDS_DISPATCHER - route resolved, MCP client not bound",no MCP dispatcher bound to this runtime,"bind an MCP client (1 integration point, unblocks the largest bucket)",NONE,federated,0,,,OrigeneMCP/tools/ensembl/server.py
origenemcp.tool.get_map_cdna,get_map_cdna,tool,OrigeneMCP,wgs,mcp,RESOLVED,False,"NEEDS_DISPATCHER - route resolved, MCP client not bound",no MCP dispatcher bound to this runtime,"bind an MCP client (1 integration point, unblocks the largest bucket)",NONE,federated,0,,,OrigeneMCP/tools/ensembl/server.py
origenemcp.tool.get_map_cds,get_map_cds,tool,OrigeneMCP,wgs,mcp,RESOLVED,False,"NEEDS_DISPATCHER - route resolved, MCP client not bound",no MCP dispatcher bound to this runtime,"bind an MCP client (1 integration point, unblocks the largest bucket)",NONE,federated,0,,,OrigeneMCP/tools/ensembl/server.py
origenemcp.tool.get_map_translation,get_map_translation,tool,OrigeneMCP,wgs,mcp,RESOLVED,False,"NEEDS_DISPATCHER - route resolved, MCP client not bound",no MCP dispatcher bound to this runtime,"bind an MCP client (1 integration point, unblocks the largest bucket)",NONE,federated,0,,,OrigeneMCP/tools/ensembl/server.py
origenemcp.tool.get_mechanism,get_mechanism,tool,OrigeneMCP,general,mcp,RESOLVED,False,"NEEDS_DISPATCHER - route resolved, MCP client not bound",no MCP dispatcher bound to this runtime,"bind an MCP client (1 integration point, unblocks the largest bucket)",NONE,federated,0,,,OrigeneMCP/tools/chembl/server.py
origenemcp.tool.get_mechanism_id,get_mechanism_id,tool,OrigeneMCP,general,mcp,RESOLVED,False,"NEEDS_DISPATCHER - route resolved, MCP client not bound",no MCP dispatcher bound to this runtime,"bind an MCP client (1 integration point, unblocks the largest bucket)",NONE,federated,0,,,OrigeneMCP/tools/chembl/server.py
origenemcp.tool.get_mechanism_ids,get_mechanism_ids,tool,OrigeneMCP,general,mcp,RESOLVED,False,"NEEDS_DISPATCHER - route resolved, MCP client not bound",no MCP dispatcher bound to this runtime,"bind an MCP client (1 integration point, unblocks the largest bucket)",NONE,federated,0,,,OrigeneMCP/tools/chembl/server.py
origenemcp.tool.get_mechanism_of_action_by_drug_name,get_mechanism_of_action_by_drug_name,tool,OrigeneMCP,general,mcp,RESOLVED,False,"NEEDS_DISPATCHER - route resolved, MCP client not bound",no MCP dispatcher bound to this runtime,"bind an MCP client (1 integration point, unblocks the largest bucket)",NONE,federated,0,,,OrigeneMCP/tools/tooluniverse/data/fda_drug_labeling_tools.json
origenemcp.tool.get_medication_guide_info_by_drug_name,get_medication_guide_info_by_drug_name,tool,OrigeneMCP,clinical,mcp,RESOLVED,False,"NEEDS_DISPATCHER - route resolved, MCP client not bound",no MCP dispatcher bound to this runtime,"bind an MCP client (1 integration point, unblocks the largest bucket)",NONE,federated,0,,,OrigeneMCP/tools/tooluniverse/data/fda_drug_labeling_tools.json
origenemcp.tool.get_metabolism,get_metabolism,tool,OrigeneMCP,general,mcp,RESOLVED,False,"NEEDS_DISPATCHER - route resolved, MCP client not bound",no MCP dispatcher bound to this runtime,"bind an MCP client (1 integration point, unblocks the largest bucket)",NONE,federated,0,,,OrigeneMCP/tools/chembl/server.py
origenemcp.tool.get_metabolism_id,get_metabolism_id,tool,OrigeneMCP,general,mcp,RESOLVED,False,"NEEDS_DISPATCHER - route resolved, MCP client not bound",no MCP dispatcher bound to this runtime,"bind an MCP client (1 integration point, unblocks the largest bucket)",NONE,federated,0,,,OrigeneMCP/tools/chembl/server.py
origenemcp.tool.get_metabolism_ids,get_metabolism_ids,tool,OrigeneMCP,general,mcp,RESOLVED,False,"NEEDS_DISPATCHER - route resolved, MCP client not bound",no MCP dispatcher bound to this runtime,"bind an MCP client (1 integration point, unblocks the largest bucket)",NONE,federated,0,,,OrigeneMCP/tools/chembl/server.py
origenemcp.tool.get_metadata,get_metadata,tool,OrigeneMCP,general,mcp,RESOLVED,False,"NEEDS_DISPATCHER - route resolved, MCP client not bound",no MCP dispatcher bound to this runtime,"bind an MCP client (1 integration point, unblocks the largest bucket)",NONE,federated,0,,,OrigeneMCP/tools/clinicaltrials/server.py
origenemcp.tool.get_molecular_formula,get_molecular_formula,tool,OrigeneMCP,chemistry,mcp,RESOLVED,False,"NEEDS_DISPATCHER - route resolved, MCP client not bound",no MCP dispatcher bound to this runtime,"bind an MCP client (1 integration point, unblocks the largest bucket)",NONE,federated,0,,,OrigeneMCP/tools/pubchem/server.py
origenemcp.tool.get_molecular_weight,get_molecular_weight,tool,OrigeneMCP,chemistry,mcp,RESOLVED,False,"NEEDS_DISPATCHER - route resolved, MCP client not bound",no MCP dispatcher bound to this runtime,"bind an MCP client (1 integration point, unblocks the largest bucket)",NONE,federated,0,,,OrigeneMCP/tools/pubchem/server.py
origenemcp.tool.get_molecule_form,get_molecule_form,tool,OrigeneMCP,chemistry,mcp,RESOLVED,False,"NEEDS_DISPATCHER - route resolved, MCP client not bound",no MCP dispatcher bound to this runtime,"bind an MCP client (1 integration point, unblocks the largest bucket)",NONE,federated,0,,,OrigeneMCP/tools/chembl/server.py
origenemcp.tool.get_molecule_form_id,get_molecule_form_id,tool,OrigeneMCP,chemistry,mcp,RESOLVED,False,"NEEDS_DISPATCHER - route resolved, MCP client not bound",no MCP dispatcher bound to this runtime,"bind an MCP client (1 integration point, unblocks the largest bucket)",NONE,federated,0,,,OrigeneMCP/tools/chembl/server.py
origenemcp.tool.get_molecule_form_ids,get_molecule_form_ids,tool,OrigeneMCP,chemistry,mcp,RESOLVED,False,"NEEDS_DISPATCHER - route resolved, MCP client not bound",no MCP dispatcher bound to this runtime,"bind an MCP client (1 integration point, unblocks the largest bucket)",NONE,federated,0,,,OrigeneMCP/tools/chembl/server.py
origenemcp.tool.get_molecule_id,get_molecule_id,tool,OrigeneMCP,chemistry,mcp,RESOLVED,False,"NEEDS_DISPATCHER - route resolved, MCP client not bound",no MCP dispatcher bound to this runtime,"bind an MCP client (1 integration point, unblocks the largest bucket)",NONE,federated,0,,,OrigeneMCP/tools/chembl/server.py
origenemcp.tool.get_molecule_ids,get_molecule_ids,tool,OrigeneMCP,chemistry,mcp,RESOLVED,False,"NEEDS_DISPATCHER - route resolved, MCP client not bound",no MCP dispatcher bound to this runtime,"bind an MCP client (1 integration point, unblocks the largest bucket)",NONE,federated,0,,,OrigeneMCP/tools/chembl/server.py
origenemcp.tool.get_nonclinical_toxicology_info_by_drug_name,get_nonclinical_toxicology_info_by_drug_name,tool,OrigeneMCP,general,mcp,RESOLVED,False,"NEEDS_DISPATCHER - route resolved, MCP client not bound",no MCP dispatcher bound to this runtime,"bind an MCP client (1 integration point, unblocks the largest bucket)",NONE,federated,0,,,OrigeneMCP/tools/tooluniverse/data/fda_drug_labeling_tools.json
origenemcp.tool.get_nonteratogenic_effects_by_drug_name,get_nonteratogenic_effects_by_drug_name,tool,OrigeneMCP,general,mcp,RESOLVED,False,"NEEDS_DISPATCHER - route resolved, MCP client not bound",no MCP dispatcher bound to this runtime,"bind an MCP client (1 integration point, unblocks the largest bucket)",NONE,federated,0,,,OrigeneMCP/tools/tooluniverse/data/fda_drug_labeling_tools.json
origenemcp.tool.get_ontology_ancestors,get_ontology_ancestors,tool,OrigeneMCP,general,mcp,RESOLVED,False,"NEEDS_DISPATCHER - route resolved, MCP client not bound",no MCP dispatcher bound to this runtime,"bind an MCP client (1 integration point, unblocks the largest bucket)",NONE,federated,0,,,OrigeneMCP/tools/ensembl/server.py
origenemcp.tool.get_ontology_ancestors_chart,get_ontology_ancestors_chart,tool,OrigeneMCP,general,mcp,RESOLVED,False,"NEEDS_DISPATCHER - route resolved, MCP client not bound",no MCP dispatcher bound to this runtime,"bind an MCP client (1 integration point, unblocks the largest bucket)",NONE,federated,0,,,OrigeneMCP/tools/ensembl/server.py
origenemcp.tool.get_ontology_descendants,get_ontology_descendants,tool,OrigeneMCP,general,mcp,RESOLVED,False,"NEEDS_DISPATCHER - route resolved, MCP client not bound",no MCP dispatcher bound to this runtime,"bind an MCP client (1 integration point, unblocks the largest bucket)",NONE,federated,0,,,OrigeneMCP/tools/ensembl/server.py
origenemcp.tool.get_ontology_id,get_ontology_id,tool,OrigeneMCP,general,mcp,RESOLVED,False,"NEEDS_DISPATCHER - route resolved, MCP client not bound",no MCP dispatcher bound to this runtime,"bind an MCP client (1 integration point, unblocks the largest bucket)",NONE,federated,0,,,OrigeneMCP/tools/ensembl/server.py
origenemcp.tool.get_ontology_name,get_ontology_name,tool,OrigeneMCP,general,mcp,RESOLVED,False,"NEEDS_DISPATCHER - route resolved, MCP client not bound",no MCP dispatcher bound to this runtime,"bind an MCP client (1 integration point, unblocks the largest bucket)",NONE,federated,0,,,OrigeneMCP/tools/ensembl/server.py
origenemcp.tool.get_organelle_by_taxon_dataset_report,get_organelle_by_taxon_dataset_report,tool,OrigeneMCP,general,mcp,RESOLVED,False,"NEEDS_DISPATCHER - route resolved, MCP client not bound",no MCP dispatcher bound to this runtime,"bind an MCP client (1 integration point, unblocks the largest bucket)",NONE,federated,0,,,OrigeneMCP/tools/ncbi/server.py
origenemcp.tool.get_organelle_dataset_report,get_organelle_dataset_report,tool,OrigeneMCP,general,mcp,RESOLVED,False,"NEEDS_DISPATCHER - route resolved, MCP client not bound",no MCP dispatcher bound to this runtime,"bind an MCP client (1 integration point, unblocks the largest bucket)",NONE,federated,0,,,OrigeneMCP/tools/ncbi/server.py
origenemcp.tool.get_organelle_download,get_organelle_download,tool,OrigeneMCP,general,mcp,RESOLVED,False,"NEEDS_DISPATCHER - route resolved, MCP client not bound",no MCP dispatcher bound to this runtime,"bind an MCP client (1 integration point, unblocks the largest bucket)",NONE,federated,0,,,OrigeneMCP/tools/ncbi/server.py
origenemcp.tool.get_organism,get_organism,tool,OrigeneMCP,general,mcp,RESOLVED,False,"NEEDS_DISPATCHER - route resolved, MCP client not bound",no MCP dispatcher bound to this runtime,"bind an MCP client (1 integration point, unblocks the largest bucket)",NONE,federated,0,,,OrigeneMCP/tools/chembl/server.py
origenemcp.tool.get_organism_id,get_organism_id,tool,OrigeneMCP,general,mcp,RESOLVED,False,"NEEDS_DISPATCHER - route resolved, MCP client not bound",no MCP dispatcher bound to this runtime,"bind an MCP client (1 integration point, unblocks the largest bucket)",NONE,federated,0,,,OrigeneMCP/tools/chembl/server.py
origenemcp.tool.get_organism_ids,get_organism_ids,tool,OrigeneMCP,general,mcp,RESOLVED,False,"NEEDS_DISPATCHER - route resolved, MCP client not bound",no MCP dispatcher bound to this runtime,"bind an MCP client (1 integration point, unblocks the largest bucket)",NONE,federated,0,,,OrigeneMCP/tools/chembl/server.py
origenemcp.tool.get_other_safety_info_by_drug_name,get_other_safety_info_by_drug_name,tool,OrigeneMCP,general,mcp,RESOLVED,False,"NEEDS_DISPATCHER - route resolved, MCP client not bound",no MCP dispatcher bound to this runtime,"bind an MCP client (1 integration point, unblocks the largest bucket)",NONE,federated,0,,,OrigeneMCP/tools/tooluniverse/data/fda_drug_labeling_tools.json
origenemcp.tool.get_overdosage_info_by_drug_name,get_overdosage_info_by_drug_name,tool,OrigeneMCP,general,mcp,RESOLVED,False,"NEEDS_DISPATCHER - route resolved, MCP client not bound",no MCP dispatcher bound to this runtime,"bind an MCP client (1 integration point, unblocks the largest bucket)",NONE,federated,0,,,OrigeneMCP/tools/tooluniverse/data/fda_drug_labeling_tools.json
origenemcp.tool.get_overlap_id,get_overlap_id,tool,OrigeneMCP,general,mcp,RESOLVED,False,"NEEDS_DISPATCHER - route resolved, MCP client not bound",no MCP dispatcher bound to this runtime,"bind an MCP client (1 integration point, unblocks the largest bucket)",NONE,federated,0,,,OrigeneMCP/tools/ensembl/server.py
origenemcp.tool.get_overlap_region,get_overlap_region,tool,OrigeneMCP,wgs,mcp,RESOLVED,False,"NEEDS_DISPATCHER - route resolved, MCP client not bound",no MCP dispatcher bound to this runtime,"bind an MCP client (1 integration point, unblocks the largest bucket)",NONE,federated,0,,,OrigeneMCP/tools/ensembl/server.py
origenemcp.tool.get_overlap_translation,get_overlap_translation,tool,OrigeneMCP,wgs,mcp,RESOLVED,False,"NEEDS_DISPATCHER - route resolved, MCP client not bound",no MCP dispatcher bound to this runtime,"bind an MCP client (1 integration point, unblocks the largest bucket)",NONE,federated,0,,,OrigeneMCP/tools/ensembl/server.py
origenemcp.tool.get_parent_child_molecules_by_drug_chembl_id,get_parent_child_molecules_by_drug_chembl_ID,tool,OrigeneMCP,chemistry,mcp,RESOLVED,False,"NEEDS_DISPATCHER - route resolved, MCP client not bound",no MCP dispatcher bound to this runtime,"bind an MCP client (1 integration point, unblocks the largest bucket)",NONE,federated,0,,,OrigeneMCP/tools/tooluniverse/data/opentarget_tools.json
origenemcp.tool.get_patient_package_insert_from_drug_name,get_patient_package_insert_from_drug_name,tool,OrigeneMCP,clinical,mcp,RESOLVED,False,"NEEDS_DISPATCHER - route resolved, MCP client not bound",no MCP dispatcher bound to this runtime,"bind an MCP client (1 integration point, unblocks the largest bucket)",NONE,federated,0,,,OrigeneMCP/tools/tooluniverse/data/fda_drug_labeling_tools.json
origenemcp.tool.get_pediatric_use_info_by_drug_name,get_pediatric_use_info_by_drug_name,tool,OrigeneMCP,general,mcp,RESOLVED,False,"NEEDS_DISPATCHER - route resolved, MCP client not bound",no MCP dispatcher bound to this runtime,"bind an MCP client (1 integration point, unblocks the largest bucket)",NONE,federated,0,,,OrigeneMCP/tools/tooluniverse/data/fda_drug_labeling_tools.json
origenemcp.tool.get_pharmacogenomics_info_by_drug_name,get_pharmacogenomics_info_by_drug_name,tool,OrigeneMCP,wgs,mcp,RESOLVED,False,"NEEDS_DISPATCHER - route resolved, MCP client not bound",no MCP dispatcher bound to this runtime,"bind an MCP client (1 integration point, unblocks the largest bucket)",NONE,federated,0,,,OrigeneMCP/tools/tooluniverse/data/fda_drug_labeling_tools.json
origenemcp.tool.get_pharmacokinetics_by_drug_name,get_pharmacokinetics_by_drug_name,tool,OrigeneMCP,clinical,mcp,RESOLVED,False,"NEEDS_DISPATCHER - route resolved, MCP client not bound",no MCP dispatcher bound to this runtime,"bind an MCP client (1 integration point, unblocks the largest bucket)",NONE,federated,0,,,OrigeneMCP/tools/tooluniverse/data/fda_drug_labeling_tools.json
origenemcp.tool.get_phenotype_accession,get_phenotype_accession,tool,OrigeneMCP,literature,mcp,RESOLVED,False,"NEEDS_DISPATCHER - route resolved, MCP client not bound",no MCP dispatcher bound to this runtime,"bind an MCP client (1 integration point, unblocks the largest bucket)",NONE,federated,0,,,OrigeneMCP/tools/ensembl/server.py
origenemcp.tool.get_phenotype_gene,get_phenotype_gene,tool,OrigeneMCP,literature,mcp,RESOLVED,False,"NEEDS_DISPATCHER - route resolved, MCP client not bound",no MCP dispatcher bound to this runtime,"bind an MCP client (1 integration point, unblocks the largest bucket)",NONE,federated,0,,,OrigeneMCP/tools/ensembl/server.py
origenemcp.tool.get_phenotype_region,get_phenotype_region,tool,OrigeneMCP,wgs,mcp,RESOLVED,False,"NEEDS_DISPATCHER - route resolved, MCP client not bound",no MCP dispatcher bound to this runtime,"bind an MCP client (1 integration point, unblocks the largest bucket)",NONE,federated,0,,,OrigeneMCP/tools/ensembl/server.py
origenemcp.tool.get_population_use_info_by_drug_name,get_population_use_info_by_drug_name,tool,OrigeneMCP,general,mcp,RESOLVED,False,"NEEDS_DISPATCHER - route resolved, MCP client not bound",no MCP dispatcher bound to this runtime,"bind an MCP client (1 integration point, unblocks the largest bucket)",NONE,federated,0,,,OrigeneMCP/tools/tooluniverse/data/fda_drug_labeling_tools.json
origenemcp.tool.get_ppi_enrichment,get_ppi_enrichment,tool,OrigeneMCP,general,mcp,RESOLVED,False,"NEEDS_DISPATCHER - route resolved, MCP client not bound",no MCP dispatcher bound to this runtime,"bind an MCP client (1 integration point, unblocks the largest bucket)",NONE,federated,0,,,OrigeneMCP/tools/STRING/server.py
origenemcp.tool.get_precautions_by_drug_name,get_precautions_by_drug_name,tool,OrigeneMCP,general,mcp,RESOLVED,False,"NEEDS_DISPATCHER - route resolved, MCP client not bound",no MCP dispatcher bound to this runtime,"bind an MCP client (1 integration point, unblocks the largest bucket)",NONE,federated,0,,,OrigeneMCP/tools/tooluniverse/data/fda_drug_labeling_tools.json
origenemcp.tool.get_pregnancy_effects_info_by_drug_name,get_pregnancy_effects_info_by_drug_name,tool,OrigeneMCP,general,mcp,RESOLVED,False,"NEEDS_DISPATCHER - route resolved, MCP client not bound",no MCP dispatcher bound to this runtime,"bind an MCP client (1 integration point, unblocks the largest bucket)",NONE,federated,0,,,OrigeneMCP/tools/tooluniverse/data/fda_drug_labeling_tools.json
origenemcp.tool.get_principal_display_panel_by_drug_name,get_principal_display_panel_by_drug_name,tool,OrigeneMCP,general,mcp,RESOLVED,False,"NEEDS_DISPATCHER - route resolved, MCP client not bound",no MCP dispatcher bound to this runtime,"bind an MCP client (1 integration point, unblocks the largest bucket)",NONE,federated,0,,,OrigeneMCP/tools/tooluniverse/data/fda_drug_labeling_tools.json
origenemcp.tool.get_prokaryote_gene_dataset_by_refseq_protein_accession,get_prokaryote_gene_dataset_by_refseq_protein_accession,tool,OrigeneMCP,general,mcp,RESOLVED,False,"NEEDS_DISPATCHER - route resolved, MCP client not bound",no MCP dispatcher bound to this runtime,"bind an MCP client (1 integration point, unblocks the largest bucket)",NONE,federated,0,,,OrigeneMCP/tools/ncbi/server.py
origenemcp.tool.get_protein_classification_id,get_protein_classification_id,tool,OrigeneMCP,general,mcp,RESOLVED,False,"NEEDS_DISPATCHER - route resolved, MCP client not bound",no MCP dispatcher bound to this runtime,"bind an MCP client (1 integration point, unblocks the largest bucket)",NONE,federated,0,,,OrigeneMCP/tools/chembl/server.py
origenemcp.tool.get_protein_classification_ids,get_protein_classification_ids,tool,OrigeneMCP,general,mcp,RESOLVED,False,"NEEDS_DISPATCHER - route resolved, MCP client not bound",no MCP dispatcher bound to this runtime,"bind an MCP client (1 integration point, unblocks the largest bucket)",NONE,federated,0,,,OrigeneMCP/tools/chembl/server.py
origenemcp.tool.get_protein_summary_by_accession,get_protein_summary_by_accession,tool,OrigeneMCP,general,mcp,RESOLVED,False,"NEEDS_DISPATCHER - route resolved, MCP client not bound",no MCP dispatcher bound to this runtime,"bind an MCP client (1 integration point, unblocks the largest bucket)",NONE,federated,0,,,OrigeneMCP/tools/pubchem/server.py
origenemcp.tool.get_proteome_by_id,get_proteome_by_id,tool,OrigeneMCP,proteomics,mcp,RESOLVED,False,"NEEDS_DISPATCHER - route resolved, MCP client not bound",no MCP dispatcher bound to this runtime,"bind an MCP client (1 integration point, unblocks the largest bucket)",NONE,federated,0,,,OrigeneMCP/tools/uniprot/server.py
origenemcp.tool.get_pubchem_compound_by_cid,get_pubchem_compound_by_cid,tool,OrigeneMCP,general,mcp,RESOLVED,False,"NEEDS_DISPATCHER - route resolved, MCP client not bound",no MCP dispatcher bound to this runtime,"bind an MCP client (1 integration point, unblocks the largest bucket)",NONE,federated,0,,,OrigeneMCP/tools/pubchem/server.py
origenemcp.tool.get_publications_by_disease_efoid,get_publications_by_disease_efoId,tool,OrigeneMCP,literature,mcp,RESOLVED,False,"NEEDS_DISPATCHER - route resolved, MCP client not bound",no MCP dispatcher bound to this runtime,"bind an MCP client (1 integration point, unblocks the largest bucket)",NONE,federated,0,,,OrigeneMCP/tools/tooluniverse/data/opentarget_tools.json
origenemcp.tool.get_publications_by_disease_name,get_publications_by_disease_name,tool,OrigeneMCP,literature,mcp,RESOLVED,False,"NEEDS_DISPATCHER - route resolved, MCP client not bound",no MCP dispatcher bound to this runtime,"bind an MCP client (1 integration point, unblocks the largest bucket)",NONE,federated,0,,,OrigeneMCP/tools/tooluniverse/server.py
origenemcp.tool.get_publications_by_drug_chemblid,get_publications_by_drug_chemblId,tool,OrigeneMCP,literature,mcp,RESOLVED,False,"NEEDS_DISPATCHER - route resolved, MCP client not bound",no MCP dispatcher bound to this runtime,"bind an MCP client (1 integration point, unblocks the largest bucket)",NONE,federated,0,,,OrigeneMCP/tools/tooluniverse/data/opentarget_tools.json
origenemcp.tool.get_publications_by_drug_name,get_publications_by_drug_name,tool,OrigeneMCP,literature,mcp,RESOLVED,False,"NEEDS_DISPATCHER - route resolved, MCP client not bound",no MCP dispatcher bound to this runtime,"bind an MCP client (1 integration point, unblocks the largest bucket)",NONE,federated,0,,,OrigeneMCP/tools/tooluniverse/server.py
origenemcp.tool.get_publications_by_target_ensemblid,get_publications_by_target_ensemblID,tool,OrigeneMCP,literature,mcp,RESOLVED,False,"NEEDS_DISPATCHER - route resolved, MCP client not bound",no MCP dispatcher bound to this runtime,"bind an MCP client (1 integration point, unblocks the largest bucket)",NONE,federated,0,,,OrigeneMCP/tools/tooluniverse/data/opentarget_tools.json
origenemcp.tool.get_publications_by_target_name,get_publications_by_target_name,tool,OrigeneMCP,literature,mcp,RESOLVED,False,"NEEDS_DISPATCHER - route resolved, MCP client not bound",no MCP dispatcher bound to this runtime,"bind an MCP client (1 integration point, unblocks the largest bucket)",NONE,federated,0,,,OrigeneMCP/tools/tooluniverse/server.py
origenemcp.tool.get_purpose_info_by_drug_name,get_purpose_info_by_drug_name,tool,OrigeneMCP,general,mcp,RESOLVED,False,"NEEDS_DISPATCHER - route resolved, MCP client not bound",no MCP dispatcher bound to this runtime,"bind an MCP client (1 integration point, unblocks the largest bucket)",NONE,federated,0,,,OrigeneMCP/tools/tooluniverse/data/fda_drug_labeling_tools.json
origenemcp.tool.get_recent_changes_by_drug_name,get_recent_changes_by_drug_name,tool,OrigeneMCP,general,mcp,RESOLVED,False,"NEEDS_DISPATCHER - route resolved, MCP client not bound",no MCP dispatcher bound to this runtime,"bind an MCP client (1 integration point, unblocks the largest bucket)",NONE,federated,0,,,OrigeneMCP/tools/tooluniverse/data/fda_drug_labeling_tools.json
origenemcp.tool.get_reference_info_by_drug_name,get_reference_info_by_drug_name,tool,OrigeneMCP,clinical,mcp,RESOLVED,False,"NEEDS_DISPATCHER - route resolved, MCP client not bound",no MCP dispatcher bound to this runtime,"bind an MCP client (1 integration point, unblocks the largest bucket)",NONE,federated,0,,,OrigeneMCP/tools/tooluniverse/data/fda_drug_labeling_tools.json
origenemcp.tool.get_residue_warning_by_drug_name,get_residue_warning_by_drug_name,tool,OrigeneMCP,general,mcp,RESOLVED,False,"NEEDS_DISPATCHER - route resolved, MCP client not bound",no MCP dispatcher bound to this runtime,"bind an MCP client (1 integration point, unblocks the largest bucket)",NONE,federated,0,,,OrigeneMCP/tools/tooluniverse/data/fda_drug_labeling_tools.json
origenemcp.tool.get_risk_info_by_drug_name,get_risk_info_by_drug_name,tool,OrigeneMCP,general,mcp,RESOLVED,False,"NEEDS_DISPATCHER - route resolved, MCP client not bound",no MCP dispatcher bound to this runtime,"bind an MCP client (1 integration point, unblocks the largest bucket)",NONE,federated,0,,,OrigeneMCP/tools/tooluniverse/data/fda_drug_labeling_tools.json
origenemcp.tool.get_route_info_by_drug_name,get_route_info_by_drug_name,tool,OrigeneMCP,general,mcp,RESOLVED,False,"NEEDS_DISPATCHER - route resolved, MCP client not bound",no MCP dispatcher bound to this runtime,"bind an MCP client (1 integration point, unblocks the largest bucket)",NONE,federated,0,,,OrigeneMCP/tools/tooluniverse/data/fda_drug_labeling_tools.json
origenemcp.tool.get_safe_handling_warnings_by_drug_name,get_safe_handling_warnings_by_drug_name,tool,OrigeneMCP,general,mcp,RESOLVED,False,"NEEDS_DISPATCHER - route resolved, MCP client not bound",no MCP dispatcher bound to this runtime,"bind an MCP client (1 integration point, unblocks the largest bucket)",NONE,federated,0,,,OrigeneMCP/tools/tooluniverse/data/fda_drug_labeling_tools.json
origenemcp.tool.get_safety_summary_by_drug_name,get_safety_summary_by_drug_name,tool,OrigeneMCP,general,mcp,RESOLVED,False,"NEEDS_DISPATCHER - route resolved, MCP client not bound",no MCP dispatcher bound to this runtime,"bind an MCP client (1 integration point, unblocks the largest bucket)",NONE,federated,0,,,OrigeneMCP/tools/tooluniverse/data/fda_drug_labeling_tools.json
origenemcp.tool.get_search_areas,get_search_areas,tool,OrigeneMCP,general,mcp,RESOLVED,False,"NEEDS_DISPATCHER - route resolved, MCP client not bound",no MCP dispatcher bound to this runtime,"bind an MCP client (1 integration point, unblocks the largest bucket)",NONE,federated,0,,,OrigeneMCP/tools/clinicaltrials/server.py
origenemcp.tool.get_sequence,get_sequence,tool,OrigeneMCP,wgs,mcp,RESOLVED,False,"NEEDS_DISPATCHER - route resolved, MCP client not bound",no MCP dispatcher bound to this runtime,"bind an MCP client (1 integration point, unblocks the largest bucket)",NONE,federated,0,,,OrigeneMCP/tools/ucsc/server.py
origenemcp.tool.get_sequence_assemblies,get_sequence_assemblies,tool,OrigeneMCP,general,mcp,RESOLVED,False,"NEEDS_DISPATCHER - route resolved, MCP client not bound",no MCP dispatcher bound to this runtime,"bind an MCP client (1 integration point, unblocks the largest bucket)",NONE,federated,0,,,OrigeneMCP/tools/ncbi/server.py
origenemcp.tool.get_sequence_id,get_sequence_id,tool,OrigeneMCP,general,mcp,RESOLVED,False,"NEEDS_DISPATCHER - route resolved, MCP client not bound",no MCP dispatcher bound to this runtime,"bind an MCP client (1 integration point, unblocks the largest bucket)",NONE,federated,0,,,OrigeneMCP/tools/ensembl/server.py
origenemcp.tool.get_sequence_region,get_sequence_region,tool,OrigeneMCP,wgs,mcp,RESOLVED,False,"NEEDS_DISPATCHER - route resolved, MCP client not bound",no MCP dispatcher bound to this runtime,"bind an MCP client (1 integration point, unblocks the largest bucket)",NONE,federated,0,,,OrigeneMCP/tools/ensembl/server.py
origenemcp.tool.get_sids_by_name,get_sids_by_name,tool,OrigeneMCP,general,mcp,RESOLVED,False,"NEEDS_DISPATCHER - route resolved, MCP client not bound",no MCP dispatcher bound to this runtime,"bind an MCP client (1 integration point, unblocks the largest bucket)",NONE,federated,0,,,OrigeneMCP/tools/pubchem/server.py
origenemcp.tool.get_similar_entities_by_disease_efoid,get_similar_entities_by_disease_efoId,tool,OrigeneMCP,literature,mcp,RESOLVED,False,"NEEDS_DISPATCHER - route resolved, MCP client not bound",no MCP dispatcher bound to this runtime,"bind an MCP client (1 integration point, unblocks the largest bucket)",NONE,federated,0,,,OrigeneMCP/tools/tooluniverse/data/opentarget_tools.json
origenemcp.tool.get_similar_entities_by_disease_name,get_similar_entities_by_disease_name,tool,OrigeneMCP,literature,mcp,RESOLVED,False,"NEEDS_DISPATCHER - route resolved, MCP client not bound",no MCP dispatcher bound to this runtime,"bind an MCP client (1 integration point, unblocks the largest bucket)",NONE,federated,0,,,OrigeneMCP/tools/tooluniverse/server.py
origenemcp.tool.get_similar_entities_by_drug_chemblid,get_similar_entities_by_drug_chemblId,tool,OrigeneMCP,literature,mcp,RESOLVED,False,"NEEDS_DISPATCHER - route resolved, MCP client not bound",no MCP dispatcher bound to this runtime,"bind an MCP client (1 integration point, unblocks the largest bucket)",NONE,federated,0,,,OrigeneMCP/tools/tooluniverse/data/opentarget_tools.json
origenemcp.tool.get_similar_entities_by_drug_name,get_similar_entities_by_drug_name,tool,OrigeneMCP,literature,mcp,RESOLVED,False,"NEEDS_DISPATCHER - route resolved, MCP client not bound",no MCP dispatcher bound to this runtime,"bind an MCP client (1 integration point, unblocks the largest bucket)",NONE,federated,0,,,OrigeneMCP/tools/tooluniverse/server.py
origenemcp.tool.get_similar_entities_by_target_ensemblid,get_similar_entities_by_target_ensemblID,tool,OrigeneMCP,literature,mcp,RESOLVED,False,"NEEDS_DISPATCHER - route resolved, MCP client not bound",no MCP dispatcher bound to this runtime,"bind an MCP client (1 integration point, unblocks the largest bucket)",NONE,federated,0,,,OrigeneMCP/tools/tooluniverse/data/opentarget_tools.json
origenemcp.tool.get_similar_entities_by_target_name,get_similar_entities_by_target_name,tool,OrigeneMCP,literature,mcp,RESOLVED,False,"NEEDS_DISPATCHER - route resolved, MCP client not bound",no MCP dispatcher bound to this runtime,"bind an MCP client (1 integration point, unblocks the largest bucket)",NONE,federated,0,,,OrigeneMCP/tools/tooluniverse/server.py
origenemcp.tool.get_similarity_scores_of_the_protein_set,get_similarity_scores_of_the_protein_set,tool,OrigeneMCP,general,mcp,RESOLVED,False,"NEEDS_DISPATCHER - route resolved, MCP client not bound",no MCP dispatcher bound to this runtime,"bind an MCP client (1 integration point, unblocks the largest bucket)",NONE,federated,0,,,OrigeneMCP/tools/STRING/server.py
origenemcp.tool.get_similarity_smiles,get_similarity_smiles,tool,OrigeneMCP,chemistry,mcp,RESOLVED,False,"NEEDS_DISPATCHER - route resolved, MCP client not bound",no MCP dispatcher bound to this runtime,"bind an MCP client (1 integration point, unblocks the largest bucket)",NONE,federated,0,,,OrigeneMCP/tools/chembl/server.py
origenemcp.tool.get_source,get_source,tool,OrigeneMCP,general,mcp,RESOLVED,False,"NEEDS_DISPATCHER - route resolved, MCP client not bound",no MCP dispatcher bound to this runtime,"bind an MCP client (1 integration point, unblocks the largest bucket)",NONE,federated,0,,,OrigeneMCP/tools/chembl/server.py
origenemcp.tool.get_source_id,get_source_id,tool,OrigeneMCP,general,mcp,RESOLVED,False,"NEEDS_DISPATCHER - route resolved, MCP client not bound",no MCP dispatcher bound to this runtime,"bind an MCP client (1 integration point, unblocks the largest bucket)",NONE,federated,0,,,OrigeneMCP/tools/chembl/server.py
origenemcp.tool.get_source_ids,get_source_ids,tool,OrigeneMCP,general,mcp,RESOLVED,False,"NEEDS_DISPATCHER - route resolved, MCP client not bound",no MCP dispatcher bound to this runtime,"bind an MCP client (1 integration point, unblocks the largest bucket)",NONE,federated,0,,,OrigeneMCP/tools/chembl/server.py
origenemcp.tool.get_species_binding_matrix,get_species_binding_matrix,tool,OrigeneMCP,general,mcp,RESOLVED,False,"NEEDS_DISPATCHER - route resolved, MCP client not bound",no MCP dispatcher bound to this runtime,"bind an MCP client (1 integration point, unblocks the largest bucket)",NONE,federated,0,,,OrigeneMCP/tools/ensembl/server.py
origenemcp.tool.get_spl_indexing_data_elements_by_drug_name,get_spl_indexing_data_elements_by_drug_name,tool,OrigeneMCP,general,mcp,RESOLVED,False,"NEEDS_DISPATCHER - route resolved, MCP client not bound",no MCP dispatcher bound to this runtime,"bind an MCP client (1 integration point, unblocks the largest bucket)",NONE,federated,0,,,OrigeneMCP/tools/tooluniverse/data/fda_drug_labeling_tools.json
origenemcp.tool.get_spl_unclassified_section_by_drug_name,get_spl_unclassified_section_by_drug_name,tool,OrigeneMCP,general,mcp,RESOLVED,False,"NEEDS_DISPATCHER - route resolved, MCP client not bound",no MCP dispatcher bound to this runtime,"bind an MCP client (1 integration point, unblocks the largest bucket)",NONE,federated,0,,,OrigeneMCP/tools/tooluniverse/data/fda_drug_labeling_tools.json
origenemcp.tool.get_status,get_status,tool,OrigeneMCP,general,mcp,RESOLVED,False,"NEEDS_DISPATCHER - route resolved, MCP client not bound",no MCP dispatcher bound to this runtime,"bind an MCP client (1 integration point, unblocks the largest bucket)",NONE,federated,0,,,OrigeneMCP/tools/chembl/server.py
origenemcp.tool.get_stop_use_info_by_drug_name,get_stop_use_info_by_drug_name,tool,OrigeneMCP,general,mcp,RESOLVED,False,"NEEDS_DISPATCHER - route resolved, MCP client not bound",no MCP dispatcher bound to this runtime,"bind an MCP client (1 integration point, unblocks the largest bucket)",NONE,federated,0,,,OrigeneMCP/tools/tooluniverse/data/fda_drug_labeling_tools.json
origenemcp.tool.get_string_network_interaction,get_string_network_interaction,tool,OrigeneMCP,general,mcp,RESOLVED,False,"NEEDS_DISPATCHER - route resolved, MCP client not bound",no MCP dispatcher bound to this runtime,"bind an MCP client (1 integration point, unblocks the largest bucket)",NONE,federated,0,,,OrigeneMCP/tools/STRING/server.py
origenemcp.tool.get_studies,get_studies,tool,OrigeneMCP,clinical,mcp,RESOLVED,False,"NEEDS_DISPATCHER - route resolved, MCP client not bound",no MCP dispatcher bound to this runtime,"bind an MCP client (1 integration point, unblocks the largest bucket)",NONE,federated,0,,,OrigeneMCP/tools/clinicaltrials/server.py
origenemcp.tool.get_study,get_study,tool,OrigeneMCP,clinical,mcp,RESOLVED,False,"NEEDS_DISPATCHER - route resolved, MCP client not bound",no MCP dispatcher bound to this runtime,"bind an MCP client (1 integration point, unblocks the largest bucket)",NONE,federated,0,,,OrigeneMCP/tools/clinicaltrials/server.py
origenemcp.tool.get_study_size_stats,get_study_size_stats,tool,OrigeneMCP,general,mcp,RESOLVED,False,"NEEDS_DISPATCHER - route resolved, MCP client not bound",no MCP dispatcher bound to this runtime,"bind an MCP client (1 integration point, unblocks the largest bucket)",NONE,federated,0,,,OrigeneMCP/tools/clinicaltrials/server.py
origenemcp.tool.get_substance_by_name,get_substance_by_name,tool,OrigeneMCP,general,mcp,RESOLVED,False,"NEEDS_DISPATCHER - route resolved, MCP client not bound",no MCP dispatcher bound to this runtime,"bind an MCP client (1 integration point, unblocks the largest bucket)",NONE,federated,0,,,OrigeneMCP/tools/pubchem/server.py
origenemcp.tool.get_substance_by_sid,get_substance_by_sid,tool,OrigeneMCP,general,mcp,RESOLVED,False,"NEEDS_DISPATCHER - route resolved, MCP client not bound",no MCP dispatcher bound to this runtime,"bind an MCP client (1 integration point, unblocks the largest bucket)",NONE,federated,0,,,OrigeneMCP/tools/pubchem/server.py
origenemcp.tool.get_substance_by_sid_pcp,get_substance_by_sid_pcp,tool,OrigeneMCP,general,mcp,RESOLVED,False,"NEEDS_DISPATCHER - route resolved, MCP client not bound",no MCP dispatcher bound to this runtime,"bind an MCP client (1 integration point, unblocks the largest bucket)",NONE,federated,0,,,OrigeneMCP/tools/pubchem/server.py
origenemcp.tool.get_substances_by_name_pcp,get_substances_by_name_pcp,tool,OrigeneMCP,general,mcp,RESOLVED,False,"NEEDS_DISPATCHER - route resolved, MCP client not bound",no MCP dispatcher bound to this runtime,"bind an MCP client (1 integration point, unblocks the largest bucket)",NONE,federated,0,,,OrigeneMCP/tools/pubchem/server.py
origenemcp.tool.get_substances_source_id,get_substances_source_id,tool,OrigeneMCP,general,mcp,RESOLVED,False,"NEEDS_DISPATCHER - route resolved, MCP client not bound",no MCP dispatcher bound to this runtime,"bind an MCP client (1 integration point, unblocks the largest bucket)",NONE,federated,0,,,OrigeneMCP/tools/pubchem/server.py
origenemcp.tool.get_substances_synonyms,get_substances_synonyms,tool,OrigeneMCP,general,mcp,RESOLVED,False,"NEEDS_DISPATCHER - route resolved, MCP client not bound",no MCP dispatcher bound to this runtime,"bind an MCP client (1 integration point, unblocks the largest bucket)",NONE,federated,0,,,OrigeneMCP/tools/pubchem/server.py
origenemcp.tool.get_substructure_cas,get_substructure_cas,tool,OrigeneMCP,chemistry,mcp,RESOLVED,False,"NEEDS_DISPATCHER - route resolved, MCP client not bound",no MCP dispatcher bound to this runtime,"bind an MCP client (1 integration point, unblocks the largest bucket)",NONE,federated,0,,,OrigeneMCP/tools/pubchem/server.py
origenemcp.tool.get_synonyms,get_synonyms,tool,OrigeneMCP,general,mcp,RESOLVED,False,"NEEDS_DISPATCHER - route resolved, MCP client not bound",no MCP dispatcher bound to this runtime,"bind an MCP client (1 integration point, unblocks the largest bucket)",NONE,federated,0,,,OrigeneMCP/tools/pubchem/server.py
origenemcp.tool.get_target,get_target,tool,OrigeneMCP,general,mcp,RESOLVED,False,"NEEDS_DISPATCHER - route resolved, MCP client not bound",no MCP dispatcher bound to this runtime,"bind an MCP client (1 integration point, unblocks the largest bucket)",NONE,federated,0,,,OrigeneMCP/tools/chembl/server.py
origenemcp.tool.get_target_classes_by_ensemblid,get_target_classes_by_ensemblID,tool,OrigeneMCP,general,mcp,RESOLVED,False,"NEEDS_DISPATCHER - route resolved, MCP client not bound",no MCP dispatcher bound to this runtime,"bind an MCP client (1 integration point, unblocks the largest bucket)",NONE,federated,0,,,OrigeneMCP/tools/tooluniverse/data/opentarget_tools.json
origenemcp.tool.get_target_classes_by_name,get_target_classes_by_name,tool,OrigeneMCP,general,mcp,RESOLVED,False,"NEEDS_DISPATCHER - route resolved, MCP client not bound",no MCP dispatcher bound to this runtime,"bind an MCP client (1 integration point, unblocks the largest bucket)",NONE,federated,0,,,OrigeneMCP/tools/tooluniverse/server.py
origenemcp.tool.get_target_component,get_target_component,tool,OrigeneMCP,chemistry,mcp,RESOLVED,False,"NEEDS_DISPATCHER - route resolved, MCP client not bound",no MCP dispatcher bound to this runtime,"bind an MCP client (1 integration point, unblocks the largest bucket)",NONE,federated,0,,,OrigeneMCP/tools/chembl/server.py
origenemcp.tool.get_target_component_id,get_target_component_id,tool,OrigeneMCP,general,mcp,RESOLVED,False,"NEEDS_DISPATCHER - route resolved, MCP client not bound",no MCP dispatcher bound to this runtime,"bind an MCP client (1 integration point, unblocks the largest bucket)",NONE,federated,0,,,OrigeneMCP/tools/chembl/server.py
origenemcp.tool.get_target_component_ids,get_target_component_ids,tool,OrigeneMCP,general,mcp,RESOLVED,False,"NEEDS_DISPATCHER - route resolved, MCP client not bound",no MCP dispatcher bound to this runtime,"bind an MCP client (1 integration point, unblocks the largest bucket)",NONE,federated,0,,,OrigeneMCP/tools/chembl/server.py
origenemcp.tool.get_target_constraint_info_by_ensemblid,get_target_constraint_info_by_ensemblID,tool,OrigeneMCP,general,mcp,RESOLVED,False,"NEEDS_DISPATCHER - route resolved, MCP client not bound",no MCP dispatcher bound to this runtime,"bind an MCP client (1 integration point, unblocks the largest bucket)",NONE,federated,0,,,OrigeneMCP/tools/tooluniverse/data/opentarget_tools.json
origenemcp.tool.get_target_constraint_info_by_name,get_target_constraint_info_by_name,tool,OrigeneMCP,general,mcp,RESOLVED,False,"NEEDS_DISPATCHER - route resolved, MCP client not bound",no MCP dispatcher bound to this runtime,"bind an MCP client (1 integration point, unblocks the largest bucket)",NONE,federated,0,,,OrigeneMCP/tools/tooluniverse/server.py
origenemcp.tool.get_target_disease_evidence_by_name,get_target_disease_evidence_by_name,tool,OrigeneMCP,general,mcp,RESOLVED,False,"NEEDS_DISPATCHER - route resolved, MCP client not bound",no MCP dispatcher bound to this runtime,"bind an MCP client (1 integration point, unblocks the largest bucket)",NONE,federated,0,,,OrigeneMCP/tools/tooluniverse/server.py
origenemcp.tool.get_target_enabling_packages_by_ensemblid,get_target_enabling_packages_by_ensemblID,tool,OrigeneMCP,general,mcp,RESOLVED,False,"NEEDS_DISPATCHER - route resolved, MCP client not bound",no MCP dispatcher bound to this runtime,"bind an MCP client (1 integration point, unblocks the largest bucket)",NONE,federated,0,,,OrigeneMCP/tools/tooluniverse/data/opentarget_tools.json
origenemcp.tool.get_target_enabling_packages_by_name,get_target_enabling_packages_by_name,tool,OrigeneMCP,general,mcp,RESOLVED,False,"NEEDS_DISPATCHER - route resolved, MCP client not bound",no MCP dispatcher bound to this runtime,"bind an MCP client (1 integration point, unblocks the largest bucket)",NONE,federated,0,,,OrigeneMCP/tools/tooluniverse/server.py
origenemcp.tool.get_target_ensembl_id,get_target_ensembl_id,tool,OrigeneMCP,general,mcp,RESOLVED,False,"NEEDS_DISPATCHER - route resolved, MCP client not bound",no MCP dispatcher bound to this runtime,"bind an MCP client (1 integration point, unblocks the largest bucket)",NONE,federated,0,,,OrigeneMCP/tools/tooluniverse/server.py
origenemcp.tool.get_target_gene_ontology_by_ensemblid,get_target_gene_ontology_by_ensemblID,tool,OrigeneMCP,general,mcp,RESOLVED,False,"NEEDS_DISPATCHER - route resolved, MCP client not bound",no MCP dispatcher bound to this runtime,"bind an MCP client (1 integration point, unblocks the largest bucket)",NONE,federated,0,,,OrigeneMCP/tools/tooluniverse/data/opentarget_tools.json
origenemcp.tool.get_target_gene_ontology_by_name,get_target_gene_ontology_by_name,tool,OrigeneMCP,general,mcp,RESOLVED,False,"NEEDS_DISPATCHER - route resolved, MCP client not bound",no MCP dispatcher bound to this runtime,"bind an MCP client (1 integration point, unblocks the largest bucket)",NONE,federated,0,,,OrigeneMCP/tools/tooluniverse/server.py
origenemcp.tool.get_target_genomic_location_by_ensemblid,get_target_genomic_location_by_ensemblID,tool,OrigeneMCP,wgs,mcp,RESOLVED,False,"NEEDS_DISPATCHER - route resolved, MCP client not bound",no MCP dispatcher bound to this runtime,"bind an MCP client (1 integration point, unblocks the largest bucket)",NONE,federated,0,,,OrigeneMCP/tools/tooluniverse/data/opentarget_tools.json
origenemcp.tool.get_target_genomic_location_by_name,get_target_genomic_location_by_name,tool,OrigeneMCP,wgs,mcp,RESOLVED,False,"NEEDS_DISPATCHER - route resolved, MCP client not bound",no MCP dispatcher bound to this runtime,"bind an MCP client (1 integration point, unblocks the largest bucket)",NONE,federated,0,,,OrigeneMCP/tools/tooluniverse/server.py
origenemcp.tool.get_target_homologues_by_ensemblid,get_target_homologues_by_ensemblID,tool,OrigeneMCP,general,mcp,RESOLVED,False,"NEEDS_DISPATCHER - route resolved, MCP client not bound",no MCP dispatcher bound to this runtime,"bind an MCP client (1 integration point, unblocks the largest bucket)",NONE,federated,0,,,OrigeneMCP/tools/tooluniverse/data/opentarget_tools.json
origenemcp.tool.get_target_homologues_by_name,get_target_homologues_by_name,tool,OrigeneMCP,general,mcp,RESOLVED,False,"NEEDS_DISPATCHER - route resolved, MCP client not bound",no MCP dispatcher bound to this runtime,"bind an MCP client (1 integration point, unblocks the largest bucket)",NONE,federated,0,,,OrigeneMCP/tools/tooluniverse/server.py
origenemcp.tool.get_target_id,get_target_id,tool,OrigeneMCP,general,mcp,RESOLVED,False,"NEEDS_DISPATCHER - route resolved, MCP client not bound",no MCP dispatcher bound to this runtime,"bind an MCP client (1 integration point, unblocks the largest bucket)",NONE,federated,0,,,OrigeneMCP/tools/chembl/server.py
origenemcp.tool.get_target_id_description_by_name,get_target_id_description_by_name,tool,OrigeneMCP,general,mcp,RESOLVED,False,"NEEDS_DISPATCHER - route resolved, MCP client not bound",no MCP dispatcher bound to this runtime,"bind an MCP client (1 integration point, unblocks the largest bucket)",NONE,federated,0,,,OrigeneMCP/tools/tooluniverse/data/opentarget_tools.json
origenemcp.tool.get_target_ids,get_target_ids,tool,OrigeneMCP,general,mcp,RESOLVED,False,"NEEDS_DISPATCHER - route resolved, MCP client not bound",no MCP dispatcher bound to this runtime,"bind an MCP client (1 integration point, unblocks the largest bucket)",NONE,federated,0,,,OrigeneMCP/tools/chembl/server.py
origenemcp.tool.get_target_interactions_by_ensemblid,get_target_interactions_by_ensemblID,tool,OrigeneMCP,literature,mcp,RESOLVED,False,"NEEDS_DISPATCHER - route resolved, MCP client not bound",no MCP dispatcher bound to this runtime,"bind an MCP client (1 integration point, unblocks the largest bucket)",NONE,federated,0,,,OrigeneMCP/tools/tooluniverse/data/opentarget_tools.json
origenemcp.tool.get_target_interactions_by_name,get_target_interactions_by_name,tool,OrigeneMCP,general,mcp,RESOLVED,False,"NEEDS_DISPATCHER - route resolved, MCP client not bound",no MCP dispatcher bound to this runtime,"bind an MCP client (1 integration point, unblocks the largest bucket)",NONE,federated,0,,,OrigeneMCP/tools/tooluniverse/server.py
origenemcp.tool.get_target_relation,get_target_relation,tool,OrigeneMCP,general,mcp,RESOLVED,False,"NEEDS_DISPATCHER - route resolved, MCP client not bound",no MCP dispatcher bound to this runtime,"bind an MCP client (1 integration point, unblocks the largest bucket)",NONE,federated,0,,,OrigeneMCP/tools/chembl/server.py
origenemcp.tool.get_target_relation_id,get_target_relation_id,tool,OrigeneMCP,general,mcp,RESOLVED,False,"NEEDS_DISPATCHER - route resolved, MCP client not bound",no MCP dispatcher bound to this runtime,"bind an MCP client (1 integration point, unblocks the largest bucket)",NONE,federated,0,,,OrigeneMCP/tools/chembl/server.py
origenemcp.tool.get_target_relation_ids,get_target_relation_ids,tool,OrigeneMCP,general,mcp,RESOLVED,False,"NEEDS_DISPATCHER - route resolved, MCP client not bound",no MCP dispatcher bound to this runtime,"bind an MCP client (1 integration point, unblocks the largest bucket)",NONE,federated,0,,,OrigeneMCP/tools/chembl/server.py
origenemcp.tool.get_target_safety_profile_by_ensemblid,get_target_safety_profile_by_ensemblID,tool,OrigeneMCP,literature,mcp,RESOLVED,False,"NEEDS_DISPATCHER - route resolved, MCP client not bound",no MCP dispatcher bound to this runtime,"bind an MCP client (1 integration point, unblocks the largest bucket)",NONE,federated,0,,,OrigeneMCP/tools/tooluniverse/data/opentarget_tools.json
origenemcp.tool.get_target_safety_profile_by_name,get_target_safety_profile_by_name,tool,OrigeneMCP,general,mcp,RESOLVED,False,"NEEDS_DISPATCHER - route resolved, MCP client not bound",no MCP dispatcher bound to this runtime,"bind an MCP client (1 integration point, unblocks the largest bucket)",NONE,federated,0,,,OrigeneMCP/tools/tooluniverse/server.py
origenemcp.tool.get_target_subcellular_locations_by_ensemblid,get_target_subcellular_locations_by_ensemblID,tool,OrigeneMCP,general,mcp,RESOLVED,False,"NEEDS_DISPATCHER - route resolved, MCP client not bound",no MCP dispatcher bound to this runtime,"bind an MCP client (1 integration point, unblocks the largest bucket)",NONE,federated,0,,,OrigeneMCP/tools/tooluniverse/data/opentarget_tools.json
origenemcp.tool.get_target_subcellular_locations_by_name,get_target_subcellular_locations_by_name,tool,OrigeneMCP,general,mcp,RESOLVED,False,"NEEDS_DISPATCHER - route resolved, MCP client not bound",no MCP dispatcher bound to this runtime,"bind an MCP client (1 integration point, unblocks the largest bucket)",NONE,federated,0,,,OrigeneMCP/tools/tooluniverse/server.py
origenemcp.tool.get_target_synonyms_by_ensemblid,get_target_synonyms_by_ensemblID,tool,OrigeneMCP,general,mcp,RESOLVED,False,"NEEDS_DISPATCHER - route resolved, MCP client not bound",no MCP dispatcher bound to this runtime,"bind an MCP client (1 integration point, unblocks the largest bucket)",NONE,federated,0,,,OrigeneMCP/tools/tooluniverse/data/opentarget_tools.json
origenemcp.tool.get_target_synonyms_by_name,get_target_synonyms_by_name,tool,OrigeneMCP,general,mcp,RESOLVED,False,"NEEDS_DISPATCHER - route resolved, MCP client not bound",no MCP dispatcher bound to this runtime,"bind an MCP client (1 integration point, unblocks the largest bucket)",NONE,federated,0,,,OrigeneMCP/tools/tooluniverse/server.py
origenemcp.tool.get_target_tractability_by_ensemblid,get_target_tractability_by_ensemblID,tool,OrigeneMCP,general,mcp,RESOLVED,False,"NEEDS_DISPATCHER - route resolved, MCP client not bound",no MCP dispatcher bound to this runtime,"bind an MCP client (1 integration point, unblocks the largest bucket)",NONE,federated,0,,,OrigeneMCP/tools/tooluniverse/data/opentarget_tools.json
origenemcp.tool.get_target_tractability_by_name,get_target_tractability_by_name,tool,OrigeneMCP,general,mcp,RESOLVED,False,"NEEDS_DISPATCHER - route resolved, MCP client not bound",no MCP dispatcher bound to this runtime,"bind an MCP client (1 integration point, unblocks the largest bucket)",NONE,federated,0,,,OrigeneMCP/tools/tooluniverse/server.py
origenemcp.tool.get_taxonomy,get_taxonomy,tool,OrigeneMCP,general,mcp,RESOLVED,False,"NEEDS_DISPATCHER - route resolved, MCP client not bound",no MCP dispatcher bound to this runtime,"bind an MCP client (1 integration point, unblocks the largest bucket)",NONE,federated,0,,,OrigeneMCP/tools/ncbi/server.py
origenemcp.tool.get_taxonomy_classification,get_taxonomy_classification,tool,OrigeneMCP,general,mcp,RESOLVED,False,"NEEDS_DISPATCHER - route resolved, MCP client not bound",no MCP dispatcher bound to this runtime,"bind an MCP client (1 integration point, unblocks the largest bucket)",NONE,federated,0,,,OrigeneMCP/tools/ensembl/server.py
origenemcp.tool.get_taxonomy_dataset_report,get_taxonomy_dataset_report,tool,OrigeneMCP,general,mcp,RESOLVED,False,"NEEDS_DISPATCHER - route resolved, MCP client not bound",no MCP dispatcher bound to this runtime,"bind an MCP client (1 integration point, unblocks the largest bucket)",NONE,federated,0,,,OrigeneMCP/tools/ncbi/server.py
origenemcp.tool.get_taxonomy_download,get_taxonomy_download,tool,OrigeneMCP,general,mcp,RESOLVED,False,"NEEDS_DISPATCHER - route resolved, MCP client not bound",no MCP dispatcher bound to this runtime,"bind an MCP client (1 integration point, unblocks the largest bucket)",NONE,federated,0,,,OrigeneMCP/tools/ncbi/server.py
origenemcp.tool.get_taxonomy_filtered_subtree,get_taxonomy_filtered_subtree,tool,OrigeneMCP,general,mcp,RESOLVED,False,"NEEDS_DISPATCHER - route resolved, MCP client not bound",no MCP dispatcher bound to this runtime,"bind an MCP client (1 integration point, unblocks the largest bucket)",NONE,federated,0,,,OrigeneMCP/tools/ncbi/server.py
origenemcp.tool.get_taxonomy_id,get_taxonomy_id,tool,OrigeneMCP,general,mcp,RESOLVED,False,"NEEDS_DISPATCHER - route resolved, MCP client not bound",no MCP dispatcher bound to this runtime,"bind an MCP client (1 integration point, unblocks the largest bucket)",NONE,federated,0,,,OrigeneMCP/tools/ensembl/server.py
origenemcp.tool.get_taxonomy_links,get_taxonomy_links,tool,OrigeneMCP,general,mcp,RESOLVED,False,"NEEDS_DISPATCHER - route resolved, MCP client not bound",no MCP dispatcher bound to this runtime,"bind an MCP client (1 integration point, unblocks the largest bucket)",NONE,federated,0,,,OrigeneMCP/tools/ncbi/server.py
origenemcp.tool.get_taxonomy_name,get_taxonomy_name,tool,OrigeneMCP,general,mcp,RESOLVED,False,"NEEDS_DISPATCHER - route resolved, MCP client not bound",no MCP dispatcher bound to this runtime,"bind an MCP client (1 integration point, unblocks the largest bucket)",NONE,federated,0,,,OrigeneMCP/tools/ensembl/server.py
origenemcp.tool.get_taxonomy_name_report,get_taxonomy_name_report,tool,OrigeneMCP,general,mcp,RESOLVED,False,"NEEDS_DISPATCHER - route resolved, MCP client not bound",no MCP dispatcher bound to this runtime,"bind an MCP client (1 integration point, unblocks the largest bucket)",NONE,federated,0,,,OrigeneMCP/tools/ncbi/server.py
origenemcp.tool.get_taxonomy_related_ids,get_taxonomy_related_ids,tool,OrigeneMCP,general,mcp,RESOLVED,False,"NEEDS_DISPATCHER - route resolved, MCP client not bound",no MCP dispatcher bound to this runtime,"bind an MCP client (1 integration point, unblocks the largest bucket)",NONE,federated,0,,,OrigeneMCP/tools/ncbi/server.py
origenemcp.tool.get_taxonomy_summary_by_taxonomyid,get_taxonomy_summary_by_taxonomyid,tool,OrigeneMCP,general,mcp,RESOLVED,False,"NEEDS_DISPATCHER - route resolved, MCP client not bound",no MCP dispatcher bound to this runtime,"bind an MCP client (1 integration point, unblocks the largest bucket)",NONE,federated,0,,,OrigeneMCP/tools/pubchem/server.py
origenemcp.tool.get_taxonomy_taxon_suggest,get_taxonomy_taxon_suggest,tool,OrigeneMCP,general,mcp,RESOLVED,False,"NEEDS_DISPATCHER - route resolved, MCP client not bound",no MCP dispatcher bound to this runtime,"bind an MCP client (1 integration point, unblocks the largest bucket)",NONE,federated,0,,,OrigeneMCP/tools/ncbi/server.py
origenemcp.tool.get_teratogenic_effects_by_drug_name,get_teratogenic_effects_by_drug_name,tool,OrigeneMCP,general,mcp,RESOLVED,False,"NEEDS_DISPATCHER - route resolved, MCP client not bound",no MCP dispatcher bound to this runtime,"bind an MCP client (1 integration point, unblocks the largest bucket)",NONE,federated,0,,,OrigeneMCP/tools/tooluniverse/data/fda_drug_labeling_tools.json
origenemcp.tool.get_tissue,get_tissue,tool,OrigeneMCP,general,mcp,RESOLVED,False,"NEEDS_DISPATCHER - route resolved, MCP client not bound",no MCP dispatcher bound to this runtime,"bind an MCP client (1 integration point, unblocks the largest bucket)",NONE,federated,0,,,OrigeneMCP/tools/chembl/server.py
origenemcp.tool.get_tissue_id,get_tissue_id,tool,OrigeneMCP,general,mcp,RESOLVED,False,"NEEDS_DISPATCHER - route resolved, MCP client not bound",no MCP dispatcher bound to this runtime,"bind an MCP client (1 integration point, unblocks the largest bucket)",NONE,federated,0,,,OrigeneMCP/tools/chembl/server.py
origenemcp.tool.get_tissue_ids,get_tissue_ids,tool,OrigeneMCP,general,mcp,RESOLVED,False,"NEEDS_DISPATCHER - route resolved, MCP client not bound",no MCP dispatcher bound to this runtime,"bind an MCP client (1 integration point, unblocks the largest bucket)",NONE,federated,0,,,OrigeneMCP/tools/chembl/server.py
origenemcp.tool.get_track_data,get_track_data,tool,OrigeneMCP,wgs,mcp,RESOLVED,False,"NEEDS_DISPATCHER - route resolved, MCP client not bound",no MCP dispatcher bound to this runtime,"bind an MCP client (1 integration point, unblocks the largest bucket)",NONE,federated,0,,,OrigeneMCP/tools/ucsc/server.py
origenemcp.tool.get_transcript_haplotypes,get_transcript_haplotypes,tool,OrigeneMCP,general,mcp,RESOLVED,False,"NEEDS_DISPATCHER - route resolved, MCP client not bound",no MCP dispatcher bound to this runtime,"bind an MCP client (1 integration point, unblocks the largest bucket)",NONE,federated,0,,,OrigeneMCP/tools/ensembl/server.py
origenemcp.tool.get_uniparc_cross_references_by_upi,get_uniparc_cross_references_by_upi,tool,OrigeneMCP,general,mcp,RESOLVED,False,"NEEDS_DISPATCHER - route resolved, MCP client not bound",no MCP dispatcher bound to this runtime,"bind an MCP client (1 integration point, unblocks the largest bucket)",NONE,federated,0,,,OrigeneMCP/tools/uniprot/server.py
origenemcp.tool.get_uniparc_entry_by_upi,get_uniparc_entry_by_upi,tool,OrigeneMCP,chemistry,mcp,RESOLVED,False,"NEEDS_DISPATCHER - route resolved, MCP client not bound",no MCP dispatcher bound to this runtime,"bind an MCP client (1 integration point, unblocks the largest bucket)",NONE,federated,0,,,OrigeneMCP/tools/uniprot/server.py
origenemcp.tool.get_uniparc_light_entry_by_upi,get_uniparc_light_entry_by_upi,tool,OrigeneMCP,chemistry,mcp,RESOLVED,False,"NEEDS_DISPATCHER - route resolved, MCP client not bound",no MCP dispatcher bound to this runtime,"bind an MCP client (1 integration point, unblocks the largest bucket)",NONE,federated,0,,,OrigeneMCP/tools/uniprot/server.py
origenemcp.tool.get_uniprotkb_entry_by_accession,get_uniprotkb_entry_by_accession,tool,OrigeneMCP,general,mcp,RESOLVED,False,"NEEDS_DISPATCHER - route resolved, MCP client not bound",no MCP dispatcher bound to this runtime,"bind an MCP client (1 integration point, unblocks the largest bucket)",NONE,federated,0,,,OrigeneMCP/tools/uniprot/server.py
origenemcp.tool.get_uniref_cluster_by_id,get_uniref_cluster_by_id,tool,OrigeneMCP,general,mcp,RESOLVED,False,"NEEDS_DISPATCHER - route resolved, MCP client not bound",no MCP dispatcher bound to this runtime,"bind an MCP client (1 integration point, unblocks the largest bucket)",NONE,federated,0,,,OrigeneMCP/tools/uniprot/server.py
origenemcp.tool.get_uniref_cluster_members_by_id,get_uniref_cluster_members_by_id,tool,OrigeneMCP,chemistry,mcp,RESOLVED,False,"NEEDS_DISPATCHER - route resolved, MCP client not bound",no MCP dispatcher bound to this runtime,"bind an MCP client (1 integration point, unblocks the largest bucket)",NONE,federated,0,,,OrigeneMCP/tools/uniprot/server.py
origenemcp.tool.get_uniref_light_cluster_by_id,get_uniref_light_cluster_by_id,tool,OrigeneMCP,general,mcp,RESOLVED,False,"NEEDS_DISPATCHER - route resolved, MCP client not bound",no MCP dispatcher bound to this runtime,"bind an MCP client (1 integration point, unblocks the largest bucket)",NONE,federated,0,,,OrigeneMCP/tools/uniprot/server.py
origenemcp.tool.get_user_safety_warning_by_drug_names,get_user_safety_warning_by_drug_names,tool,OrigeneMCP,general,mcp,RESOLVED,False,"NEEDS_DISPATCHER - route resolved, MCP client not bound",no MCP dispatcher bound to this runtime,"bind an MCP client (1 integration point, unblocks the largest bucket)",NONE,federated,0,,,OrigeneMCP/tools/tooluniverse/data/fda_drug_labeling_tools.json
origenemcp.tool.get_variant_recoder,get_variant_recoder,tool,OrigeneMCP,wgs,mcp,RESOLVED,False,"NEEDS_DISPATCHER - route resolved, MCP client not bound",no MCP dispatcher bound to this runtime,"bind an MCP client (1 integration point, unblocks the largest bucket)",NONE,federated,0,,,OrigeneMCP/tools/ensembl/server.py
origenemcp.tool.get_variation_pmcid,get_variation_pmcid,tool,OrigeneMCP,literature,mcp,RESOLVED,False,"NEEDS_DISPATCHER - route resolved, MCP client not bound",no MCP dispatcher bound to this runtime,"bind an MCP client (1 integration point, unblocks the largest bucket)",NONE,federated,0,,,OrigeneMCP/tools/ensembl/server.py
origenemcp.tool.get_variation_pmid,get_variation_pmid,tool,OrigeneMCP,literature,mcp,RESOLVED,False,"NEEDS_DISPATCHER - route resolved, MCP client not bound",no MCP dispatcher bound to this runtime,"bind an MCP client (1 integration point, unblocks the largest bucket)",NONE,federated,0,,,OrigeneMCP/tools/ensembl/server.py
origenemcp.tool.get_vep_hgvs,get_vep_hgvs,tool,OrigeneMCP,chemistry,mcp,RESOLVED,False,"NEEDS_DISPATCHER - route resolved, MCP client not bound",no MCP dispatcher bound to this runtime,"bind an MCP client (1 integration point, unblocks the largest bucket)",NONE,federated,0,,,OrigeneMCP/tools/ensembl/server.py
origenemcp.tool.get_vep_id,get_vep_id,tool,OrigeneMCP,chemistry,mcp,RESOLVED,False,"NEEDS_DISPATCHER - route resolved, MCP client not bound",no MCP dispatcher bound to this runtime,"bind an MCP client (1 integration point, unblocks the largest bucket)",NONE,federated,0,,,OrigeneMCP/tools/ensembl/server.py
origenemcp.tool.get_vep_region,get_vep_region,tool,OrigeneMCP,wgs,mcp,RESOLVED,False,"NEEDS_DISPATCHER - route resolved, MCP client not bound",no MCP dispatcher bound to this runtime,"bind an MCP client (1 integration point, unblocks the largest bucket)",NONE,federated,0,,,OrigeneMCP/tools/ensembl/server.py
origenemcp.tool.get_virus_annotation_report,get_virus_annotation_report,tool,OrigeneMCP,general,mcp,RESOLVED,False,"NEEDS_DISPATCHER - route resolved, MCP client not bound",no MCP dispatcher bound to this runtime,"bind an MCP client (1 integration point, unblocks the largest bucket)",NONE,federated,0,,,OrigeneMCP/tools/ncbi/server.py
origenemcp.tool.get_virus_by_taxon_annotation_report,get_virus_by_taxon_annotation_report,tool,OrigeneMCP,general,mcp,RESOLVED,False,"NEEDS_DISPATCHER - route resolved, MCP client not bound",no MCP dispatcher bound to this runtime,"bind an MCP client (1 integration point, unblocks the largest bucket)",NONE,federated,0,,,OrigeneMCP/tools/ncbi/server.py
origenemcp.tool.get_virus_by_taxon_genome,get_virus_by_taxon_genome,tool,OrigeneMCP,wgs,mcp,RESOLVED,False,"NEEDS_DISPATCHER - route resolved, MCP client not bound",no MCP dispatcher bound to this runtime,"bind an MCP client (1 integration point, unblocks the largest bucket)",NONE,federated,0,,,OrigeneMCP/tools/ncbi/server.py
origenemcp.tool.get_virus_by_taxon_genome_table,get_virus_by_taxon_genome_table,tool,OrigeneMCP,wgs,mcp,RESOLVED,False,"NEEDS_DISPATCHER - route resolved, MCP client not bound",no MCP dispatcher bound to this runtime,"bind an MCP client (1 integration point, unblocks the largest bucket)",NONE,federated,0,,,OrigeneMCP/tools/ncbi/server.py
origenemcp.tool.get_virus_dataset_report,get_virus_dataset_report,tool,OrigeneMCP,general,mcp,RESOLVED,False,"NEEDS_DISPATCHER - route resolved, MCP client not bound",no MCP dispatcher bound to this runtime,"bind an MCP client (1 integration point, unblocks the largest bucket)",NONE,federated,0,,,OrigeneMCP/tools/ncbi/server.py
origenemcp.tool.get_virus_genome_download,get_virus_genome_download,tool,OrigeneMCP,wgs,mcp,RESOLVED,False,"NEEDS_DISPATCHER - route resolved, MCP client not bound",no MCP dispatcher bound to this runtime,"bind an MCP client (1 integration point, unblocks the largest bucket)",NONE,federated,0,,,OrigeneMCP/tools/ncbi/server.py
origenemcp.tool.get_warnings_and_cautions_by_drug_name,get_warnings_and_cautions_by_drug_name,tool,OrigeneMCP,general,mcp,RESOLVED,False,"NEEDS_DISPATCHER - route resolved, MCP client not bound",no MCP dispatcher bound to this runtime,"bind an MCP client (1 integration point, unblocks the largest bucket)",NONE,federated,0,,,OrigeneMCP/tools/tooluniverse/data/fda_drug_labeling_tools.json
origenemcp.tool.get_when_using_info,get_when_using_info,tool,OrigeneMCP,general,mcp,RESOLVED,False,"NEEDS_DISPATCHER - route resolved, MCP client not bound",no MCP dispatcher bound to this runtime,"bind an MCP client (1 integration point, unblocks the largest bucket)",NONE,federated,0,,,OrigeneMCP/tools/tooluniverse/data/fda_drug_labeling_tools.json
origenemcp.tool.get_xlogp,get_xlogp,tool,OrigeneMCP,general,mcp,RESOLVED,False,"NEEDS_DISPATCHER - route resolved, MCP client not bound",no MCP dispatcher bound to this runtime,"bind an MCP client (1 integration point, unblocks the largest bucket)",NONE,federated,0,,,OrigeneMCP/tools/pubchem/server.py
origenemcp.tool.get_xref_source,get_xref_source,tool,OrigeneMCP,general,mcp,RESOLVED,False,"NEEDS_DISPATCHER - route resolved, MCP client not bound",no MCP dispatcher bound to this runtime,"bind an MCP client (1 integration point, unblocks the largest bucket)",NONE,federated,0,,,OrigeneMCP/tools/chembl/server.py
origenemcp.tool.get_xref_source_id,get_xref_source_id,tool,OrigeneMCP,general,mcp,RESOLVED,False,"NEEDS_DISPATCHER - route resolved, MCP client not bound",no MCP dispatcher bound to this runtime,"bind an MCP client (1 integration point, unblocks the largest bucket)",NONE,federated,0,,,OrigeneMCP/tools/chembl/server.py
origenemcp.tool.get_xref_source_ids,get_xref_source_ids,tool,OrigeneMCP,general,mcp,RESOLVED,False,"NEEDS_DISPATCHER - route resolved, MCP client not bound",no MCP dispatcher bound to this runtime,"bind an MCP client (1 integration point, unblocks the largest bucket)",NONE,federated,0,,,OrigeneMCP/tools/chembl/server.py
origenemcp.tool.get_xrefs_id,get_xrefs_id,tool,OrigeneMCP,general,mcp,RESOLVED,False,"NEEDS_DISPATCHER - route resolved, MCP client not bound",no MCP dispatcher bound to this runtime,"bind an MCP client (1 integration point, unblocks the largest bucket)",NONE,federated,0,,,OrigeneMCP/tools/ensembl/server.py
origenemcp.tool.get_xrefs_name,get_xrefs_name,tool,OrigeneMCP,general,mcp,RESOLVED,False,"NEEDS_DISPATCHER - route resolved, MCP client not bound",no MCP dispatcher bound to this runtime,"bind an MCP client (1 integration point, unblocks the largest bucket)",NONE,federated,0,,,OrigeneMCP/tools/ensembl/server.py
origenemcp.tool.get_xrefs_symbol,get_xrefs_symbol,tool,OrigeneMCP,general,mcp,RESOLVED,False,"NEEDS_DISPATCHER - route resolved, MCP client not bound",no MCP dispatcher bound to this runtime,"bind an MCP client (1 integration point, unblocks the largest bucket)",NONE,federated,0,,,OrigeneMCP/tools/ensembl/server.py
origenemcp.tool.gtrd_entry_to_target_genes,gtrd_entry_to_target_genes,tool,OrigeneMCP,general,mcp,RESOLVED,False,"NEEDS_DISPATCHER - route resolved, MCP client not bound",no MCP dispatcher bound to this runtime,"bind an MCP client (1 integration point, unblocks the largest bucket)",NONE,federated,0,,,OrigeneMCP/tools/dbsearch/server.py
origenemcp.tool.gtrd_gene_to_entry,gtrd_gene_to_entry,tool,OrigeneMCP,general,mcp,RESOLVED,False,"NEEDS_DISPATCHER - route resolved, MCP client not bound",no MCP dispatcher bound to this runtime,"bind an MCP client (1 integration point, unblocks the largest bucket)",NONE,federated,0,,,OrigeneMCP/tools/dbsearch/server.py
origenemcp.tool.kegg_find,kegg_find,tool,OrigeneMCP,general,mcp,RESOLVED,False,"NEEDS_DISPATCHER - route resolved, MCP client not bound",no MCP dispatcher bound to this runtime,"bind an MCP client (1 integration point, unblocks the largest bucket)",NONE,federated,0,,,OrigeneMCP/tools/kegg/server.py
origenemcp.tool.kegg_link,kegg_link,tool,OrigeneMCP,general,mcp,RESOLVED,False,"NEEDS_DISPATCHER - route resolved, MCP client not bound",no MCP dispatcher bound to this runtime,"bind an MCP client (1 integration point, unblocks the largest bucket)",NONE,federated,0,,,OrigeneMCP/tools/kegg/server.py
origenemcp.tool.list_chromosomes,list_chromosomes,tool,OrigeneMCP,wgs,mcp,RESOLVED,False,"NEEDS_DISPATCHER - route resolved, MCP client not bound",no MCP dispatcher bound to this runtime,"bind an MCP client (1 integration point, unblocks the largest bucket)",NONE,federated,0,,,OrigeneMCP/tools/ucsc/server.py
origenemcp.tool.list_genomes,list_genomes,tool,OrigeneMCP,wgs,mcp,RESOLVED,False,"NEEDS_DISPATCHER - route resolved, MCP client not bound",no MCP dispatcher bound to this runtime,"bind an MCP client (1 integration point, unblocks the largest bucket)",NONE,federated,0,,,OrigeneMCP/tools/ucsc/server.py
origenemcp.tool.list_hub_tracks,list_hub_tracks,tool,OrigeneMCP,wgs,mcp,RESOLVED,False,"NEEDS_DISPATCHER - route resolved, MCP client not bound",no MCP dispatcher bound to this runtime,"bind an MCP client (1 integration point, unblocks the largest bucket)",NONE,federated,0,,,OrigeneMCP/tools/ucsc/server.py
origenemcp.tool.list_public_hubs,list_public_hubs,tool,OrigeneMCP,general,mcp,RESOLVED,False,"NEEDS_DISPATCHER - route resolved, MCP client not bound",no MCP dispatcher bound to this runtime,"bind an MCP client (1 integration point, unblocks the largest bucket)",NONE,federated,0,,,OrigeneMCP/tools/ucsc/server.py
origenemcp.tool.list_tcga_cancer_types,list_tcga_cancer_types,tool,OrigeneMCP,general,mcp,RESOLVED,False,"NEEDS_DISPATCHER - route resolved, MCP client not bound",no MCP dispatcher bound to this runtime,"bind an MCP client (1 integration point, unblocks the largest bucket)",NONE,federated,0,,,OrigeneMCP/tools/tcga/server.py
origenemcp.tool.list_tracks,list_tracks,tool,OrigeneMCP,wgs,mcp,RESOLVED,False,"NEEDS_DISPATCHER - route resolved, MCP client not bound",no MCP dispatcher bound to this runtime,"bind an MCP client (1 integration point, unblocks the largest bucket)",NONE,federated,0,,,OrigeneMCP/tools/ucsc/server.py
origenemcp.tool.mapping_identifiers,mapping_identifiers,tool,OrigeneMCP,general,mcp,RESOLVED,False,"NEEDS_DISPATCHER - route resolved, MCP client not bound",no MCP dispatcher bound to this runtime,"bind an MCP client (1 integration point, unblocks the largest bucket)",NONE,federated,0,,,OrigeneMCP/tools/STRING/server.py
origenemcp.tool.mirdb_get_geneset_by_mirname,mirdb_get_geneset_by_mirname,tool,OrigeneMCP,general,mcp,RESOLVED,False,"NEEDS_DISPATCHER - route resolved, MCP client not bound",no MCP dispatcher bound to this runtime,"bind an MCP client (1 integration point, unblocks the largest bucket)",NONE,federated,0,,,OrigeneMCP/tools/dbsearch/server.py
origenemcp.tool.mousemine_get_geneset_from_mpid,mousemine_get_geneset_from_mpid,tool,OrigeneMCP,general,mcp,RESOLVED,False,"NEEDS_DISPATCHER - route resolved, MCP client not bound",no MCP dispatcher bound to this runtime,"bind an MCP client (1 integration point, unblocks the largest bucket)",NONE,federated,0,,,OrigeneMCP/tools/dbsearch/server.py
origenemcp.tool.multi_entity_search_by_query_string,multi_entity_search_by_query_string,tool,OrigeneMCP,general,mcp,RESOLVED,False,"NEEDS_DISPATCHER - route resolved, MCP client not bound",no MCP dispatcher bound to this runtime,"bind an MCP client (1 integration point, unblocks the largest bucket)",NONE,federated,0,,,OrigeneMCP/tools/tooluniverse/data/opentarget_tools.json
origenemcp.tool.paper_search,paper_search,tool,OrigeneMCP,general,mcp,RESOLVED,False,"NEEDS_DISPATCHER - route resolved, MCP client not bound",no MCP dispatcher bound to this runtime,"bind an MCP client (1 integration point, unblocks the largest bucket)",NONE,federated,0,,,OrigeneMCP/tools/search/server.py
origenemcp.tool.pdb_get_aggregation_group_provenance,pdb_get_aggregation_group_provenance,tool,OrigeneMCP,general,mcp,RESOLVED,False,"NEEDS_DISPATCHER - route resolved, MCP client not bound",no MCP dispatcher bound to this runtime,"bind an MCP client (1 integration point, unblocks the largest bucket)",NONE,federated,0,,,OrigeneMCP/tools/pdb/server.py
origenemcp.tool.pdb_get_branched_entity,pdb_get_branched_entity,tool,OrigeneMCP,chemistry,mcp,RESOLVED,False,"NEEDS_DISPATCHER - route resolved, MCP client not bound",no MCP dispatcher bound to this runtime,"bind an MCP client (1 integration point, unblocks the largest bucket)",NONE,federated,0,,,OrigeneMCP/tools/pdb/server.py
origenemcp.tool.pdb_get_branched_entity_instance,pdb_get_branched_entity_instance,tool,OrigeneMCP,general,mcp,RESOLVED,False,"NEEDS_DISPATCHER - route resolved, MCP client not bound",no MCP dispatcher bound to this runtime,"bind an MCP client (1 integration point, unblocks the largest bucket)",NONE,federated,0,,,OrigeneMCP/tools/pdb/server.py
origenemcp.tool.pdb_get_chemical_component,pdb_get_chemical_component,tool,OrigeneMCP,chemistry,mcp,RESOLVED,False,"NEEDS_DISPATCHER - route resolved, MCP client not bound",no MCP dispatcher bound to this runtime,"bind an MCP client (1 integration point, unblocks the largest bucket)",NONE,federated,0,,,OrigeneMCP/tools/pdb/server.py
origenemcp.tool.pdb_get_drugbank_annotations,pdb_get_drugbank_annotations,tool,OrigeneMCP,general,mcp,RESOLVED,False,"NEEDS_DISPATCHER - route resolved, MCP client not bound",no MCP dispatcher bound to this runtime,"bind an MCP client (1 integration point, unblocks the largest bucket)",NONE,federated,0,,,OrigeneMCP/tools/pdb/server.py
origenemcp.tool.pdb_get_entry_groups,pdb_get_entry_groups,tool,OrigeneMCP,general,mcp,RESOLVED,False,"NEEDS_DISPATCHER - route resolved, MCP client not bound",no MCP dispatcher bound to this runtime,"bind an MCP client (1 integration point, unblocks the largest bucket)",NONE,federated,0,,,OrigeneMCP/tools/pdb/server.py
origenemcp.tool.pdb_get_nonpolymer_entity,pdb_get_nonpolymer_entity,tool,OrigeneMCP,chemistry,mcp,RESOLVED,False,"NEEDS_DISPATCHER - route resolved, MCP client not bound",no MCP dispatcher bound to this runtime,"bind an MCP client (1 integration point, unblocks the largest bucket)",NONE,federated,0,,,OrigeneMCP/tools/pdb/server.py
origenemcp.tool.pdb_get_nonpolymer_entity_groups,pdb_get_nonpolymer_entity_groups,tool,OrigeneMCP,general,mcp,RESOLVED,False,"NEEDS_DISPATCHER - route resolved, MCP client not bound",no MCP dispatcher bound to this runtime,"bind an MCP client (1 integration point, unblocks the largest bucket)",NONE,federated,0,,,OrigeneMCP/tools/pdb/server.py
origenemcp.tool.pdb_get_nonpolymer_entity_instance,pdb_get_nonpolymer_entity_instance,tool,OrigeneMCP,general,mcp,RESOLVED,False,"NEEDS_DISPATCHER - route resolved, MCP client not bound",no MCP dispatcher bound to this runtime,"bind an MCP client (1 integration point, unblocks the largest bucket)",NONE,federated,0,,,OrigeneMCP/tools/pdb/server.py
origenemcp.tool.pdb_get_pdb_cluster_data_aggregation,pdb_get_pdb_cluster_data_aggregation,tool,OrigeneMCP,general,mcp,RESOLVED,False,"NEEDS_DISPATCHER - route resolved, MCP client not bound",no MCP dispatcher bound to this runtime,"bind an MCP client (1 integration point, unblocks the largest bucket)",NONE,federated,0,,,OrigeneMCP/tools/pdb/server.py
origenemcp.tool.pdb_get_pdb_cluster_data_aggregation_method,pdb_get_pdb_cluster_data_aggregation_method,tool,OrigeneMCP,general,mcp,RESOLVED,False,"NEEDS_DISPATCHER - route resolved, MCP client not bound",no MCP dispatcher bound to this runtime,"bind an MCP client (1 integration point, unblocks the largest bucket)",NONE,federated,0,,,OrigeneMCP/tools/pdb/server.py
origenemcp.tool.pdb_get_polymer_entity,pdb_get_polymer_entity,tool,OrigeneMCP,chemistry,mcp,RESOLVED,False,"NEEDS_DISPATCHER - route resolved, MCP client not bound",no MCP dispatcher bound to this runtime,"bind an MCP client (1 integration point, unblocks the largest bucket)",NONE,federated,0,,,OrigeneMCP/tools/pdb/server.py
origenemcp.tool.pdb_get_polymer_entity_groups,pdb_get_polymer_entity_groups,tool,OrigeneMCP,general,mcp,RESOLVED,False,"NEEDS_DISPATCHER - route resolved, MCP client not bound",no MCP dispatcher bound to this runtime,"bind an MCP client (1 integration point, unblocks the largest bucket)",NONE,federated,0,,,OrigeneMCP/tools/pdb/server.py
origenemcp.tool.pdb_get_polymer_entity_instance,pdb_get_polymer_entity_instance,tool,OrigeneMCP,general,mcp,RESOLVED,False,"NEEDS_DISPATCHER - route resolved, MCP client not bound",no MCP dispatcher bound to this runtime,"bind an MCP client (1 integration point, unblocks the largest bucket)",NONE,federated,0,,,OrigeneMCP/tools/pdb/server.py
origenemcp.tool.pdb_get_polymer_interface,pdb_get_polymer_interface,tool,OrigeneMCP,general,mcp,RESOLVED,False,"NEEDS_DISPATCHER - route resolved, MCP client not bound",no MCP dispatcher bound to this runtime,"bind an MCP client (1 integration point, unblocks the largest bucket)",NONE,federated,0,,,OrigeneMCP/tools/pdb/server.py
origenemcp.tool.pdb_get_pubmed_annotations,pdb_get_pubmed_annotations,tool,OrigeneMCP,literature,mcp,RESOLVED,False,"NEEDS_DISPATCHER - route resolved, MCP client not bound",no MCP dispatcher bound to this runtime,"bind an MCP client (1 integration point, unblocks the largest bucket)",NONE,federated,0,,,OrigeneMCP/tools/pdb/server.py
origenemcp.tool.pdb_get_residue_chains,pdb_get_residue_chains,tool,OrigeneMCP,general,mcp,RESOLVED,False,"NEEDS_DISPATCHER - route resolved, MCP client not bound",no MCP dispatcher bound to this runtime,"bind an MCP client (1 integration point, unblocks the largest bucket)",NONE,federated,0,,,OrigeneMCP/tools/pdb/server.py
origenemcp.tool.pdb_get_structural_assembly,pdb_get_structural_assembly,tool,OrigeneMCP,general,mcp,RESOLVED,False,"NEEDS_DISPATCHER - route resolved, MCP client not bound",no MCP dispatcher bound to this runtime,"bind an MCP client (1 integration point, unblocks the largest bucket)",NONE,federated,0,,,OrigeneMCP/tools/pdb/server.py
origenemcp.tool.pdb_get_structure,pdb_get_structure,tool,OrigeneMCP,literature,mcp,RESOLVED,False,"NEEDS_DISPATCHER - route resolved, MCP client not bound",no MCP dispatcher bound to this runtime,"bind an MCP client (1 integration point, unblocks the largest bucket)",NONE,federated,0,,,OrigeneMCP/tools/pdb/server.py
origenemcp.tool.pdb_get_uniprot_annotations,pdb_get_uniprot_annotations,tool,OrigeneMCP,general,mcp,RESOLVED,False,"NEEDS_DISPATCHER - route resolved, MCP client not bound",no MCP dispatcher bound to this runtime,"bind an MCP client (1 integration point, unblocks the largest bucket)",NONE,federated,0,,,OrigeneMCP/tools/pdb/server.py
origenemcp.tool.post_archive_id,post_archive_id,tool,OrigeneMCP,general,mcp,RESOLVED,False,"NEEDS_DISPATCHER - route resolved, MCP client not bound",no MCP dispatcher bound to this runtime,"bind an MCP client (1 integration point, unblocks the largest bucket)",NONE,federated,0,,,OrigeneMCP/tools/ensembl/server.py
origenemcp.tool.post_ga4gh_beacon_query,post_ga4gh_beacon_query,tool,OrigeneMCP,general,mcp,RESOLVED,False,"NEEDS_DISPATCHER - route resolved, MCP client not bound",no MCP dispatcher bound to this runtime,"bind an MCP client (1 integration point, unblocks the largest bucket)",NONE,federated,0,,,OrigeneMCP/tools/ensembl/server.py
origenemcp.tool.post_ga4gh_callsets_search,post_ga4gh_callsets_search,tool,OrigeneMCP,general,mcp,RESOLVED,False,"NEEDS_DISPATCHER - route resolved, MCP client not bound",no MCP dispatcher bound to this runtime,"bind an MCP client (1 integration point, unblocks the largest bucket)",NONE,federated,0,,,OrigeneMCP/tools/ensembl/server.py
origenemcp.tool.post_ga4gh_datasets_search,post_ga4gh_datasets_search,tool,OrigeneMCP,general,mcp,RESOLVED,False,"NEEDS_DISPATCHER - route resolved, MCP client not bound",no MCP dispatcher bound to this runtime,"bind an MCP client (1 integration point, unblocks the largest bucket)",NONE,federated,0,,,OrigeneMCP/tools/ensembl/server.py
origenemcp.tool.post_ga4gh_features_search,post_ga4gh_features_search,tool,OrigeneMCP,general,mcp,RESOLVED,False,"NEEDS_DISPATCHER - route resolved, MCP client not bound",no MCP dispatcher bound to this runtime,"bind an MCP client (1 integration point, unblocks the largest bucket)",NONE,federated,0,,,OrigeneMCP/tools/ensembl/server.py
origenemcp.tool.post_ga4gh_featuresets_search,post_ga4gh_featuresets_search,tool,OrigeneMCP,general,mcp,RESOLVED,False,"NEEDS_DISPATCHER - route resolved, MCP client not bound",no MCP dispatcher bound to this runtime,"bind an MCP client (1 integration point, unblocks the largest bucket)",NONE,federated,0,,,OrigeneMCP/tools/ensembl/server.py
origenemcp.tool.post_ga4gh_references_search,post_ga4gh_references_search,tool,OrigeneMCP,general,mcp,RESOLVED,False,"NEEDS_DISPATCHER - route resolved, MCP client not bound",no MCP dispatcher bound to this runtime,"bind an MCP client (1 integration point, unblocks the largest bucket)",NONE,federated,0,,,OrigeneMCP/tools/ensembl/server.py
origenemcp.tool.post_ga4gh_referencesets_search,post_ga4gh_referencesets_search,tool,OrigeneMCP,wgs,mcp,RESOLVED,False,"NEEDS_DISPATCHER - route resolved, MCP client not bound",no MCP dispatcher bound to this runtime,"bind an MCP client (1 integration point, unblocks the largest bucket)",NONE,federated,0,,,OrigeneMCP/tools/ensembl/server.py
origenemcp.tool.post_ga4gh_variantannotations_search,post_ga4gh_variantannotations_search,tool,OrigeneMCP,general,mcp,RESOLVED,False,"NEEDS_DISPATCHER - route resolved, MCP client not bound",no MCP dispatcher bound to this runtime,"bind an MCP client (1 integration point, unblocks the largest bucket)",NONE,federated,0,,,OrigeneMCP/tools/ensembl/server.py
origenemcp.tool.post_ga4gh_variantannotationsets_search,post_ga4gh_variantannotationsets_search,tool,OrigeneMCP,general,mcp,RESOLVED,False,"NEEDS_DISPATCHER - route resolved, MCP client not bound",no MCP dispatcher bound to this runtime,"bind an MCP client (1 integration point, unblocks the largest bucket)",NONE,federated,0,,,OrigeneMCP/tools/ensembl/server.py
origenemcp.tool.post_ga4gh_variants_search,post_ga4gh_variants_search,tool,OrigeneMCP,wgs,mcp,RESOLVED,False,"NEEDS_DISPATCHER - route resolved, MCP client not bound",no MCP dispatcher bound to this runtime,"bind an MCP client (1 integration point, unblocks the largest bucket)",NONE,federated,0,,,OrigeneMCP/tools/ensembl/server.py
origenemcp.tool.post_ga4gh_variantsets_search,post_ga4gh_variantsets_search,tool,OrigeneMCP,general,mcp,RESOLVED,False,"NEEDS_DISPATCHER - route resolved, MCP client not bound",no MCP dispatcher bound to this runtime,"bind an MCP client (1 integration point, unblocks the largest bucket)",NONE,federated,0,,,OrigeneMCP/tools/ensembl/server.py
origenemcp.tool.post_lookup_id,post_lookup_id,tool,OrigeneMCP,general,mcp,RESOLVED,False,"NEEDS_DISPATCHER - route resolved, MCP client not bound",no MCP dispatcher bound to this runtime,"bind an MCP client (1 integration point, unblocks the largest bucket)",NONE,federated,0,,,OrigeneMCP/tools/ensembl/server.py
origenemcp.tool.post_lookup_symbol,post_lookup_symbol,tool,OrigeneMCP,general,mcp,RESOLVED,False,"NEEDS_DISPATCHER - route resolved, MCP client not bound",no MCP dispatcher bound to this runtime,"bind an MCP client (1 integration point, unblocks the largest bucket)",NONE,federated,0,,,OrigeneMCP/tools/ensembl/server.py
origenemcp.tool.post_sequence_id,post_sequence_id,tool,OrigeneMCP,general,mcp,RESOLVED,False,"NEEDS_DISPATCHER - route resolved, MCP client not bound",no MCP dispatcher bound to this runtime,"bind an MCP client (1 integration point, unblocks the largest bucket)",NONE,federated,0,,,OrigeneMCP/tools/ensembl/server.py
origenemcp.tool.post_sequence_region,post_sequence_region,tool,OrigeneMCP,wgs,mcp,RESOLVED,False,"NEEDS_DISPATCHER - route resolved, MCP client not bound",no MCP dispatcher bound to this runtime,"bind an MCP client (1 integration point, unblocks the largest bucket)",NONE,federated,0,,,OrigeneMCP/tools/ensembl/server.py
origenemcp.tool.post_variant_recoder,post_variant_recoder,tool,OrigeneMCP,wgs,mcp,RESOLVED,False,"NEEDS_DISPATCHER - route resolved, MCP client not bound",no MCP dispatcher bound to this runtime,"bind an MCP client (1 integration point, unblocks the largest bucket)",NONE,federated,0,,,OrigeneMCP/tools/ensembl/server.py
origenemcp.tool.post_variation,post_variation,tool,OrigeneMCP,general,mcp,RESOLVED,False,"NEEDS_DISPATCHER - route resolved, MCP client not bound",no MCP dispatcher bound to this runtime,"bind an MCP client (1 integration point, unblocks the largest bucket)",NONE,federated,0,,,OrigeneMCP/tools/ensembl/server.py
origenemcp.tool.post_vep_hgvs,post_vep_hgvs,tool,OrigeneMCP,general,mcp,RESOLVED,False,"NEEDS_DISPATCHER - route resolved, MCP client not bound",no MCP dispatcher bound to this runtime,"bind an MCP client (1 integration point, unblocks the largest bucket)",NONE,federated,0,,,OrigeneMCP/tools/ensembl/server.py
origenemcp.tool.post_vep_id,post_vep_id,tool,OrigeneMCP,general,mcp,RESOLVED,False,"NEEDS_DISPATCHER - route resolved, MCP client not bound",no MCP dispatcher bound to this runtime,"bind an MCP client (1 integration point, unblocks the largest bucket)",NONE,federated,0,,,OrigeneMCP/tools/ensembl/server.py
origenemcp.tool.post_vep_region,post_vep_region,tool,OrigeneMCP,general,mcp,RESOLVED,False,"NEEDS_DISPATCHER - route resolved, MCP client not bound",no MCP dispatcher bound to this runtime,"bind an MCP client (1 integration point, unblocks the largest bucket)",NONE,federated,0,,,OrigeneMCP/tools/ensembl/server.py
origenemcp.tool.retrieve_drug_name_by_device_use,retrieve_drug_name_by_device_use,tool,OrigeneMCP,general,mcp,RESOLVED,False,"NEEDS_DISPATCHER - route resolved, MCP client not bound",no MCP dispatcher bound to this runtime,"bind an MCP client (1 integration point, unblocks the largest bucket)",NONE,federated,0,,,OrigeneMCP/tools/tooluniverse/data/fda_drug_labeling_tools.json
origenemcp.tool.retrieve_drug_names_by_patient_medication_info,retrieve_drug_names_by_patient_medication_info,tool,OrigeneMCP,clinical,mcp,RESOLVED,False,"NEEDS_DISPATCHER - route resolved, MCP client not bound",no MCP dispatcher bound to this runtime,"bind an MCP client (1 integration point, unblocks the largest bucket)",NONE,federated,0,,,OrigeneMCP/tools/tooluniverse/data/fda_drug_labeling_tools.json
origenemcp.tool.retrieve_patient_medication_info_by_drug_name,retrieve_patient_medication_info_by_drug_name,tool,OrigeneMCP,clinical,mcp,RESOLVED,False,"NEEDS_DISPATCHER - route resolved, MCP client not bound",no MCP dispatcher bound to this runtime,"bind an MCP client (1 integration point, unblocks the largest bucket)",NONE,federated,0,,,OrigeneMCP/tools/tooluniverse/data/fda_drug_labeling_tools.json
origenemcp.tool.search_activity,search_activity,tool,OrigeneMCP,chemistry,mcp,RESOLVED,False,"NEEDS_DISPATCHER - route resolved, MCP client not bound",no MCP dispatcher bound to this runtime,"bind an MCP client (1 integration point, unblocks the largest bucket)",NONE,federated,0,,,OrigeneMCP/tools/chembl/server.py
origenemcp.tool.search_category_counts_by_query_string,search_category_counts_by_query_string,tool,OrigeneMCP,general,mcp,RESOLVED,False,"NEEDS_DISPATCHER - route resolved, MCP client not bound",no MCP dispatcher bound to this runtime,"bind an MCP client (1 integration point, unblocks the largest bucket)",NONE,federated,0,,,OrigeneMCP/tools/tooluniverse/data/opentarget_tools.json
origenemcp.tool.search_chembl_id_lookup,search_chembl_id_lookup,tool,OrigeneMCP,general,mcp,RESOLVED,False,"NEEDS_DISPATCHER - route resolved, MCP client not bound",no MCP dispatcher bound to this runtime,"bind an MCP client (1 integration point, unblocks the largest bucket)",NONE,federated,0,,,OrigeneMCP/tools/chembl/server.py
origenemcp.tool.search_gene_centric,search_gene_centric,tool,OrigeneMCP,general,mcp,RESOLVED,False,"NEEDS_DISPATCHER - route resolved, MCP client not bound",no MCP dispatcher bound to this runtime,"bind an MCP client (1 integration point, unblocks the largest bucket)",NONE,federated,0,,,OrigeneMCP/tools/uniprot/server.py
origenemcp.tool.search_molecule,search_molecule,tool,OrigeneMCP,chemistry,mcp,RESOLVED,False,"NEEDS_DISPATCHER - route resolved, MCP client not bound",no MCP dispatcher bound to this runtime,"bind an MCP client (1 integration point, unblocks the largest bucket)",NONE,federated,0,,,OrigeneMCP/tools/chembl/server.py
origenemcp.tool.search_protein_classification,search_protein_classification,tool,OrigeneMCP,general,mcp,RESOLVED,False,"NEEDS_DISPATCHER - route resolved, MCP client not bound",no MCP dispatcher bound to this runtime,"bind an MCP client (1 integration point, unblocks the largest bucket)",NONE,federated,0,,,OrigeneMCP/tools/chembl/server.py
origenemcp.tool.search_proteomes,search_proteomes,tool,OrigeneMCP,proteomics,mcp,RESOLVED,False,"NEEDS_DISPATCHER - route resolved, MCP client not bound",no MCP dispatcher bound to this runtime,"bind an MCP client (1 integration point, unblocks the largest bucket)",NONE,federated,0,,,OrigeneMCP/tools/uniprot/server.py
origenemcp.tool.search_pubchem_advanced,search_pubchem_advanced,tool,OrigeneMCP,general,mcp,RESOLVED,False,"NEEDS_DISPATCHER - route resolved, MCP client not bound",no MCP dispatcher bound to this runtime,"bind an MCP client (1 integration point, unblocks the largest bucket)",NONE,federated,0,,,OrigeneMCP/tools/pubchem/server.py
origenemcp.tool.search_pubchem_by_name,search_pubchem_by_name,tool,OrigeneMCP,general,mcp,RESOLVED,False,"NEEDS_DISPATCHER - route resolved, MCP client not bound",no MCP dispatcher bound to this runtime,"bind an MCP client (1 integration point, unblocks the largest bucket)",NONE,federated,0,,,OrigeneMCP/tools/pubchem/server.py
origenemcp.tool.search_pubchem_by_smiles,search_pubchem_by_smiles,tool,OrigeneMCP,chemistry,mcp,RESOLVED,False,"NEEDS_DISPATCHER - route resolved, MCP client not bound",no MCP dispatcher bound to this runtime,"bind an MCP client (1 integration point, unblocks the largest bucket)",NONE,federated,0,,,OrigeneMCP/tools/pubchem/server.py
origenemcp.tool.search_uniparc_entries,search_uniparc_entries,tool,OrigeneMCP,chemistry,mcp,RESOLVED,False,"NEEDS_DISPATCHER - route resolved, MCP client not bound",no MCP dispatcher bound to this runtime,"bind an MCP client (1 integration point, unblocks the largest bucket)",NONE,federated,0,,,OrigeneMCP/tools/uniprot/server.py
origenemcp.tool.search_uniprotkb_entries,search_uniprotkb_entries,tool,OrigeneMCP,chemistry,mcp,RESOLVED,False,"NEEDS_DISPATCHER - route resolved, MCP client not bound",no MCP dispatcher bound to this runtime,"bind an MCP client (1 integration point, unblocks the largest bucket)",NONE,federated,0,,,OrigeneMCP/tools/uniprot/server.py
origenemcp.tool.search_uniref_clusters,search_uniref_clusters,tool,OrigeneMCP,general,mcp,RESOLVED,False,"NEEDS_DISPATCHER - route resolved, MCP client not bound",no MCP dispatcher bound to this runtime,"bind an MCP client (1 integration point, unblocks the largest bucket)",NONE,federated,0,,,OrigeneMCP/tools/uniprot/server.py
origenemcp.tool.stream_gene_centric,stream_gene_centric,tool,OrigeneMCP,general,mcp,RESOLVED,False,"NEEDS_DISPATCHER - route resolved, MCP client not bound",no MCP dispatcher bound to this runtime,"bind an MCP client (1 integration point, unblocks the largest bucket)",NONE,federated,0,,,OrigeneMCP/tools/uniprot/server.py
origenemcp.tool.stream_proteomes,stream_proteomes,tool,OrigeneMCP,proteomics,mcp,RESOLVED,False,"NEEDS_DISPATCHER - route resolved, MCP client not bound",no MCP dispatcher bound to this runtime,"bind an MCP client (1 integration point, unblocks the largest bucket)",NONE,federated,0,,,OrigeneMCP/tools/uniprot/server.py
origenemcp.tool.stream_uniparc_cross_references_by_upi,stream_uniparc_cross_references_by_upi,tool,OrigeneMCP,general,mcp,RESOLVED,False,"NEEDS_DISPATCHER - route resolved, MCP client not bound",no MCP dispatcher bound to this runtime,"bind an MCP client (1 integration point, unblocks the largest bucket)",NONE,federated,0,,,OrigeneMCP/tools/uniprot/server.py
origenemcp.tool.stream_uniparc_entries,stream_uniparc_entries,tool,OrigeneMCP,chemistry,mcp,RESOLVED,False,"NEEDS_DISPATCHER - route resolved, MCP client not bound",no MCP dispatcher bound to this runtime,"bind an MCP client (1 integration point, unblocks the largest bucket)",NONE,federated,0,,,OrigeneMCP/tools/uniprot/server.py
origenemcp.tool.stream_uniprotkb_entries,stream_uniprotkb_entries,tool,OrigeneMCP,chemistry,mcp,RESOLVED,False,"NEEDS_DISPATCHER - route resolved, MCP client not bound",no MCP dispatcher bound to this runtime,"bind an MCP client (1 integration point, unblocks the largest bucket)",NONE,federated,0,,,OrigeneMCP/tools/uniprot/server.py
origenemcp.tool.stream_uniref_clusters,stream_uniref_clusters,tool,OrigeneMCP,general,mcp,RESOLVED,False,"NEEDS_DISPATCHER - route resolved, MCP client not bound",no MCP dispatcher bound to this runtime,"bind an MCP client (1 integration point, unblocks the largest bucket)",NONE,federated,0,,,OrigeneMCP/tools/uniprot/server.py
origenemcp.tool.substructure_info,substructure_info,tool,OrigeneMCP,chemistry,mcp,RESOLVED,False,"NEEDS_DISPATCHER - route resolved, MCP client not bound",no MCP dispatcher bound to this runtime,"bind an MCP client (1 integration point, unblocks the largest bucket)",NONE,federated,0,,,OrigeneMCP/tools/chembl/server.py
origenemcp.tool.target_disease_evidence,target_disease_evidence,tool,OrigeneMCP,general,mcp,RESOLVED,False,"NEEDS_DISPATCHER - route resolved, MCP client not bound",no MCP dispatcher bound to this runtime,"bind an MCP client (1 integration point, unblocks the largest bucket)",NONE,federated,0,,,OrigeneMCP/tools/tooluniverse/data/opentarget_tools.json
origenemcp.tool.tcga_differential_expression_analysis,tcga_differential_expression_analysis,tool,OrigeneMCP,bulk_rnaseq,mcp,RESOLVED,False,"NEEDS_DISPATCHER - route resolved, MCP client not bound",no MCP dispatcher bound to this runtime,"bind an MCP client (1 integration point, unblocks the largest bucket)",NONE,federated,0,,,OrigeneMCP/tools/tcga/server.py
origenemcp.tool.tool_rag,Tool_RAG,tool,OrigeneMCP,general,mcp,RESOLVED,False,"NEEDS_DISPATCHER - route resolved, MCP client not bound",no MCP dispatcher bound to this runtime,"bind an MCP client (1 integration point, unblocks the largest bucket)",NONE,federated,0,,,OrigeneMCP/tools/tooluniverse/data/special_tools.json
robin.tool.format_assay_ideas,format_assay_ideas,tool,Robin,general,mcp,RESOLVED,False,"NEEDS_DISPATCHER - route resolved, MCP client not bound",no MCP dispatcher bound to this runtime,"bind an MCP client (1 integration point, unblocks the largest bucket)",Apache-2.0,vendor,0,,,Robin/robin/utils.py
robin.tool.format_candidate_ideas,format_candidate_ideas,tool,Robin,general,mcp,RESOLVED,False,"NEEDS_DISPATCHER - route resolved, MCP client not bound",no MCP dispatcher bound to this runtime,"bind an MCP client (1 integration point, unblocks the largest bucket)",Apache-2.0,vendor,0,,,Robin/robin/utils.py
robin.tool.output_to_string,output_to_string,tool,Robin,general,mcp,RESOLVED,False,"NEEDS_DISPATCHER - route resolved, MCP client not bound",no MCP dispatcher bound to this runtime,"bind an MCP client (1 integration point, unblocks the largest bucket)",Apache-2.0,vendor,0,,,Robin/robin/utils.py
biomedagent.tool.extract_function,extract_function,tool,BioMedAgent,general,subprocess,RESOLVED,False,"NEEDS_UPSTREAM_CHECKOUT - federated, project not installed","upstream project not installed locally; SubprocessBackend invokes upstream code in place and never copies it, so a checkout is required before any call can run",clone the upstream project and point SubprocessBackend at it,NONE,federated,0,,,BioMedAgent/utils.py
biomedagent.tool.file_reader,file_reader,tool,BioMedAgent,general,subprocess,RESOLVED,False,"NEEDS_UPSTREAM_CHECKOUT - federated, project not installed","upstream project not installed locally; SubprocessBackend invokes upstream code in place and never copies it, so a checkout is required before any call can run",clone the upstream project and point SubprocessBackend at it,NONE,federated,0,,,BioMedAgent/lab/file_reader.py
biomedagent.tool.generate_question_info,generate_question_info,tool,BioMedAgent,general,subprocess,RESOLVED,False,"NEEDS_UPSTREAM_CHECKOUT - federated, project not installed","upstream project not installed locally; SubprocessBackend invokes upstream code in place and never copies it, so a checkout is required before any call can run",clone the upstream project and point SubprocessBackend at it,NONE,federated,0,,,BioMedAgent/demo.py
biomedagent.tool.generate_task_id,generate_task_id,tool,BioMedAgent,general,subprocess,RESOLVED,False,"NEEDS_UPSTREAM_CHECKOUT - federated, project not installed","upstream project not installed locally; SubprocessBackend invokes upstream code in place and never copies it, so a checkout is required before any call can run",clone the upstream project and point SubprocessBackend at it,NONE,federated,0,,,BioMedAgent/utils.py
biomedagent.tool.get_action_code,get_action_code,tool,BioMedAgent,general,subprocess,RESOLVED,False,"NEEDS_UPSTREAM_CHECKOUT - federated, project not installed","upstream project not installed locally; SubprocessBackend invokes upstream code in place and never copies it, so a checkout is required before any call can run",clone the upstream project and point SubprocessBackend at it,NONE,federated,0,,,BioMedAgent/utils.py
biomedagent.tool.get_code_output,get_code_output,tool,BioMedAgent,general,subprocess,RESOLVED,False,"NEEDS_UPSTREAM_CHECKOUT - federated, project not installed","upstream project not installed locally; SubprocessBackend invokes upstream code in place and never copies it, so a checkout is required before any call can run",clone the upstream project and point SubprocessBackend at it,NONE,federated,0,,,BioMedAgent/scripts/executor.py
biomedagent.tool.handle_text,handle_text,tool,BioMedAgent,general,subprocess,RESOLVED,False,"NEEDS_UPSTREAM_CHECKOUT - federated, project not installed","upstream project not installed locally; SubprocessBackend invokes upstream code in place and never copies it, so a checkout is required before any call can run",clone the upstream project and point SubprocessBackend at it,NONE,federated,0,,,BioMedAgent/scripts/llm.py
biomedagent.tool.knowledge_base,knowledge_base,tool,BioMedAgent,general,subprocess,RESOLVED,False,"NEEDS_UPSTREAM_CHECKOUT - federated, project not installed","upstream project not installed locally; SubprocessBackend invokes upstream code in place and never copies it, so a checkout is required before any call can run",clone the upstream project and point SubprocessBackend at it,NONE,federated,0,,,BioMedAgent/utils.py
biomedagent.tool.llmcall,llmcall,tool,BioMedAgent,general,subprocess,RESOLVED,False,"NEEDS_UPSTREAM_CHECKOUT - federated, project not installed","upstream project not installed locally; SubprocessBackend invokes upstream code in place and never copies it, so a checkout is required before any call can run",clone the upstream project and point SubprocessBackend at it,NONE,federated,0,,,BioMedAgent/scripts/llm.py
biomedagent.tool.llmresponse,llmresponse,tool,BioMedAgent,general,subprocess,RESOLVED,False,"NEEDS_UPSTREAM_CHECKOUT - federated, project not installed","upstream project not installed locally; SubprocessBackend invokes upstream code in place and never copies it, so a checkout is required before any call can run",clone the upstream project and point SubprocessBackend at it,NONE,federated,0,,,BioMedAgent/scripts/llm.py
biomedagent.tool.push_code,push_code,tool,BioMedAgent,general,subprocess,RESOLVED,False,"NEEDS_UPSTREAM_CHECKOUT - federated, project not installed","upstream project not installed locally; SubprocessBackend invokes upstream code in place and never copies it, so a checkout is required before any call can run",clone the upstream project and point SubprocessBackend at it,NONE,federated,0,,,BioMedAgent/scripts/executor.py
biomedagent.tool.time_dir,time_dir,tool,BioMedAgent,general,subprocess,RESOLVED,False,"NEEDS_UPSTREAM_CHECKOUT - federated, project not installed","upstream project not installed locally; SubprocessBackend invokes upstream code in place and never copies it, so a checkout is required before any call can run",clone the upstream project and point SubprocessBackend at it,NONE,federated,0,,,BioMedAgent/config.py
cellagent.tool.extract_and_parse_json,extract_and_parse_json,tool,CellAgent,general,subprocess,RESOLVED,False,"NEEDS_UPSTREAM_CHECKOUT - federated, project not installed","upstream project not installed locally; SubprocessBackend invokes upstream code in place and never copies it, so a checkout is required before any call can run",clone the upstream project and point SubprocessBackend at it,NONE,federated,0,,,CellAgent/src/utils/json_utils.py
crispr-gpt.tool.chat_respond,chat_respond,tool,CRISPR-GPT,general,subprocess,RESOLVED,False,"NEEDS_UPSTREAM_CHECKOUT - federated, project not installed","upstream project not installed locally; SubprocessBackend invokes upstream code in place and never copies it, so a checkout is required before any call can run",clone the upstream project and point SubprocessBackend at it,NONE,federated,0,,,CRISPR-GPT/main.py
crispr-gpt.tool.check_human_heritable_editing,check_human_heritable_editing,tool,CRISPR-GPT,general,subprocess,RESOLVED,False,"NEEDS_UPSTREAM_CHECKOUT - federated, project not installed","upstream project not installed locally; SubprocessBackend invokes upstream code in place and never copies it, so a checkout is required before any call can run",clone the upstream project and point SubprocessBackend at it,NONE,federated,0,,,CRISPR-GPT/crisprgpt/safety.py
crispr-gpt.tool.check_stopping_keywords,check_stopping_keywords,tool,CRISPR-GPT,general,subprocess,RESOLVED,False,"NEEDS_UPSTREAM_CHECKOUT - federated, project not installed","upstream project not installed locally; SubprocessBackend invokes upstream code in place and never copies it, so a checkout is required before any call can run",clone the upstream project and point SubprocessBackend at it,NONE,federated,0,,,CRISPR-GPT/crisprgpt/safety.py
crispr-gpt.tool.contains_identifiable_genes,contains_identifiable_genes,tool,CRISPR-GPT,general,subprocess,RESOLVED,False,"NEEDS_UPSTREAM_CHECKOUT - federated, project not installed","upstream project not installed locally; SubprocessBackend invokes upstream code in place and never copies it, so a checkout is required before any call can run",clone the upstream project and point SubprocessBackend at it,NONE,federated,0,,,CRISPR-GPT/crisprgpt/safety.py
crispr-gpt.tool.extract_info,extract_info,tool,CRISPR-GPT,general,subprocess,RESOLVED,False,"NEEDS_UPSTREAM_CHECKOUT - federated, project not installed","upstream project not installed locally; SubprocessBackend invokes upstream code in place and never copies it, so a checkout is required before any call can run",clone the upstream project and point SubprocessBackend at it,NONE,federated,0,,,CRISPR-GPT/crisprgpt/apis/parse_sgRNA_library.py
crispr-gpt.tool.get_logger,get_logger,tool,CRISPR-GPT,general,subprocess,RESOLVED,False,"NEEDS_UPSTREAM_CHECKOUT - federated, project not installed","upstream project not installed locally; SubprocessBackend invokes upstream code in place and never copies it, so a checkout is required before any call can run",clone the upstream project and point SubprocessBackend at it,NONE,federated,0,,,CRISPR-GPT/util.py
crispr-gpt.tool.get_top_n_rows,get_top_n_rows,tool,CRISPR-GPT,general,subprocess,RESOLVED,False,"NEEDS_UPSTREAM_CHECKOUT - federated, project not installed","upstream project not installed locally; SubprocessBackend invokes upstream code in place and never copies it, so a checkout is required before any call can run",clone the upstream project and point SubprocessBackend at it,NONE,federated,0,,,CRISPR-GPT/crisprgpt/apis/parse_sgRNA_library.py
crispr-gpt.tool.initialize_session,initialize_session,tool,CRISPR-GPT,general,subprocess,RESOLVED,False,"NEEDS_UPSTREAM_CHECKOUT - federated, project not installed","upstream project not installed locally; SubprocessBackend invokes upstream code in place and never copies it, so a checkout is required before any call can run",clone the upstream project and point SubprocessBackend at it,NONE,federated,0,,,CRISPR-GPT/main.py
crispr-gpt.tool.make_check_ack_state,make_check_ack_state,tool,CRISPR-GPT,general,subprocess,RESOLVED,False,"NEEDS_UPSTREAM_CHECKOUT - federated, project not installed","upstream project not installed locally; SubprocessBackend invokes upstream code in place and never copies it, so a checkout is required before any call can run",clone the upstream project and point SubprocessBackend at it,NONE,federated,0,,,CRISPR-GPT/crisprgpt/logic.py
crispr-gpt.tool.reset_chat,reset_chat,tool,CRISPR-GPT,general,subprocess,RESOLVED,False,"NEEDS_UPSTREAM_CHECKOUT - federated, project not installed","upstream project not installed locally; SubprocessBackend invokes upstream code in place and never copies it, so a checkout is required before any call can run",clone the upstream project and point SubprocessBackend at it,NONE,federated,0,,,CRISPR-GPT/main.py
crispr-gpt.tool.save_chat,save_chat,tool,CRISPR-GPT,general,subprocess,RESOLVED,False,"NEEDS_UPSTREAM_CHECKOUT - federated, project not installed","upstream project not installed locally; SubprocessBackend invokes upstream code in place and never copies it, so a checkout is required before any call can run",clone the upstream project and point SubprocessBackend at it,NONE,federated,0,,,CRISPR-GPT/main.py
crispr-gpt.tool.sort_table,sort_table,tool,CRISPR-GPT,general,subprocess,RESOLVED,False,"NEEDS_UPSTREAM_CHECKOUT - federated, project not installed","upstream project not installed locally; SubprocessBackend invokes upstream code in place and never copies it, so a checkout is required before any call can run",clone the upstream project and point SubprocessBackend at it,NONE,federated,0,,,CRISPR-GPT/crisprgpt/apis/parse_sgRNA_library.py
crispr-gpt.tool.subset_between,subset_between,tool,CRISPR-GPT,general,subprocess,RESOLVED,False,"NEEDS_UPSTREAM_CHECKOUT - federated, project not installed","upstream project not installed locally; SubprocessBackend invokes upstream code in place and never copies it, so a checkout is required before any call can run",clone the upstream project and point SubprocessBackend at it,NONE,federated,0,,,CRISPR-GPT/crisprgpt/apis/parse_sgRNA_library.py
crispr-gpt.tool.subset_value,subset_value,tool,CRISPR-GPT,general,subprocess,RESOLVED,False,"NEEDS_UPSTREAM_CHECKOUT - federated, project not installed","upstream project not installed locally; SubprocessBackend invokes upstream code in place and never copies it, so a checkout is required before any call can run",clone the upstream project and point SubprocessBackend at it,NONE,federated,0,,,CRISPR-GPT/crisprgpt/apis/parse_sgRNA_library.py
origenemcp.tool.callagent,CallAgent,tool,OrigeneMCP,general,subprocess,RESOLVED,False,"NEEDS_UPSTREAM_CHECKOUT - federated, project not installed","upstream project not installed locally; SubprocessBackend invokes upstream code in place and never copies it, so a checkout is required before any call can run",clone the upstream project and point SubprocessBackend at it,NONE,federated,0,,,OrigeneMCP/tools/tooluniverse/data/special_tools.json
origenemcp.tool.finish,Finish,tool,OrigeneMCP,general,subprocess,RESOLVED,False,"NEEDS_UPSTREAM_CHECKOUT - federated, project not installed","upstream project not installed locally; SubprocessBackend invokes upstream code in place and never copies it, so a checkout is required before any call can run",clone the upstream project and point SubprocessBackend at it,NONE,federated,0,,,OrigeneMCP/tools/tooluniverse/data/special_tools.json
origenemcp.tool.get_joint_associated_diseases_by_hpo_id_list,get_joint_associated_diseases_by_HPO_ID_list,tool,OrigeneMCP,general,subprocess,RESOLVED,False,"NEEDS_UPSTREAM_CHECKOUT - federated, project not installed","upstream project not installed locally; SubprocessBackend invokes upstream code in place and never copies it, so a checkout is required before any call can run",clone the upstream project and point SubprocessBackend at it,NONE,federated,0,,,OrigeneMCP/tools/tooluniverse/data/monarch_tools.json
origenemcp.tool.gsea_get_genelist_from_genesetname,gsea_get_genelist_from_genesetname,tool,OrigeneMCP,general,subprocess,RESOLVED,False,"NEEDS_UPSTREAM_CHECKOUT - federated, project not installed","upstream project not installed locally; SubprocessBackend invokes upstream code in place and never copies it, so a checkout is required before any call can run",clone the upstream project and point SubprocessBackend at it,NONE,federated,0,,,OrigeneMCP/tools/dbsearch/server.py
origenemcp.tool.jina_search,jina_search,tool,OrigeneMCP,general,subprocess,RESOLVED,False,"NEEDS_UPSTREAM_CHECKOUT - federated, project not installed","upstream project not installed locally; SubprocessBackend invokes upstream code in place and never copies it, so a checkout is required before any call can run",clone the upstream project and point SubprocessBackend at it,NONE,federated,0,,,OrigeneMCP/tools/search/server.py
origenemcp.tool.kegg_conv,kegg_conv,tool,OrigeneMCP,general,subprocess,RESOLVED,False,"NEEDS_UPSTREAM_CHECKOUT - federated, project not installed","upstream project not installed locally; SubprocessBackend invokes upstream code in place and never copies it, so a checkout is required before any call can run",clone the upstream project and point SubprocessBackend at it,NONE,federated,0,,,OrigeneMCP/tools/kegg/server.py
origenemcp.tool.kegg_list,kegg_list,tool,OrigeneMCP,general,subprocess,RESOLVED,False,"NEEDS_UPSTREAM_CHECKOUT - federated, project not installed","upstream project not installed locally; SubprocessBackend invokes upstream code in place and never copies it, so a checkout is required before any call can run",clone the upstream project and point SubprocessBackend at it,NONE,federated,0,,,OrigeneMCP/tools/kegg/server.py
origenemcp.tool.phipster_get_hpid_list_by_vpid,phipster_get_hpid_list_by_vpid,tool,OrigeneMCP,general,subprocess,RESOLVED,False,"NEEDS_UPSTREAM_CHECKOUT - federated, project not installed","upstream project not installed locally; SubprocessBackend invokes upstream code in place and never copies it, so a checkout is required before any call can run",clone the upstream project and point SubprocessBackend at it,NONE,federated,0,,,OrigeneMCP/tools/dbsearch/server.py
origenemcp.tool.phipster_hpid_list_to_hpname_list,phipster_hpid_list_to_hpname_list,tool,OrigeneMCP,general,subprocess,RESOLVED,False,"NEEDS_UPSTREAM_CHECKOUT - federated, project not installed","upstream project not installed locally; SubprocessBackend invokes upstream code in place and never copies it, so a checkout is required before any call can run",clone the upstream project and point SubprocessBackend at it,NONE,federated,0,,,OrigeneMCP/tools/dbsearch/server.py
origenemcp.tool.phipster_vpname2vpid,phipster_vpname2vpid,tool,OrigeneMCP,general,subprocess,RESOLVED,False,"NEEDS_UPSTREAM_CHECKOUT - federated, project not installed","upstream project not installed locally; SubprocessBackend invokes upstream code in place and never copies it, so a checkout is required before any call can run",clone the upstream project and point SubprocessBackend at it,NONE,federated,0,,,OrigeneMCP/tools/dbsearch/server.py
origenemcp.tool.tavily_search,tavily_search,tool,OrigeneMCP,general,subprocess,RESOLVED,False,"NEEDS_UPSTREAM_CHECKOUT - federated, project not installed","upstream project not installed locally; SubprocessBackend invokes upstream code in place and never copies it, so a checkout is required before any call can run",clone the upstream project and point SubprocessBackend at it,NONE,federated,0,,,OrigeneMCP/tools/search/server.py
origenemcp.tool.tcga_immune_correlation_analysis,tcga_immune_correlation_analysis,tool,OrigeneMCP,scrnaseq,subprocess,RESOLVED,False,"NEEDS_UPSTREAM_CHECKOUT - federated, project not installed","upstream project not installed locally; SubprocessBackend invokes upstream code in place and never copies it, so a checkout is required before any call can run",clone the upstream project and point SubprocessBackend at it,NONE,federated,0,,,OrigeneMCP/tools/tcga/server.py
robin.tool.call_platform,call_platform,tool,Robin,general,subprocess,RESOLVED,False,"NEEDS_UPSTREAM_CHECKOUT - federated, project not installed","upstream project not installed locally; SubprocessBackend invokes upstream code in place and never copies it, so a checkout is required before any call can run",clone the upstream project and point SubprocessBackend at it,Apache-2.0,vendor,0,,,Robin/robin/utils.py
robin.tool.experimental_assay,experimental_assay,tool,Robin,general,subprocess,RESOLVED,False,"NEEDS_UPSTREAM_CHECKOUT - federated, project not installed","upstream project not installed locally; SubprocessBackend invokes upstream code in place and never copies it, so a checkout is required before any call can run",clone the upstream project and point SubprocessBackend at it,Apache-2.0,vendor,0,,,Robin/robin/assays.py
robin.tool.extract_candidate_info_from_folder,extract_candidate_info_from_folder,tool,Robin,general,subprocess,RESOLVED,False,"NEEDS_UPSTREAM_CHECKOUT - federated, project not installed","upstream project not installed locally; SubprocessBackend invokes upstream code in place and never copies it, so a checkout is required before any call can run",clone the upstream project and point SubprocessBackend at it,Apache-2.0,vendor,0,,,Robin/robin/utils.py
robin.tool.format_final_report,format_final_report,tool,Robin,general,subprocess,RESOLVED,False,"NEEDS_UPSTREAM_CHECKOUT - federated, project not installed","upstream project not installed locally; SubprocessBackend invokes upstream code in place and never copies it, so a checkout is required before any call can run",clone the upstream project and point SubprocessBackend at it,Apache-2.0,vendor,0,,,Robin/robin/utils.py
robin.tool.format_single_report,format_single_report,tool,Robin,general,subprocess,RESOLVED,False,"NEEDS_UPSTREAM_CHECKOUT - federated, project not installed","upstream project not installed locally; SubprocessBackend invokes upstream code in place and never copies it, so a checkout is required before any call can run",clone the upstream project and point SubprocessBackend at it,Apache-2.0,vendor,0,,,Robin/robin/utils.py
robin.tool.gather_results,gather_results,tool,Robin,general,subprocess,RESOLVED,False,"NEEDS_UPSTREAM_CHECKOUT - federated, project not installed","upstream project not installed locally; SubprocessBackend invokes upstream code in place and never copies it, so a checkout is required before any call can run",clone the upstream project and point SubprocessBackend at it,Apache-2.0,vendor,0,,,Robin/robin/utils.py
robin.tool.get_candidate_info,get_candidate_info,tool,Robin,general,subprocess,RESOLVED,False,"NEEDS_UPSTREAM_CHECKOUT - federated, project not installed","upstream project not installed locally; SubprocessBackend invokes upstream code in place and never copies it, so a checkout is required before any call can run",clone the upstream project and point SubprocessBackend at it,Apache-2.0,vendor,0,,,Robin/robin/utils.py
robin.tool.get_default_llm_config,get_default_llm_config,tool,Robin,general,subprocess,RESOLVED,False,"NEEDS_UPSTREAM_CHECKOUT - federated, project not installed","upstream project not installed locally; SubprocessBackend invokes upstream code in place and never copies it, so a checkout is required before any call can run",clone the upstream project and point SubprocessBackend at it,Apache-2.0,vendor,0,,,Robin/robin/configuration.py
robin.tool.poll_for_task_completion,poll_for_task_completion,tool,Robin,general,subprocess,RESOLVED,False,"NEEDS_UPSTREAM_CHECKOUT - federated, project not installed","upstream project not installed locally; SubprocessBackend invokes upstream code in place and never copies it, so a checkout is required before any call can run",clone the upstream project and point SubprocessBackend at it,Apache-2.0,vendor,0,,,Robin/robin/utils.py
robin.tool.process_comparison_pair,process_comparison_pair,tool,Robin,general,subprocess,RESOLVED,False,"NEEDS_UPSTREAM_CHECKOUT - federated, project not installed","upstream project not installed locally; SubprocessBackend invokes upstream code in place and never copies it, so a checkout is required before any call can run",clone the upstream project and point SubprocessBackend at it,Apache-2.0,vendor,0,,,Robin/robin/utils.py
robin.tool.processing_ranking_output,processing_ranking_output,tool,Robin,general,subprocess,RESOLVED,False,"NEEDS_UPSTREAM_CHECKOUT - federated, project not installed","upstream project not installed locally; SubprocessBackend invokes upstream code in place and never copies it, so a checkout is required before any call can run",clone the upstream project and point SubprocessBackend at it,Apache-2.0,vendor,0,,,Robin/robin/utils.py
robin.tool.read_and_process_csv,read_and_process_csv,tool,Robin,general,subprocess,RESOLVED,False,"NEEDS_UPSTREAM_CHECKOUT - federated, project not installed","upstream project not installed locally; SubprocessBackend invokes upstream code in place and never copies it, so a checkout is required before any call can run",clone the upstream project and point SubprocessBackend at it,Apache-2.0,vendor,0,,,Robin/robin/utils.py
robin.tool.run_comparisons,run_comparisons,tool,Robin,general,subprocess,RESOLVED,False,"NEEDS_UPSTREAM_CHECKOUT - federated, project not installed","upstream project not installed locally; SubprocessBackend invokes upstream code in place and never copies it, so a checkout is required before any call can run",clone the upstream project and point SubprocessBackend at it,Apache-2.0,vendor,0,,,Robin/robin/utils.py
robin.tool.save_crow_files,save_crow_files,tool,Robin,general,subprocess,RESOLVED,False,"NEEDS_UPSTREAM_CHECKOUT - federated, project not installed","upstream project not installed locally; SubprocessBackend invokes upstream code in place and never copies it, so a checkout is required before any call can run",clone the upstream project and point SubprocessBackend at it,Apache-2.0,vendor,0,,,Robin/robin/utils.py
robin.tool.save_falcon_files,save_falcon_files,tool,Robin,general,subprocess,RESOLVED,False,"NEEDS_UPSTREAM_CHECKOUT - federated, project not installed","upstream project not installed locally; SubprocessBackend invokes upstream code in place and never copies it, so a checkout is required before any call can run",clone the upstream project and point SubprocessBackend at it,Apache-2.0,vendor,0,,,Robin/robin/utils.py
robin.tool.therapeutic_candidates,therapeutic_candidates,tool,Robin,general,subprocess,RESOLVED,False,"NEEDS_UPSTREAM_CHECKOUT - federated, project not installed","upstream project not installed locally; SubprocessBackend invokes upstream code in place and never copies it, so a checkout is required before any call can run",clone the upstream project and point SubprocessBackend at it,Apache-2.0,vendor,0,,,Robin/robin/candidates.py
robin.tool.uniformly_random_pairs,uniformly_random_pairs,tool,Robin,general,subprocess,RESOLVED,False,"NEEDS_UPSTREAM_CHECKOUT - federated, project not installed","upstream project not installed locally; SubprocessBackend invokes upstream code in place and never copies it, so a checkout is required before any call can run",clone the upstream project and point SubprocessBackend at it,Apache-2.0,vendor,0,,,Robin/robin/utils.py
biomni.database.api.monarchinitiative.org,api.monarchinitiative.org,database,Biomni,general,http,RESOLVED,False,NO_BACKEND - http backend not implemented,no backend registered,implement an HTTP backend (or map to a native connector),Apache-2.0,vendor,0,,,Biomni/biomni/tool/
biomni.database.apiv3.iucnredlist.org,apiv3.iucnredlist.org,database,Biomni,general,http,RESOLVED,False,NO_BACKEND - http backend not implemented,no backend registered,implement an HTTP backend (or map to a native connector),Apache-2.0,vendor,0,,,Biomni/biomni/tool/
biomni.database.gitlab.mpcdf.mpg.de,gitlab.mpcdf.mpg.de,database,Biomni,general,http,RESOLVED,False,NO_BACKEND - http backend not implemented,no backend registered,implement an HTTP backend (or map to a native connector),Apache-2.0,vendor,0,,,(skill frontmatter/body URLs)
biomni.database.huggingface.co,huggingface.co,database,Biomni,general,http,RESOLVED,False,NO_BACKEND - http backend not implemented,no backend registered,implement an HTTP backend (or map to a native connector),Apache-2.0,vendor,0,,,Biomni/biomni/tool/
biomni.database.iupred2a.elte.hu,iupred2a.elte.hu,database,Biomni,general,http,RESOLVED,False,NO_BACKEND - http backend not implemented,no backend registered,implement an HTTP backend (or map to a native connector),Apache-2.0,vendor,0,,,Biomni/biomni/tool/
biomni.database.paleobiodb.org,paleobiodb.org,database,Biomni,general,http,RESOLVED,False,NO_BACKEND - http backend not implemented,no backend registered,implement an HTTP backend (or map to a native connector),Apache-2.0,vendor,0,,,Biomni/biomni/tool/
biomni.database.phenome.jax.org,phenome.jax.org,database,Biomni,general,http,RESOLVED,False,NO_BACKEND - http backend not implemented,no backend registered,implement an HTTP backend (or map to a native connector),Apache-2.0,vendor,0,,,Biomni/biomni/tool/
biomni.database.phenomedoc.jax.org,phenomedoc.jax.org,database,Biomni,general,http,RESOLVED,False,NO_BACKEND - http backend not implemented,no backend registered,implement an HTTP backend (or map to a native connector),Apache-2.0,vendor,0,,,Biomni/biomni/tool/
biomni.database.pypi.org,pypi.org,database,Biomni,general,http,RESOLVED,False,NO_BACKEND - http backend not implemented,no backend registered,implement an HTTP backend (or map to a native connector),Apache-2.0,vendor,0,,,Biomni/biomni/tool/
biomni.database.regulomedb.org,regulomedb.org,database,Biomni,general,http,RESOLVED,False,NO_BACKEND - http backend not implemented,no backend registered,implement an HTTP backend (or map to a native connector),Apache-2.0,vendor,0,,,Biomni/biomni/tool/
biomni.database.remap.univ-amu.fr,remap.univ-amu.fr,database,Biomni,general,http,RESOLVED,False,NO_BACKEND - http backend not implemented,no backend registered,implement an HTTP backend (or map to a native connector),Apache-2.0,vendor,0,,,Biomni/biomni/tool/
biomni.database.repo-prod.prod.sagebase.org,repo-prod.prod.sagebase.org,database,Biomni,general,http,RESOLVED,False,NO_BACKEND - http backend not implemented,no backend registered,implement an HTTP backend (or map to a native connector),Apache-2.0,vendor,0,,,(skill frontmatter/body URLs)
biomni.database.rest.kegg.jp,rest.kegg.jp,database,Biomni,general,http,RESOLVED,False,NO_BACKEND - http backend not implemented,no backend registered,implement an HTTP backend (or map to a native connector),Apache-2.0,vendor,0,,,Biomni/biomni/tool/
biomni.database.screen-beta-api.wenglab.org,screen-beta-api.wenglab.org,database,Biomni,general,http,RESOLVED,False,NO_BACKEND - http backend not implemented,no backend registered,implement an HTTP backend (or map to a native connector),Apache-2.0,vendor,0,,,Biomni/biomni/tool/
biomni.database.services.healthtech.dtu.dk,services.healthtech.dtu.dk,database,Biomni,general,http,RESOLVED,False,NO_BACKEND - http backend not implemented,no backend registered,implement an HTTP backend (or map to a native connector),Apache-2.0,vendor,0,,,(skill frontmatter/body URLs)
biomni.database.www.addgene.org,www.addgene.org,database,Biomni,general,http,RESOLVED,False,NO_BACKEND - http backend not implemented,no backend registered,implement an HTTP backend (or map to a native connector),Apache-2.0,vendor,0,,,(skill frontmatter/body URLs)
biomni.database.www.ebi.ac.uk,www.ebi.ac.uk,database,Biomni,general,http,RESOLVED,False,NO_BACKEND - http backend not implemented,no backend registered,implement an HTTP backend (or map to a native connector),Apache-2.0,vendor,0,,,(skill frontmatter/body URLs)
biomni.database.www.guidetopharmacology.org,www.guidetopharmacology.org,database,Biomni,general,http,RESOLVED,False,NO_BACKEND - http backend not implemented,no backend registered,implement an HTTP backend (or map to a native connector),Apache-2.0,vendor,0,,,Biomni/biomni/tool/
biomni.database.www.marinespecies.org,www.marinespecies.org,database,Biomni,general,http,RESOLVED,False,NO_BACKEND - http backend not implemented,no backend registered,implement an HTTP backend (or map to a native connector),Apache-2.0,vendor,0,,,Biomni/biomni/tool/
biomni.database.zenodo.org,zenodo.org,database,Biomni,general,http,RESOLVED,False,NO_BACKEND - http backend not implemented,no backend registered,implement an HTTP backend (or map to a native connector),Apache-2.0,vendor,0,,,Biomni/biomni/tool/
clawbio.database....,...,database,ClawBio,general,http,RESOLVED,False,NO_BACKEND - http backend not implemented,no backend registered,implement an HTTP backend (or map to a native connector),MIT,vendor,0,,,(skill frontmatter/body URLs)
clawbio.database.api.clinpgx.org,api.clinpgx.org,database,ClawBio,general,http,RESOLVED,False,NO_BACKEND - http backend not implemented,no backend registered,implement an HTTP backend (or map to a native connector),MIT,vendor,0,,,(skill frontmatter/body URLs)
clawbio.database.app.flow.bio,app.flow.bio,database,ClawBio,general,http,RESOLVED,False,NO_BACKEND - http backend not implemented,no backend registered,implement an HTTP backend (or map to a native connector),MIT,vendor,0,,,(skill frontmatter/body URLs)
clawbio.database.bgpt.pro,bgpt.pro,database,ClawBio,general,http,RESOLVED,False,NO_BACKEND - http backend not implemented,no backend registered,implement an HTTP backend (or map to a native connector),MIT,vendor,0,,,(skill frontmatter/body URLs)
clawbio.database.biotree.top,biotree.top,database,ClawBio,general,http,RESOLVED,False,NO_BACKEND - http backend not implemented,no backend registered,implement an HTTP backend (or map to a native connector),MIT,vendor,0,,,(skill frontmatter/body URLs)
clawbio.database.bowtie-bio.sourceforge.net,bowtie-bio.sourceforge.net,database,ClawBio,general,http,RESOLVED,False,NO_BACKEND - http backend not implemented,no backend registered,implement an HTTP backend (or map to a native connector),MIT,vendor,0,,,(skill frontmatter/body URLs)
clawbio.database.busco.ezlab.org,busco.ezlab.org,database,ClawBio,general,http,RESOLVED,False,NO_BACKEND - http backend not implemented,no backend registered,implement an HTTP backend (or map to a native connector),MIT,vendor,0,,,(skill frontmatter/body URLs)
clawbio.database.clinicalgenome.org,clinicalgenome.org,database,ClawBio,general,http,RESOLVED,False,NO_BACKEND - http backend not implemented,no backend registered,implement an HTTP backend (or map to a native connector),MIT,vendor,0,,,(skill frontmatter/body URLs)
clawbio.database.cpicpgx.org,cpicpgx.org,database,ClawBio,general,http,RESOLVED,False,NO_BACKEND - http backend not implemented,no backend registered,implement an HTTP backend (or map to a native connector),MIT,vendor,0,,,(skill frontmatter/body URLs)
clawbio.database.cup.columbia.edu,cup.columbia.edu,database,ClawBio,general,http,RESOLVED,False,NO_BACKEND - http backend not implemented,no backend registered,implement an HTTP backend (or map to a native connector),MIT,vendor,0,,,(skill frontmatter/body URLs)
clawbio.database.daehwankimlab.github.io,daehwankimlab.github.io,database,ClawBio,general,http,RESOLVED,False,NO_BACKEND - http backend not implemented,no backend registered,implement an HTTP backend (or map to a native connector),MIT,vendor,0,,,(skill frontmatter/body URLs)
clawbio.database.datadryad.org,datadryad.org,database,ClawBio,general,http,RESOLVED,False,NO_BACKEND - http backend not implemented,no backend registered,implement an HTTP backend (or map to a native connector),MIT,vendor,0,,,(skill frontmatter/body URLs)
clawbio.database.depmap.org,depmap.org,database,ClawBio,general,http,RESOLVED,False,NO_BACKEND - http backend not implemented,no backend registered,implement an HTTP backend (or map to a native connector),MIT,vendor,0,,,(skill frontmatter/body URLs)
clawbio.database.developers.zenodo.org,developers.zenodo.org,database,ClawBio,general,http,RESOLVED,False,NO_BACKEND - http backend not implemented,no backend registered,implement an HTTP backend (or map to a native connector),MIT,vendor,0,,,(skill frontmatter/body URLs)
clawbio.database.dosage.clinicalgenome.org,dosage.clinicalgenome.org,database,ClawBio,general,http,RESOLVED,False,NO_BACKEND - http backend not implemented,no backend registered,implement an HTTP backend (or map to a native connector),MIT,vendor,0,,,(skill frontmatter/body URLs)
clawbio.database.flow.bio,flow.bio,database,ClawBio,general,http,RESOLVED,False,NO_BACKEND - http backend not implemented,no backend registered,implement an HTTP backend (or map to a native connector),MIT,vendor,0,,,(skill frontmatter/body URLs)
clawbio.database.ftp.1000genomes.ebi.ac.uk,ftp.1000genomes.ebi.ac.uk,database,ClawBio,general,http,RESOLVED,False,NO_BACKEND - http backend not implemented,no backend registered,implement an HTTP backend (or map to a native connector),MIT,vendor,0,,,(skill frontmatter/body URLs)
clawbio.database.ftp.ebi.ac.uk,ftp.ebi.ac.uk,database,ClawBio,general,http,RESOLVED,False,NO_BACKEND - http backend not implemented,no backend registered,implement an HTTP backend (or map to a native connector),MIT,vendor,0,,,(skill frontmatter/body URLs)
clawbio.database.galaxyproject.org,galaxyproject.org,database,ClawBio,general,http,RESOLVED,False,NO_BACKEND - http backend not implemented,no backend registered,implement an HTTP backend (or map to a native connector),MIT,vendor,0,,,(skill frontmatter/body URLs)
clawbio.database.gatk.broadinstitute.org,gatk.broadinstitute.org,database,ClawBio,general,http,RESOLVED,False,NO_BACKEND - http backend not implemented,no backend registered,implement an HTTP backend (or map to a native connector),MIT,vendor,0,,,(skill frontmatter/body URLs)
clawbio.database.genomebiology.biomedcentral.com,genomebiology.biomedcentral.com,database,ClawBio,general,http,RESOLVED,False,NO_BACKEND - http backend not implemented,no backend registered,implement an HTTP backend (or map to a native connector),MIT,vendor,0,,,(skill frontmatter/body URLs)
clawbio.database.genomicintelligence.ai,genomicintelligence.ai,database,ClawBio,general,http,RESOLVED,False,NO_BACKEND - http backend not implemented,no backend registered,implement an HTTP backend (or map to a native connector),MIT,vendor,0,,,(skill frontmatter/body URLs)
clawbio.database.gitlab.com,gitlab.com,database,ClawBio,general,http,RESOLVED,False,NO_BACKEND - http backend not implemented,no backend registered,implement an HTTP backend (or map to a native connector),MIT,vendor,0,,,(skill frontmatter/body URLs)
clawbio.database.hl7.org,hl7.org,database,ClawBio,general,http,RESOLVED,False,NO_BACKEND - http backend not implemented,no backend registered,implement an HTTP backend (or map to a native connector),MIT,vendor,0,,,(skill frontmatter/body URLs)
clawbio.database.maayanlab.cloud,maayanlab.cloud,database,ClawBio,general,http,RESOLVED,False,NO_BACKEND - http backend not implemented,no backend registered,implement an HTTP backend (or map to a native connector),MIT,vendor,0,,,(skill frontmatter/body URLs)
clawbio.database.matplotlib.org,matplotlib.org,database,ClawBio,general,http,RESOLVED,False,NO_BACKEND - http backend not implemented,no backend registered,implement an HTTP backend (or map to a native connector),MIT,vendor,0,,,(skill frontmatter/body URLs)
clawbio.database.modelcontextprotocol.io,modelcontextprotocol.io,database,ClawBio,general,http,RESOLVED,False,NO_BACKEND - http backend not implemented,no backend registered,implement an HTTP backend (or map to a native connector),MIT,vendor,0,,,(skill frontmatter/body URLs)
clawbio.database.olink.com,olink.com,database,ClawBio,general,http,RESOLVED,False,NO_BACKEND - http backend not implemented,no backend registered,implement an HTTP backend (or map to a native connector),MIT,vendor,0,,,(skill frontmatter/body URLs)
clawbio.database.opencypher.org,opencypher.org,database,ClawBio,general,http,RESOLVED,False,NO_BACKEND - http backend not implemented,no backend registered,implement an HTTP backend (or map to a native connector),MIT,vendor,0,,,(skill frontmatter/body URLs)
clawbio.database.pgp.med.harvard.edu,pgp.med.harvard.edu,database,ClawBio,general,http,RESOLVED,False,NO_BACKEND - http backend not implemented,no backend registered,implement an HTTP backend (or map to a native connector),MIT,vendor,0,,,(skill frontmatter/body URLs)
clawbio.database.repo-hub.broadinstitute.org,repo-hub.broadinstitute.org,database,ClawBio,general,http,RESOLVED,False,NO_BACKEND - http backend not implemented,no backend registered,implement an HTTP backend (or map to a native connector),MIT,vendor,0,,,(skill frontmatter/body URLs)
clawbio.database.sashagusev.github.io,sashagusev.github.io,database,ClawBio,general,http,RESOLVED,False,NO_BACKEND - http backend not implemented,no backend registered,implement an HTTP backend (or map to a native connector),MIT,vendor,0,,,(skill frontmatter/body URLs)
clawbio.database.support-docs.illumina.com,support-docs.illumina.com,database,ClawBio,general,http,RESOLVED,False,NO_BACKEND - http backend not implemented,no backend registered,implement an HTTP backend (or map to a native connector),MIT,vendor,0,,,(skill frontmatter/body URLs)
clawbio.database.terminology.hl7.org,terminology.hl7.org,database,ClawBio,general,http,RESOLVED,False,NO_BACKEND - http backend not implemented,no backend registered,implement an HTTP backend (or map to a native connector),MIT,vendor,0,,,(skill frontmatter/body URLs)
clawbio.database.toil.xenahubs.net,toil.xenahubs.net,database,ClawBio,general,http,RESOLVED,False,NO_BACKEND - http backend not implemented,no backend registered,implement an HTTP backend (or map to a native connector),MIT,vendor,0,,,(skill frontmatter/body URLs)
clawbio.database.turingdb.ai,turingdb.ai,database,ClawBio,general,http,RESOLVED,False,NO_BACKEND - http backend not implemented,no backend registered,implement an HTTP backend (or map to a native connector),MIT,vendor,0,,,(skill frontmatter/body URLs)
clawbio.database.usegalaxy.org,usegalaxy.org,database,ClawBio,general,http,RESOLVED,False,NO_BACKEND - http backend not implemented,no backend registered,implement an HTTP backend (or map to a native connector),MIT,vendor,0,,,(skill frontmatter/body URLs)
clawbio.database.www.bioconductor.org,www.bioconductor.org,database,ClawBio,general,http,RESOLVED,False,NO_BACKEND - http backend not implemented,no backend registered,implement an HTTP backend (or map to a native connector),MIT,vendor,0,,,(skill frontmatter/body URLs)
clawbio.database.www.bioinformatics.babraham.ac.uk,www.bioinformatics.babraham.ac.uk,database,ClawBio,general,http,RESOLVED,False,NO_BACKEND - http backend not implemented,no backend registered,implement an HTTP backend (or map to a native connector),MIT,vendor,0,,,(skill frontmatter/body URLs)
clawbio.database.www.celltypist.org,www.celltypist.org,database,ClawBio,general,http,RESOLVED,False,NO_BACKEND - http backend not implemented,no backend registered,implement an HTTP backend (or map to a native connector),MIT,vendor,0,,,(skill frontmatter/body URLs)
clawbio.database.www.cog-genomics.org,www.cog-genomics.org,database,ClawBio,general,http,RESOLVED,False,NO_BACKEND - http backend not implemented,no backend registered,implement an HTTP backend (or map to a native connector),MIT,vendor,0,,,(skill frontmatter/body URLs)
clawbio.database.www.genetics.org,www.genetics.org,database,ClawBio,general,http,RESOLVED,False,NO_BACKEND - http backend not implemented,no backend registered,implement an HTTP backend (or map to a native connector),MIT,vendor,0,,,(skill frontmatter/body URLs)
clawbio.database.www.healthit.gov,www.healthit.gov,database,ClawBio,general,http,RESOLVED,False,NO_BACKEND - http backend not implemented,no backend registered,implement an HTTP backend (or map to a native connector),MIT,vendor,0,,,(skill frontmatter/body URLs)
clawbio.database.www.illumina.com,www.illumina.com,database,ClawBio,general,http,RESOLVED,False,NO_BACKEND - http backend not implemented,no backend registered,implement an HTTP backend (or map to a native connector),MIT,vendor,0,,,(skill frontmatter/body URLs)
clawbio.database.www.jstor.org,www.jstor.org,database,ClawBio,general,http,RESOLVED,False,NO_BACKEND - http backend not implemented,no backend registered,implement an HTTP backend (or map to a native connector),MIT,vendor,0,,,(skill frontmatter/body URLs)
clawbio.database.www.labstep.com,www.labstep.com,database,ClawBio,general,http,RESOLVED,False,NO_BACKEND - http backend not implemented,no backend registered,implement an HTTP backend (or map to a native connector),MIT,vendor,0,,,(skill frontmatter/body URLs)
clawbio.database.www.nlm.nih.gov,www.nlm.nih.gov,database,ClawBio,general,http,RESOLVED,False,NO_BACKEND - http backend not implemented,no backend registered,implement an HTTP backend (or map to a native connector),MIT,vendor,0,,,(skill frontmatter/body URLs)
clawbio.database.www.npmjs.com,www.npmjs.com,database,ClawBio,general,http,RESOLVED,False,NO_BACKEND - http backend not implemented,no backend registered,implement an HTTP backend (or map to a native connector),MIT,vendor,0,,,(skill frontmatter/body URLs)
clawbio.database.www.orthodb.org,www.orthodb.org,database,ClawBio,general,http,RESOLVED,False,NO_BACKEND - http backend not implemented,no backend registered,implement an HTTP backend (or map to a native connector),MIT,vendor,0,,,(skill frontmatter/body URLs)
clawbio.database.www.pgscatalog.org,www.pgscatalog.org,database,ClawBio,general,http,RESOLVED,False,NO_BACKEND - http backend not implemented,no backend registered,implement an HTTP backend (or map to a native connector),MIT,vendor,0,,,(skill frontmatter/body URLs)
clawbio.database.www.synapse.org,www.synapse.org,database,ClawBio,general,http,RESOLVED,False,NO_BACKEND - http backend not implemented,no backend registered,implement an HTTP backend (or map to a native connector),MIT,vendor,0,,,(skill frontmatter/body URLs)
k-dense.database.academic.oup.com,academic.oup.com,database,K-Dense,general,http,RESOLVED,False,NO_BACKEND - http backend not implemented,no backend registered,implement an HTTP backend (or map to a native connector),MIT,vendor,0,,,(skill frontmatter/body URLs)
k-dense.database.ahkstrategies.net,ahkstrategies.net,database,K-Dense,general,http,RESOLVED,False,NO_BACKEND - http backend not implemented,no backend registered,implement an HTTP backend (or map to a native connector),MIT,vendor,0,,,(skill frontmatter/body URLs)
k-dense.database.ambermd.org,ambermd.org,database,K-Dense,general,http,RESOLVED,False,NO_BACKEND - http backend not implemented,no backend registered,implement an HTTP backend (or map to a native connector),MIT,vendor,0,,,(skill frontmatter/body URLs)
k-dense.database.amstar.ca,amstar.ca,database,K-Dense,general,http,RESOLVED,False,NO_BACKEND - http backend not implemented,no backend registered,implement an HTTP backend (or map to a native connector),MIT,vendor,0,,,(skill frontmatter/body URLs)
k-dense.database.apastyle.apa.org,apastyle.apa.org,database,K-Dense,general,http,RESOLVED,False,NO_BACKEND - http backend not implemented,no backend registered,implement an HTTP backend (or map to a native connector),MIT,vendor,0,,,(skill frontmatter/body URLs)
k-dense.database.api.bedbase.org,api.bedbase.org,database,K-Dense,general,http,RESOLVED,False,NO_BACKEND - http backend not implemented,no backend registered,implement an HTTP backend (or map to a native connector),MIT,vendor,0,,,(skill frontmatter/body URLs)
k-dense.database.api.census.gov,api.census.gov,database,K-Dense,general,http,RESOLVED,False,NO_BACKEND - http backend not implemented,no backend registered,implement an HTTP backend (or map to a native connector),MIT,vendor,0,,,(skill frontmatter/body URLs)
k-dense.database.api.crossref.org,api.crossref.org,database,K-Dense,general,http,RESOLVED,False,NO_BACKEND - http backend not implemented,no backend registered,implement an HTTP backend (or map to a native connector),MIT,vendor,0,,,(skill frontmatter/body URLs)
k-dense.database.api.datacite.org,api.datacite.org,database,K-Dense,general,http,RESOLVED,False,NO_BACKEND - http backend not implemented,no backend registered,implement an HTTP backend (or map to a native connector),MIT,vendor,0,,,(skill frontmatter/body URLs)
k-dense.database.api.fiscaldata.treasury.gov,api.fiscaldata.treasury.gov,database,K-Dense,general,http,RESOLVED,False,NO_BACKEND - http backend not implemented,no backend registered,implement an HTTP backend (or map to a native connector),MIT,vendor,0,,,(skill frontmatter/body URLs)
k-dense.database.api.nasa.gov,api.nasa.gov,database,K-Dense,general,http,RESOLVED,False,NO_BACKEND - http backend not implemented,no backend registered,implement an HTTP backend (or map to a native connector),MIT,vendor,0,,,(skill frontmatter/body URLs)
k-dense.database.api.semanticscholar.org,api.semanticscholar.org,database,K-Dense,general,http,RESOLVED,False,NO_BACKEND - http backend not implemented,no backend registered,implement an HTTP backend (or map to a native connector),MIT,vendor,0,,,(skill frontmatter/body URLs)
k-dense.database.app.tamarind.bio,app.tamarind.bio,database,K-Dense,general,http,RESOLVED,False,NO_BACKEND - http backend not implemented,no backend registered,implement an HTTP backend (or map to a native connector),MIT,vendor,0,,,(skill frontmatter/body URLs)
k-dense.database.apps.bea.gov,apps.bea.gov,database,K-Dense,general,http,RESOLVED,False,NO_BACKEND - http backend not implemented,no backend registered,implement an HTTP backend (or map to a native connector),MIT,vendor,0,,,(skill frontmatter/body URLs)
k-dense.database.arax.transltr.io,arax.transltr.io,database,K-Dense,general,http,RESOLVED,False,NO_BACKEND - http backend not implemented,no backend registered,implement an HTTP backend (or map to a native connector),MIT,vendor,0,,,(skill frontmatter/body URLs)
k-dense.database.benchling.com,benchling.com,database,K-Dense,general,http,RESOLVED,False,NO_BACKEND - http backend not implemented,no backend registered,implement an HTTP backend (or map to a native connector),MIT,vendor,0,,,(skill frontmatter/body URLs)
k-dense.database.bids-standard.github.io,bids-standard.github.io,database,K-Dense,general,http,RESOLVED,False,NO_BACKEND - http backend not implemented,no backend registered,implement an HTTP backend (or map to a native connector),MIT,vendor,0,,,(skill frontmatter/body URLs)
k-dense.database.bids.neuroimaging.io,bids.neuroimaging.io,database,K-Dense,general,http,RESOLVED,False,NO_BACKEND - http backend not implemented,no backend registered,implement an HTTP backend (or map to a native connector),MIT,vendor,0,,,(skill frontmatter/body URLs)
k-dense.database.biit.cs.ut.ee,biit.cs.ut.ee,database,K-Dense,general,http,RESOLVED,False,NO_BACKEND - http backend not implemented,no backend registered,implement an HTTP backend (or map to a native connector),MIT,vendor,0,,,(skill frontmatter/body URLs)
k-dense.database.biohub.ai,biohub.ai,database,K-Dense,general,http,RESOLVED,False,NO_BACKEND - http backend not implemented,no backend registered,implement an HTTP backend (or map to a native connector),MIT,vendor,0,,,(skill frontmatter/body URLs)
k-dense.database.biohub.org,biohub.org,database,K-Dense,general,http,RESOLVED,False,NO_BACKEND - http backend not implemented,no backend registered,implement an HTTP backend (or map to a native connector),MIT,vendor,0,,,(skill frontmatter/body URLs)
k-dense.database.biolink.github.io,biolink.github.io,database,K-Dense,general,http,RESOLVED,False,NO_BACKEND - http backend not implemented,no backend registered,implement an HTTP backend (or map to a native connector),MIT,vendor,0,,,(skill frontmatter/body URLs)
k-dense.database.bit.ly,bit.ly,database,K-Dense,general,http,RESOLVED,False,NO_BACKEND - http backend not implemented,no backend registered,implement an HTTP backend (or map to a native connector),MIT,vendor,0,,,(skill frontmatter/body URLs)
k-dense.database.charmm-gui.org,charmm-gui.org,database,K-Dense,general,http,RESOLVED,False,NO_BACKEND - http backend not implemented,no backend registered,implement an HTTP backend (or map to a native connector),MIT,vendor,0,,,(skill frontmatter/body URLs)
k-dense.database.cloud.ginkgo.bio,cloud.ginkgo.bio,database,K-Dense,general,http,RESOLVED,False,NO_BACKEND - http backend not implemented,no backend registered,implement an HTTP backend (or map to a native connector),MIT,vendor,0,,,(skill frontmatter/body URLs)
k-dense.database.cloud.tiledb.com,cloud.tiledb.com,database,K-Dense,general,http,RESOLVED,False,NO_BACKEND - http backend not implemented,no backend registered,implement an HTTP backend (or map to a native connector),MIT,vendor,0,,,(skill frontmatter/body URLs)
k-dense.database.clue.io,clue.io,database,K-Dense,general,http,RESOLVED,False,NO_BACKEND - http backend not implemented,no backend registered,implement an HTTP backend (or map to a native connector),MIT,vendor,0,,,(skill frontmatter/body URLs)
k-dense.database.console.latch.bio,console.latch.bio,database,K-Dense,general,http,RESOLVED,False,NO_BACKEND - http backend not implemented,no backend registered,implement an HTTP backend (or map to a native connector),MIT,vendor,0,,,(skill frontmatter/body URLs)
k-dense.database.core.ac.uk,core.ac.uk,database,K-Dense,general,http,RESOLVED,False,NO_BACKEND - http backend not implemented,no backend registered,implement an HTTP backend (or map to a native connector),MIT,vendor,0,,,(skill frontmatter/body URLs)
k-dense.database.crates.io,crates.io,database,K-Dense,general,http,RESOLVED,False,NO_BACKEND - http backend not implemented,no backend registered,implement an HTTP backend (or map to a native connector),MIT,vendor,0,,,(skill frontmatter/body URLs)
k-dense.database.dashboard.exa.ai,dashboard.exa.ai,database,K-Dense,general,http,RESOLVED,False,NO_BACKEND - http backend not implemented,no backend registered,implement an HTTP backend (or map to a native connector),MIT,vendor,0,,,(skill frontmatter/body URLs)
k-dense.database.data.bls.gov,data.bls.gov,database,K-Dense,general,http,RESOLVED,False,NO_BACKEND - http backend not implemented,no backend registered,implement an HTTP backend (or map to a native connector),MIT,vendor,0,,,(skill frontmatter/body URLs)
k-dense.database.data.pyg.org,data.pyg.org,database,K-Dense,general,http,RESOLVED,False,NO_BACKEND - http backend not implemented,no backend registered,implement an HTTP backend (or map to a native connector),MIT,vendor,0,,,(skill frontmatter/body URLs)
k-dense.database.dataverse.harvard.edu,dataverse.harvard.edu,database,K-Dense,general,http,RESOLVED,False,NO_BACKEND - http backend not implemented,no backend registered,implement an HTTP backend (or map to a native connector),MIT,vendor,0,,,(skill frontmatter/body URLs)
k-dense.database.developers.llamaindex.ai,developers.llamaindex.ai,database,K-Dense,general,http,RESOLVED,False,NO_BACKEND - http backend not implemented,no backend registered,implement an HTTP backend (or map to a native connector),MIT,vendor,0,,,(skill frontmatter/body URLs)
k-dense.database.dicom.nema.org,dicom.nema.org,database,K-Dense,general,http,RESOLVED,False,NO_BACKEND - http backend not implemented,no backend registered,implement an HTTP backend (or map to a native connector),MIT,vendor,0,,,(skill frontmatter/body URLs)
k-dense.database.discuss.pennylane.ai,discuss.pennylane.ai,database,K-Dense,general,http,RESOLVED,False,NO_BACKEND - http backend not implemented,no backend registered,implement an HTTP backend (or map to a native connector),MIT,vendor,0,,,(skill frontmatter/body URLs)
k-dense.database.distributed.dask.org,distributed.dask.org,database,K-Dense,general,http,RESOLVED,False,NO_BACKEND - http backend not implemented,no backend registered,implement an HTTP backend (or map to a native connector),MIT,vendor,0,,,(skill frontmatter/body URLs)
k-dense.database.dnaerys.org,dnaerys.org,database,K-Dense,general,http,RESOLVED,False,NO_BACKEND - http backend not implemented,no backend registered,implement an HTTP backend (or map to a native connector),MIT,vendor,0,,,(skill frontmatter/body URLs)
k-dense.database.download.pytorch.org,download.pytorch.org,database,K-Dense,general,http,RESOLVED,False,NO_BACKEND - http backend not implemented,no backend registered,implement an HTTP backend (or map to a native connector),MIT,vendor,0,,,(skill frontmatter/body URLs)
k-dense.database.efts.sec.gov,efts.sec.gov,database,K-Dense,general,http,RESOLVED,False,NO_BACKEND - http backend not implemented,no backend registered,implement an HTTP backend (or map to a native connector),MIT,vendor,0,,,(skill frontmatter/body URLs)
k-dense.database.etetoolkit.github.io,etetoolkit.github.io,database,K-Dense,general,http,RESOLVED,False,NO_BACKEND - http backend not implemented,no backend registered,implement an HTTP backend (or map to a native connector),MIT,vendor,0,,,(skill frontmatter/body URLs)
k-dense.database.etetoolkit.org,etetoolkit.org,database,K-Dense,general,http,RESOLVED,False,NO_BACKEND - http backend not implemented,no backend registered,implement an HTTP backend (or map to a native connector),MIT,vendor,0,,,(skill frontmatter/body URLs)
k-dense.database.exa.ai,exa.ai,database,K-Dense,general,http,RESOLVED,False,NO_BACKEND - http backend not implemented,no backend registered,implement an HTTP backend (or map to a native connector),MIT,vendor,0,,,(skill frontmatter/body URLs)
k-dense.database.figshare.com,figshare.com,database,K-Dense,general,http,RESOLVED,False,NO_BACKEND - http backend not implemented,no backend registered,implement an HTTP backend (or map to a native connector),MIT,vendor,0,,,(skill frontmatter/body URLs)
k-dense.database.forge.evolutionaryscale.ai,forge.evolutionaryscale.ai,database,K-Dense,general,http,RESOLVED,False,NO_BACKEND - http backend not implemented,no backend registered,implement an HTTP backend (or map to a native connector),MIT,vendor,0,,,(skill frontmatter/body URLs)
k-dense.database.forum.qiime2.org,forum.qiime2.org,database,K-Dense,general,http,RESOLVED,False,NO_BACKEND - http backend not implemented,no backend registered,implement an HTTP backend (or map to a native connector),MIT,vendor,0,,,(skill frontmatter/body URLs)
k-dense.database.foundry-api-public.adaptyvbio.com,foundry-api-public.adaptyvbio.com,database,K-Dense,general,http,RESOLVED,False,NO_BACKEND - http backend not implemented,no backend registered,implement an HTTP backend (or map to a native connector),MIT,vendor,0,,,(skill frontmatter/body URLs)
k-dense.database.foundry.adaptyvbio.com,foundry.adaptyvbio.com,database,K-Dense,general,http,RESOLVED,False,NO_BACKEND - http backend not implemented,no backend registered,implement an HTTP backend (or map to a native connector),MIT,vendor,0,,,(skill frontmatter/body URLs)
k-dense.database.fred.stlouisfed.org,fred.stlouisfed.org,database,K-Dense,general,http,RESOLVED,False,NO_BACKEND - http backend not implemented,no backend registered,implement an HTTP backend (or map to a native connector),MIT,vendor,0,,,(skill frontmatter/body URLs)
k-dense.database.github.blog,github.blog,database,K-Dense,general,http,RESOLVED,False,NO_BACKEND - http backend not implemented,no backend registered,implement an HTTP backend (or map to a native connector),MIT,vendor,0,,,(skill frontmatter/body URLs)
k-dense.database.glyconnect.expasy.org,glyconnect.expasy.org,database,K-Dense,general,http,RESOLVED,False,NO_BACKEND - http backend not implemented,no backend registered,implement an HTTP backend (or map to a native connector),MIT,vendor,0,,,(skill frontmatter/body URLs)
k-dense.database.glycoworkbench.software.informer.com,glycoworkbench.software.informer.com,database,K-Dense,general,http,RESOLVED,False,NO_BACKEND - http backend not implemented,no backend registered,implement an HTTP backend (or map to a native connector),MIT,vendor,0,,,(skill frontmatter/body URLs)
k-dense.database.glytoucan.org,glytoucan.org,database,K-Dense,general,http,RESOLVED,False,NO_BACKEND - http backend not implemented,no backend registered,implement an HTTP backend (or map to a native connector),MIT,vendor,0,,,(skill frontmatter/body URLs)
k-dense.database.huggingscience.co,huggingscience.co,database,K-Dense,general,http,RESOLVED,False,NO_BACKEND - http backend not implemented,no backend registered,implement an HTTP backend (or map to a native connector),MIT,vendor,0,,,(skill frontmatter/body URLs)
k-dense.database.icml.cc,icml.cc,database,K-Dense,general,http,RESOLVED,False,NO_BACKEND - http backend not implemented,no backend registered,implement an HTTP backend (or map to a native connector),MIT,vendor,0,,,(skill frontmatter/body URLs)
k-dense.database.itol.embl.de,itol.embl.de,database,K-Dense,general,http,RESOLVED,False,NO_BACKEND - http backend not implemented,no backend registered,implement an HTTP backend (or map to a native connector),MIT,vendor,0,,,(skill frontmatter/body URLs)
k-dense.database.learn.astropy.org,learn.astropy.org,database,K-Dense,general,http,RESOLVED,False,NO_BACKEND - http backend not implemented,no backend registered,implement an HTTP backend (or map to a native connector),MIT,vendor,0,,,(skill frontmatter/body URLs)
k-dense.database.lightning.ai,lightning.ai,database,K-Dense,general,http,RESOLVED,False,NO_BACKEND - http backend not implemented,no backend registered,implement an HTTP backend (or map to a native connector),MIT,vendor,0,,,(skill frontmatter/body URLs)
k-dense.database.lmstudio.ai,lmstudio.ai,database,K-Dense,general,http,RESOLVED,False,NO_BACKEND - http backend not implemented,no backend registered,implement an HTTP backend (or map to a native connector),MIT,vendor,0,,,(skill frontmatter/body URLs)
k-dense.database.mafft.cbrc.jp,mafft.cbrc.jp,database,K-Dense,general,http,RESOLVED,False,NO_BACKEND - http backend not implemented,no backend registered,implement an HTTP backend (or map to a native connector),MIT,vendor,0,,,(skill frontmatter/body URLs)
k-dense.database.manual.gromacs.org,manual.gromacs.org,database,K-Dense,general,http,RESOLVED,False,NO_BACKEND - http backend not implemented,no backend registered,implement an HTTP backend (or map to a native connector),MIT,vendor,0,,,(skill frontmatter/body URLs)
k-dense.database.materialsproject.org,materialsproject.org,database,K-Dense,general,http,RESOLVED,False,NO_BACKEND - http backend not implemented,no backend registered,implement an HTTP backend (or map to a native connector),MIT,vendor,0,,,(skill frontmatter/body URLs)
k-dense.database.mcp.genomicintelligence.ai,mcp.genomicintelligence.ai,database,K-Dense,general,http,RESOLVED,False,NO_BACKEND - http backend not implemented,no backend registered,implement an HTTP backend (or map to a native connector),MIT,vendor,0,,,(skill frontmatter/body URLs)
k-dense.database.mcp.tamarind.bio,mcp.tamarind.bio,database,K-Dense,general,http,RESOLVED,False,NO_BACKEND - http backend not implemented,no backend registered,implement an HTTP backend (or map to a native connector),MIT,vendor,0,,,(skill frontmatter/body URLs)
k-dense.database.mdanalysis.org,mdanalysis.org,database,K-Dense,general,http,RESOLVED,False,NO_BACKEND - http backend not implemented,no backend registered,implement an HTTP backend (or map to a native connector),MIT,vendor,0,,,(skill frontmatter/body URLs)
k-dense.database.medchem-docs.datamol.io,medchem-docs.datamol.io,database,K-Dense,general,http,RESOLVED,False,NO_BACKEND - http backend not implemented,no backend registered,implement an HTTP backend (or map to a native connector),MIT,vendor,0,,,(skill frontmatter/body URLs)
k-dense.database.meshb.nlm.nih.gov,meshb.nlm.nih.gov,database,K-Dense,general,http,RESOLVED,False,NO_BACKEND - http backend not implemented,no backend registered,implement an HTTP backend (or map to a native connector),MIT,vendor,0,,,(skill frontmatter/body URLs)
k-dense.database.modal.com,modal.com,database,K-Dense,general,http,RESOLVED,False,NO_BACKEND - http backend not implemented,no backend registered,implement an HTTP backend (or map to a native connector),MIT,vendor,0,,,(skill frontmatter/body URLs)
k-dense.database.mojaveazure.github.io,mojaveazure.github.io,database,K-Dense,general,http,RESOLVED,False,NO_BACKEND - http backend not implemented,no backend registered,implement an HTTP backend (or map to a native connector),MIT,vendor,0,,,(skill frontmatter/body URLs)
k-dense.database.molfeat-docs.datamol.io,molfeat-docs.datamol.io,database,K-Dense,general,http,RESOLVED,False,NO_BACKEND - http backend not implemented,no backend registered,implement an HTTP backend (or map to a native connector),MIT,vendor,0,,,(skill frontmatter/body URLs)
k-dense.database.multiqc.info,multiqc.info,database,K-Dense,general,http,RESOLVED,False,NO_BACKEND - http backend not implemented,no backend registered,implement an HTTP backend (or map to a native connector),MIT,vendor,0,,,(skill frontmatter/body URLs)
k-dense.database.my-server.com,my-server.com,database,K-Dense,general,http,RESOLVED,False,NO_BACKEND - http backend not implemented,no backend registered,implement an HTTP backend (or map to a native connector),MIT,vendor,0,,,(skill frontmatter/body URLs)
k-dense.database.ncatstranslator.github.io,ncatstranslator.github.io,database,K-Dense,general,http,RESOLVED,False,NO_BACKEND - http backend not implemented,no backend registered,implement an HTTP backend (or map to a native connector),MIT,vendor,0,,,(skill frontmatter/body URLs)
k-dense.database.networkx.org,networkx.org,database,K-Dense,general,http,RESOLVED,False,NO_BACKEND - http backend not implemented,no backend registered,implement an HTTP backend (or map to a native connector),MIT,vendor,0,,,(skill frontmatter/body URLs)
k-dense.database.neuropsychology.github.io,neuropsychology.github.io,database,K-Dense,general,http,RESOLVED,False,NO_BACKEND - http backend not implemented,no backend registered,implement an HTTP backend (or map to a native connector),MIT,vendor,0,,,(skill frontmatter/body URLs)
k-dense.database.numpy.org,numpy.org,database,K-Dense,general,http,RESOLVED,False,NO_BACKEND - http backend not implemented,no backend registered,implement an HTTP backend (or map to a native connector),MIT,vendor,0,,,(skill frontmatter/body URLs)
k-dense.database.nvlpubs.nist.gov,nvlpubs.nist.gov,database,K-Dense,general,http,RESOLVED,False,NO_BACKEND - http backend not implemented,no backend registered,implement an HTTP backend (or map to a native connector),MIT,vendor,0,,,(skill frontmatter/body URLs)
k-dense.database.octave.org,octave.org,database,K-Dense,general,http,RESOLVED,False,NO_BACKEND - http backend not implemented,no backend registered,implement an HTTP backend (or map to a native connector),MIT,vendor,0,,,(skill frontmatter/body URLs)
k-dense.database.omim.org,omim.org,database,K-Dense,general,http,RESOLVED,False,NO_BACKEND - http backend not implemented,no backend registered,implement an HTTP backend (or map to a native connector),MIT,vendor,0,,,(skill frontmatter/body URLs)
k-dense.database.openmm.org,openmm.org,database,K-Dense,general,http,RESOLVED,False,NO_BACKEND - http backend not implemented,no backend registered,implement an HTTP backend (or map to a native connector),MIT,vendor,0,,,(skill frontmatter/body URLs)
k-dense.database.openreview.net,openreview.net,database,K-Dense,general,http,RESOLVED,False,NO_BACKEND - http backend not implemented,no backend registered,implement an HTTP backend (or map to a native connector),MIT,vendor,0,,,(skill frontmatter/body URLs)
k-dense.database.openslide.org,openslide.org,database,K-Dense,general,http,RESOLVED,False,NO_BACKEND - http backend not implemented,no backend registered,implement an HTTP backend (or map to a native connector),MIT,vendor,0,,,(skill frontmatter/body URLs)
k-dense.database.openweathermap.org,openweathermap.org,database,K-Dense,general,http,RESOLVED,False,NO_BACKEND - http backend not implemented,no backend registered,implement an HTTP backend (or map to a native connector),MIT,vendor,0,,,(skill frontmatter/body URLs)
k-dense.database.ossci.zulipchat.com,ossci.zulipchat.com,database,K-Dense,general,http,RESOLVED,False,NO_BACKEND - http backend not implemented,no backend registered,implement an HTTP backend (or map to a native connector),MIT,vendor,0,,,(skill frontmatter/body URLs)
k-dense.database.pachterlab.github.io,pachterlab.github.io,database,K-Dense,general,http,RESOLVED,False,NO_BACKEND - http backend not implemented,no backend registered,implement an HTTP backend (or map to a native connector),MIT,vendor,0,,,(skill frontmatter/body URLs)
k-dense.database.pandas.pydata.org,pandas.pydata.org,database,K-Dense,general,http,RESOLVED,False,NO_BACKEND - http backend not implemented,no backend registered,implement an HTTP backend (or map to a native connector),MIT,vendor,0,,,(skill frontmatter/body URLs)
k-dense.database.paperclip.gxl.ai,paperclip.gxl.ai,database,K-Dense,general,http,RESOLVED,False,NO_BACKEND - http backend not implemented,no backend registered,implement an HTTP backend (or map to a native connector),MIT,vendor,0,,,(skill frontmatter/body URLs)
k-dense.database.paperzilla.ai,paperzilla.ai,database,K-Dense,general,http,RESOLVED,False,NO_BACKEND - http backend not implemented,no backend registered,implement an HTTP backend (or map to a native connector),MIT,vendor,0,,,(skill frontmatter/body URLs)
k-dense.database.parallel.ai,parallel.ai,database,K-Dense,general,http,RESOLVED,False,NO_BACKEND - http backend not implemented,no backend registered,implement an HTTP backend (or map to a native connector),MIT,vendor,0,,,(skill frontmatter/body URLs)
k-dense.database.patentsview.org,patentsview.org,database,K-Dense,general,http,RESOLVED,False,NO_BACKEND - http backend not implemented,no backend registered,implement an HTTP backend (or map to a native connector),MIT,vendor,0,,,(skill frontmatter/body URLs)
k-dense.database.pennylane.ai,pennylane.ai,database,K-Dense,general,http,RESOLVED,False,NO_BACKEND - http backend not implemented,no backend registered,implement an HTTP backend (or map to a native connector),MIT,vendor,0,,,(skill frontmatter/body URLs)
k-dense.database.physics.nist.gov,physics.nist.gov,database,K-Dense,general,http,RESOLVED,False,NO_BACKEND - http backend not implemented,no backend registered,implement an HTTP backend (or map to a native connector),MIT,vendor,0,,,(skill frontmatter/body URLs)
k-dense.database.pi.dev,pi.dev,database,K-Dense,general,http,RESOLVED,False,NO_BACKEND - http backend not implemented,no backend registered,implement an HTTP backend (or map to a native connector),MIT,vendor,0,,,(skill frontmatter/body URLs)
k-dense.database.platform.parallel.ai.,platform.parallel.ai.,database,K-Dense,general,http,RESOLVED,False,NO_BACKEND - http backend not implemented,no backend registered,implement an HTTP backend (or map to a native connector),MIT,vendor,0,,,(skill frontmatter/body URLs)
k-dense.database.portal.valencelabs.com,portal.valencelabs.com,database,K-Dense,general,http,RESOLVED,False,NO_BACKEND - http backend not implemented,no backend registered,implement an HTTP backend (or map to a native connector),MIT,vendor,0,,,(skill frontmatter/body URLs)
k-dense.database.puffer.ai,puffer.ai,database,K-Dense,general,http,RESOLVED,False,NO_BACKEND - http backend not implemented,no backend registered,implement an HTTP backend (or map to a native connector),MIT,vendor,0,,,(skill frontmatter/body URLs)
k-dense.database.pydicom.github.io,pydicom.github.io,database,K-Dense,general,http,RESOLVED,False,NO_BACKEND - http backend not implemented,no backend registered,implement an HTTP backend (or map to a native connector),MIT,vendor,0,,,(skill frontmatter/body URLs)
k-dense.database.pyhealth.dev,pyhealth.dev,database,K-Dense,general,http,RESOLVED,False,NO_BACKEND - http backend not implemented,no backend registered,implement an HTTP backend (or map to a native connector),MIT,vendor,0,,,(skill frontmatter/body URLs)
k-dense.database.pymatgen.org,pymatgen.org,database,K-Dense,general,http,RESOLVED,False,NO_BACKEND - http backend not implemented,no backend registered,implement an HTTP backend (or map to a native connector),MIT,vendor,0,,,(skill frontmatter/body URLs)
k-dense.database.pymoo.org,pymoo.org,database,K-Dense,general,http,RESOLVED,False,NO_BACKEND - http backend not implemented,no backend registered,implement an HTTP backend (or map to a native connector),MIT,vendor,0,,,(skill frontmatter/body URLs)
k-dense.database.pytorch.org,pytorch.org,database,K-Dense,general,http,RESOLVED,False,NO_BACKEND - http backend not implemented,no backend registered,implement an HTTP backend (or map to a native connector),MIT,vendor,0,,,(skill frontmatter/body URLs)
k-dense.database.pytximport.complextissue.com,pytximport.complextissue.com,database,K-Dense,general,http,RESOLVED,False,NO_BACKEND - http backend not implemented,no backend registered,implement an HTTP backend (or map to a native connector),MIT,vendor,0,,,(skill frontmatter/body URLs)
k-dense.database.quantumai.google,quantumai.google,database,K-Dense,general,http,RESOLVED,False,NO_BACKEND - http backend not implemented,no backend registered,implement an HTTP backend (or map to a native connector),MIT,vendor,0,,,(skill frontmatter/body URLs)
k-dense.database.research.google,research.google,database,K-Dense,general,http,RESOLVED,False,NO_BACKEND - http backend not implemented,no backend registered,implement an HTTP backend (or map to a native connector),MIT,vendor,0,,,(skill frontmatter/body URLs)
k-dense.database.responsiblebiodesign.ai,responsiblebiodesign.ai,database,K-Dense,general,http,RESOLVED,False,NO_BACKEND - http backend not implemented,no backend registered,implement an HTTP backend (or map to a native connector),MIT,vendor,0,,,(skill frontmatter/body URLs)
k-dense.database.scikit-learn.org,scikit-learn.org,database,K-Dense,general,http,RESOLVED,False,NO_BACKEND - http backend not implemented,no backend registered,implement an HTTP backend (or map to a native connector),MIT,vendor,0,,,(skill frontmatter/body URLs)
k-dense.database.scikit.bio,scikit.bio,database,K-Dense,general,http,RESOLVED,False,NO_BACKEND - http backend not implemented,no backend registered,implement an HTTP backend (or map to a native connector),MIT,vendor,0,,,(skill frontmatter/body URLs)
k-dense.database.screenpipe.local,screenpipe.local,database,K-Dense,general,http,RESOLVED,False,NO_BACKEND - http backend not implemented,no backend registered,implement an HTTP backend (or map to a native connector),MIT,vendor,0,,,(skill frontmatter/body URLs)
k-dense.database.scverse.org,scverse.org,database,K-Dense,general,http,RESOLVED,False,NO_BACKEND - http backend not implemented,no backend registered,implement an HTTP backend (or map to a native connector),MIT,vendor,0,,,(skill frontmatter/body URLs)
k-dense.database.sprweb.org,sprweb.org,database,K-Dense,general,http,RESOLVED,False,NO_BACKEND - http backend not implemented,no backend registered,implement an HTTP backend (or map to a native connector),MIT,vendor,0,,,(skill frontmatter/body URLs)
k-dense.database.storage.googleapis.com,storage.googleapis.com,database,K-Dense,general,http,RESOLVED,False,NO_BACKEND - http backend not implemented,no backend registered,implement an HTTP backend (or map to a native connector),MIT,vendor,0,,,(skill frontmatter/body URLs)
k-dense.database.subread.sourceforge.net,subread.sourceforge.net,database,K-Dense,general,http,RESOLVED,False,NO_BACKEND - http backend not implemented,no backend registered,implement an HTTP backend (or map to a native connector),MIT,vendor,0,,,(skill frontmatter/body URLs)
k-dense.database.themindbook.app,themindbook.app,database,K-Dense,general,http,RESOLVED,False,NO_BACKEND - http backend not implemented,no backend registered,implement an HTTP backend (or map to a native connector),MIT,vendor,0,,,(skill frontmatter/body URLs)
k-dense.database.torchdrug.ai,torchdrug.ai,database,K-Dense,general,http,RESOLVED,False,NO_BACKEND - http backend not implemented,no backend registered,implement an HTTP backend (or map to a native connector),MIT,vendor,0,,,(skill frontmatter/body URLs)
k-dense.database.training.cochrane.org,training.cochrane.org,database,K-Dense,general,http,RESOLVED,False,NO_BACKEND - http backend not implemented,no backend registered,implement an HTTP backend (or map to a native connector),MIT,vendor,0,,,(skill frontmatter/body URLs)
k-dense.database.tree.bio.ed.ac.uk,tree.bio.ed.ac.uk,database,K-Dense,general,http,RESOLVED,False,NO_BACKEND - http backend not implemented,no backend registered,implement an HTTP backend (or map to a native connector),MIT,vendor,0,,,(skill frontmatter/body URLs)
k-dense.database.unicarbkb.org,unicarbkb.org,database,K-Dense,general,http,RESOLVED,False,NO_BACKEND - http backend not implemented,no backend registered,implement an HTTP backend (or map to a native connector),MIT,vendor,0,,,(skill frontmatter/body URLs)
k-dense.database.velocyto.org,velocyto.org,database,K-Dense,general,http,RESOLVED,False,NO_BACKEND - http backend not implemented,no backend registered,implement an HTTP backend (or map to a native connector),MIT,vendor,0,,,(skill frontmatter/body URLs)
k-dense.database.vicfero.github.io,vicfero.github.io,database,K-Dense,general,http,RESOLVED,False,NO_BACKEND - http backend not implemented,no backend registered,implement an HTTP backend (or map to a native connector),MIT,vendor,0,,,(skill frontmatter/body URLs)
k-dense.database.webservice.thebiogrid.org,webservice.thebiogrid.org,database,K-Dense,general,http,RESOLVED,False,NO_BACKEND - http backend not implemented,no backend registered,implement an HTTP backend (or map to a native connector),MIT,vendor,0,,,(skill frontmatter/body URLs)
k-dense.database.wiki.latch.bio,wiki.latch.bio,database,K-Dense,general,http,RESOLVED,False,NO_BACKEND - http backend not implemented,no backend registered,implement an HTTP backend (or map to a native connector),MIT,vendor,0,,,(skill frontmatter/body URLs)
k-dense.database.www.aeon-toolkit.org,www.aeon-toolkit.org,database,K-Dense,general,http,RESOLVED,False,NO_BACKEND - http backend not implemented,no backend registered,implement an HTTP backend (or map to a native connector),MIT,vendor,0,,,(skill frontmatter/body URLs)
k-dense.database.www.alphavantage.co,www.alphavantage.co,database,K-Dense,general,http,RESOLVED,False,NO_BACKEND - http backend not implemented,no backend registered,implement an HTTP backend (or map to a native connector),MIT,vendor,0,,,(skill frontmatter/body URLs)
k-dense.database.www.bibtex.org,www.bibtex.org,database,K-Dense,general,http,RESOLVED,False,NO_BACKEND - http backend not implemented,no backend registered,implement an HTTP backend (or map to a native connector),MIT,vendor,0,,,(skill frontmatter/body URLs)
k-dense.database.www.bipm.org,www.bipm.org,database,K-Dense,general,http,RESOLVED,False,NO_BACKEND - http backend not implemented,no backend registered,implement an HTTP backend (or map to a native connector),MIT,vendor,0,,,(skill frontmatter/body URLs)
k-dense.database.www.consort-statement.org,www.consort-statement.org,database,K-Dense,general,http,RESOLVED,False,NO_BACKEND - http backend not implemented,no backend registered,implement an HTTP backend (or map to a native connector),MIT,vendor,0,,,(skill frontmatter/body URLs)
k-dense.database.www.dicomstandard.org,www.dicomstandard.org,database,K-Dense,general,http,RESOLVED,False,NO_BACKEND - http backend not implemented,no backend registered,implement an HTTP backend (or map to a native connector),MIT,vendor,0,,,(skill frontmatter/body URLs)
k-dense.database.www.disgenet.org,www.disgenet.org,database,K-Dense,general,http,RESOLVED,False,NO_BACKEND - http backend not implemented,no backend registered,implement an HTTP backend (or map to a native connector),MIT,vendor,0,,,(skill frontmatter/body URLs)
k-dense.database.www.drive5.com,www.drive5.com,database,K-Dense,general,http,RESOLVED,False,NO_BACKEND - http backend not implemented,no backend registered,implement an HTTP backend (or map to a native connector),MIT,vendor,0,,,(skill frontmatter/body URLs)
k-dense.database.www.epa.gov,www.epa.gov,database,K-Dense,general,http,RESOLVED,False,NO_BACKEND - http backend not implemented,no backend registered,implement an HTTP backend (or map to a native connector),MIT,vendor,0,,,(skill frontmatter/body URLs)
k-dense.database.www.eurocarbdb.org,www.eurocarbdb.org,database,K-Dense,general,http,RESOLVED,False,NO_BACKEND - http backend not implemented,no backend registered,implement an HTTP backend (or map to a native connector),MIT,vendor,0,,,(skill frontmatter/body URLs)
k-dense.database.www.evolutionaryscale.ai,www.evolutionaryscale.ai,database,K-Dense,general,http,RESOLVED,False,NO_BACKEND - http backend not implemented,no backend registered,implement an HTTP backend (or map to a native connector),MIT,vendor,0,,,(skill frontmatter/body URLs)
k-dense.database.www.functionalglycomics.org,www.functionalglycomics.org,database,K-Dense,general,http,RESOLVED,False,NO_BACKEND - http backend not implemented,no backend registered,implement an HTTP backend (or map to a native connector),MIT,vendor,0,,,(skill frontmatter/body URLs)
k-dense.database.www.gsea-msigdb.org,www.gsea-msigdb.org,database,K-Dense,general,http,RESOLVED,False,NO_BACKEND - http backend not implemented,no backend registered,implement an HTTP backend (or map to a native connector),MIT,vendor,0,,,(skill frontmatter/body URLs)
k-dense.database.www.internationalgenome.org,www.internationalgenome.org,database,K-Dense,general,http,RESOLVED,False,NO_BACKEND - http backend not implemented,no backend registered,implement an HTTP backend (or map to a native connector),MIT,vendor,0,,,(skill frontmatter/body URLs)
k-dense.database.www.iqtree.org,www.iqtree.org,database,K-Dense,general,http,RESOLVED,False,NO_BACKEND - http backend not implemented,no backend registered,implement an HTTP backend (or map to a native connector),MIT,vendor,0,,,(skill frontmatter/body URLs)
k-dense.database.www.iso.org,www.iso.org,database,K-Dense,general,http,RESOLVED,False,NO_BACKEND - http backend not implemented,no backend registered,implement an HTTP backend (or map to a native connector),MIT,vendor,0,,,(skill frontmatter/body URLs)
k-dense.database.www.itl.nist.gov,www.itl.nist.gov,database,K-Dense,general,http,RESOLVED,False,NO_BACKEND - http backend not implemented,no backend registered,implement an HTTP backend (or map to a native connector),MIT,vendor,0,,,(skill frontmatter/body URLs)
k-dense.database.www.ks.uiuc.edu,www.ks.uiuc.edu,database,K-Dense,general,http,RESOLVED,False,NO_BACKEND - http backend not implemented,no backend registered,implement an HTTP backend (or map to a native connector),MIT,vendor,0,,,(skill frontmatter/body URLs)
k-dense.database.www.mathworks.com,www.mathworks.com,database,K-Dense,general,http,RESOLVED,False,NO_BACKEND - http backend not implemented,no backend registered,implement an HTTP backend (or map to a native connector),MIT,vendor,0,,,(skill frontmatter/body URLs)
k-dense.database.www.microbesonline.org,www.microbesonline.org,database,K-Dense,general,http,RESOLVED,False,NO_BACKEND - http backend not implemented,no backend registered,implement an HTTP backend (or map to a native connector),MIT,vendor,0,,,(skill frontmatter/body URLs)
k-dense.database.www.ncdc.noaa.gov,www.ncdc.noaa.gov,database,K-Dense,general,http,RESOLVED,False,NO_BACKEND - http backend not implemented,no backend registered,implement an HTTP backend (or map to a native connector),MIT,vendor,0,,,(skill frontmatter/body URLs)
k-dense.database.www.nsf.gov,www.nsf.gov,database,K-Dense,general,http,RESOLVED,False,NO_BACKEND - http backend not implemented,no backend registered,implement an HTTP backend (or map to a native connector),MIT,vendor,0,,,(skill frontmatter/body URLs)
k-dense.database.www.openms.org,www.openms.org,database,K-Dense,general,http,RESOLVED,False,NO_BACKEND - http backend not implemented,no backend registered,implement an HTTP backend (or map to a native connector),MIT,vendor,0,,,(skill frontmatter/body URLs)
k-dense.database.www.overleaf.com,www.overleaf.com,database,K-Dense,general,http,RESOLVED,False,NO_BACKEND - http backend not implemented,no backend registered,implement an HTTP backend (or map to a native connector),MIT,vendor,0,,,(skill frontmatter/body URLs)
k-dense.database.www.prisma-statement.org,www.prisma-statement.org,database,K-Dense,general,http,RESOLVED,False,NO_BACKEND - http backend not implemented,no backend registered,implement an HTTP backend (or map to a native connector),MIT,vendor,0,,,(skill frontmatter/body URLs)
k-dense.database.www.rdkit.org,www.rdkit.org,database,K-Dense,general,http,RESOLVED,False,NO_BACKEND - http backend not implemented,no backend registered,implement an HTTP backend (or map to a native connector),MIT,vendor,0,,,(skill frontmatter/body URLs)
k-dense.database.www.semanticscholar.org,www.semanticscholar.org,database,K-Dense,general,http,RESOLVED,False,NO_BACKEND - http backend not implemented,no backend registered,implement an HTTP backend (or map to a native connector),MIT,vendor,0,,,(skill frontmatter/body URLs)
k-dense.database.www.statsmodels.org,www.statsmodels.org,database,K-Dense,general,http,RESOLVED,False,NO_BACKEND - http backend not implemented,no backend registered,implement an HTTP backend (or map to a native connector),MIT,vendor,0,,,(skill frontmatter/body URLs)
k-dense.database.www.zotero.org,www.zotero.org,database,K-Dense,general,http,RESOLVED,False,NO_BACKEND - http backend not implemented,no backend registered,implement an HTTP backend (or map to a native connector),MIT,vendor,0,,,(skill frontmatter/body URLs)
