component_id,name,kind,project,backend,mapped_public_sources,covered,n_sources,category,mapped_to_source,note
biomedagent.agent_role.batchtaskexecutor,BatchTaskExecutor,agent_role,BioMedAgent,none,,False,0,"DECLARATIVE - specification only, no entrypoint",False,
cellagent.agent_role.evaluator,Evaluator,agent_role,CellAgent,none,,False,0,"DECLARATIVE - specification only, no entrypoint",False,
cellagent.agent_role.executor,Executor,agent_role,CellAgent,none,,False,0,"DECLARATIVE - specification only, no entrypoint",False,
crispr-gpt.agent_role.executorstate,ExecutorState,agent_role,CRISPR-GPT,none,,False,0,"DECLARATIVE - specification only, no entrypoint",False,
genomas.agent_role.geoagent,GEOAgent,agent_role,GenoMAS,none,,False,0,"DECLARATIVE - specification only, no entrypoint",False,
pantheonos.agent_role.package-developer,Package Developer,agent_role,PantheonOS,none,,False,0,"DECLARATIVE - specification only, no entrypoint",False,
cellagent.agent_role.planner,Planner,agent_role,CellAgent,none,,False,0,"DECLARATIVE - specification only, no entrypoint",False,
pantheonos.agent_role.readme,README,agent_role,PantheonOS,none,,False,0,"DECLARATIVE - specification only, no entrypoint",False,
biomedagent.agent_role.testmemorycodingagent,TestMemoryCodingAgent,agent_role,BioMedAgent,none,,False,0,"DECLARATIVE - specification only, no entrypoint",False,
biomedagent.agent_role.testmemorytoolagent,TestMemoryToolAgent,agent_role,BioMedAgent,none,,False,0,"DECLARATIVE - specification only, no entrypoint",False,
biomedagent.agent_role.testmemoryworkflowagent,TestMemoryWorkflowAgent,agent_role,BioMedAgent,none,,False,0,"DECLARATIVE - specification only, no entrypoint",False,
origene.agent_role.toolexecutor,ToolExecutor,agent_role,OriGene,none,,False,0,"DECLARATIVE - specification only, no entrypoint",False,
biomedagent.agent_role.toolmanager,ToolManager,agent_role,BioMedAgent,none,,False,0,"DECLARATIVE - specification only, no entrypoint",False,
origene.agent_role.toolparseagent,ToolParseAgent,agent_role,OriGene,none,,False,0,"DECLARATIVE - specification only, no entrypoint",False,
pantheonos.agent_role.omicverse-expert,OmicVerse Expert,agent_role,PantheonOS,none,,False,0,"DECLARATIVE - specification only, no entrypoint",False,
pantheonos.agent_role.analysis_expert,analysis_expert,agent_role,PantheonOS,none,,False,0,"DECLARATIVE - specification only, no entrypoint",False,
pantheonos.agent_role.rare-disease-mdt-copilot,Rare Disease MDT Copilot,agent_role,PantheonOS,none,,False,0,"DECLARATIVE - specification only, no entrypoint",False,
biomedarena.benchmark.hf_moleculeace_chembl1871_ki,hf_moleculeace_chembl1871_ki,benchmark,BioMedArena,none,chembl,True,1,ROUTABLE - equivalent live public source available,True,
biomedarena.benchmark.hf_moleculeace_chembl204_ki,hf_moleculeace_chembl204_ki,benchmark,BioMedArena,none,chembl,True,1,ROUTABLE - equivalent live public source available,True,
biomedarena.benchmark.hf_moleculeace_chembl214_ki,hf_moleculeace_chembl214_ki,benchmark,BioMedArena,none,chembl,True,1,ROUTABLE - equivalent live public source available,True,
biomedarena.benchmark.hf_moleculeace_chembl228_ki,hf_moleculeace_chembl228_ki,benchmark,BioMedArena,none,chembl,True,1,ROUTABLE - equivalent live public source available,True,
biomedarena.benchmark.hf_moleculeace_chembl237_ec50,hf_moleculeace_chembl237_ec50,benchmark,BioMedArena,none,chembl,True,1,ROUTABLE - equivalent live public source available,True,
biomedarena.benchmark.hf_hallmarks_of_cancer,hf_hallmarks_of_cancer,benchmark,BioMedArena,none,,False,0,"DECLARATIVE - specification only, no entrypoint",False,
biomedarena.benchmark.hf_medpub_qa,hf_medpub_qa,benchmark,BioMedArena,none,ncbi_eutils,True,1,ROUTABLE - equivalent live public source available,True,
biomedarena.benchmark.hf_mol_instructions_pubchemqa,hf_mol_instructions_pubchemqa,benchmark,BioMedArena,none,pubchem,True,1,ROUTABLE - equivalent live public source available,True,
biomedarena.benchmark.hf_ncbi_disease,hf_ncbi_disease,benchmark,BioMedArena,none,ncbi_eutils,True,1,ROUTABLE - equivalent live public source available,True,
biomedarena.benchmark.hf_protein_secondary_structure,hf_protein_secondary_structure,benchmark,BioMedArena,none,rcsb,True,1,ROUTABLE - equivalent live public source available,True,
biomedarena.benchmark.hf_proteinlmbench_uniprot_disease,hf_proteinlmbench_uniprot_disease,benchmark,BioMedArena,none,uniprot,True,1,ROUTABLE - equivalent live public source available,True,
biomedarena.benchmark.hf_proteinlmbench_uniprot_function,hf_proteinlmbench_uniprot_function,benchmark,BioMedArena,none,uniprot;clinicaltrials,True,2,ROUTABLE - equivalent live public source available,True,
biomedarena.benchmark.hf_proteinlmbench_uniprot_induction,hf_proteinlmbench_uniprot_induction,benchmark,BioMedArena,none,uniprot,True,1,ROUTABLE - equivalent live public source available,True,
biomedarena.benchmark.hf_proteinlmbench_uniprot_ptm,hf_proteinlmbench_uniprot_ptm,benchmark,BioMedArena,none,uniprot,True,1,ROUTABLE - equivalent live public source available,True,
biomedarena.benchmark.hf_proteinlmbench_uniprot_subunit,hf_proteinlmbench_uniprot_subunit,benchmark,BioMedArena,none,uniprot,True,1,ROUTABLE - equivalent live public source available,True,
biomedarena.benchmark.hf_proteinlmbench_uniprot_tissue,hf_proteinlmbench_uniprot_tissue,benchmark,BioMedArena,none,uniprot,True,1,ROUTABLE - equivalent live public source available,True,
biomedarena.benchmark.hf_rna_splice_site_acceptor,hf_rna_splice_site_acceptor,benchmark,BioMedArena,none,,False,0,"DECLARATIVE - specification only, no entrypoint",False,
biomedarena.benchmark.hf_rna_splice_site_donor,hf_rna_splice_site_donor,benchmark,BioMedArena,none,,False,0,"DECLARATIVE - specification only, no entrypoint",False,
biomedarena.benchmark.medcalc,medcalc,benchmark,BioMedArena,none,ncbi_eutils,True,1,ROUTABLE - equivalent live public source available,True,
biomedarena.benchmark.hf_bigbio_pubmed_qa,hf_bigbio_pubmed_qa,benchmark,BioMedArena,none,ncbi_eutils,True,1,ROUTABLE - equivalent live public source available,True,
biomedarena.benchmark.hf_ccdv_pubmed_summarization,hf_ccdv_pubmed_summarization,benchmark,BioMedArena,none,ncbi_eutils,True,1,ROUTABLE - equivalent live public source available,True,
biomedarena.benchmark.hf_pubmed_200k_rct,hf_pubmed_200k_rct,benchmark,BioMedArena,none,ncbi_eutils,True,1,ROUTABLE - equivalent live public source available,True,
biomedarena.benchmark.hf_pubmed_abstract_classification,hf_pubmed_abstract_classification,benchmark,BioMedArena,none,ncbi_eutils,True,1,ROUTABLE - equivalent live public source available,True,
biomedarena.benchmark.pubmedqa,pubmedqa,benchmark,BioMedArena,none,ncbi_eutils,True,1,ROUTABLE - equivalent live public source available,True,
clawbio.database....,...,database,ClawBio,http,,False,0,"HTTP - declared endpoint, no typed operations yet",False,
origenemcp.database.chembl,ChEMBL,database,OrigeneMCP,mcp,chembl,True,1,ROUTABLE - equivalent live public source available,True,
origenemcp.database.depmap,DepMap,database,OrigeneMCP,mcp,,False,0,NEEDS_DISPATCHER - MCP client not bound,False,
origenemcp.database.ensembl,Ensembl,database,OrigeneMCP,mcp,ensembl,True,1,ROUTABLE - equivalent live public source available,True,
origenemcp.database.kegg,KEGG,database,OrigeneMCP,mcp,kegg,True,1,ROUTABLE - equivalent live public source available,True,
origenemcp.database.monarch-initiative,Monarch Initiative,database,OrigeneMCP,mcp,,False,0,NEEDS_DISPATCHER - MCP client not bound,False,
origenemcp.database.ncbi,NCBI,database,OrigeneMCP,mcp,ncbi_eutils,True,1,ROUTABLE - equivalent live public source available,True,
origenemcp.database.opentargets,OpenTargets,database,OrigeneMCP,mcp,opentargets,True,1,ROUTABLE - equivalent live public source available,True,
origenemcp.database.pubchem,PubChem,database,OrigeneMCP,mcp,pubchem,True,1,ROUTABLE - equivalent live public source available,True,
origenemcp.database.rcsb-pdb,RCSB PDB,database,OrigeneMCP,mcp,rcsb,True,1,ROUTABLE - equivalent live public source available,True,
origenemcp.database.string,STRING,database,OrigeneMCP,mcp,,False,0,NEEDS_DISPATCHER - MCP client not bound,False,
origenemcp.database.tcga,TCGA,database,OrigeneMCP,mcp,,False,0,NEEDS_DISPATCHER - MCP client not bound,False,
origenemcp.database.tooluniverse-openfda-opentargets-monarch,ToolUniverse (openFDA/OpenTargets/Monarch),database,OrigeneMCP,mcp,openfda;opentargets,True,2,ROUTABLE - equivalent live public source available,True,
origenemcp.database.tooluniverse-core,ToolUniverse core,database,OrigeneMCP,mcp,,False,0,NEEDS_DISPATCHER - MCP client not bound,False,
origenemcp.database.ucsc-genome-browser,UCSC Genome Browser,database,OrigeneMCP,mcp,,False,0,NEEDS_DISPATCHER - MCP client not bound,False,
origenemcp.database.uniprot,UniProt,database,OrigeneMCP,mcp,uniprot,True,1,ROUTABLE - equivalent live public source available,True,
k-dense.database.academic.oup.com,academic.oup.com,database,K-Dense,http,,False,0,"HTTP - declared endpoint, no typed operations yet",False,
k-dense.database.ahkstrategies.net,ahkstrategies.net,database,K-Dense,http,,False,0,"HTTP - declared endpoint, no typed operations yet",False,
biomni.database.alphafold.ebi.ac.uk,alphafold.ebi.ac.uk,database,Biomni,mcp,,False,0,NEEDS_DISPATCHER - MCP client not bound,False,
k-dense.database.ambermd.org,ambermd.org,database,K-Dense,http,,False,0,"HTTP - declared endpoint, no typed operations yet",False,
k-dense.database.amstar.ca,amstar.ca,database,K-Dense,http,,False,0,"HTTP - declared endpoint, no typed operations yet",False,
k-dense.database.apastyle.apa.org,apastyle.apa.org,database,K-Dense,http,,False,0,"HTTP - declared endpoint, no typed operations yet",False,
k-dense.database.api.bedbase.org,api.bedbase.org,database,K-Dense,http,,False,0,"HTTP - declared endpoint, no typed operations yet",False,
k-dense.database.api.census.gov,api.census.gov,database,K-Dense,http,,False,0,"HTTP - declared endpoint, no typed operations yet",False,
clawbio.database.api.clinpgx.org,api.clinpgx.org,database,ClawBio,http,,False,0,"HTTP - declared endpoint, no typed operations yet",False,
k-dense.database.api.crossref.org,api.crossref.org,database,K-Dense,http,,False,0,"HTTP - declared endpoint, no typed operations yet",False,
k-dense.database.api.datacite.org,api.datacite.org,database,K-Dense,http,,False,0,"HTTP - declared endpoint, no typed operations yet",False,
biomni.database.api.fda.gov,api.fda.gov,database,Biomni,mcp,openfda,True,1,ROUTABLE - equivalent live public source available,True,
k-dense.database.api.fiscaldata.treasury.gov,api.fiscaldata.treasury.gov,database,K-Dense,http,,False,0,"HTTP - declared endpoint, no typed operations yet",False,
k-dense.database.api.gdc.cancer.gov,api.gdc.cancer.gov,database,K-Dense,mcp,,False,0,NEEDS_DISPATCHER - MCP client not bound,False,
biomni.database.api.genome.ucsc.edu,api.genome.ucsc.edu,database,Biomni,mcp,,False,0,NEEDS_DISPATCHER - MCP client not bound,False,
k-dense.database.api.imaging.datacommons.cancer.gov,api.imaging.datacommons.cancer.gov,database,K-Dense,mcp,,False,0,NEEDS_DISPATCHER - MCP client not bound,False,
biomni.database.api.monarchinitiative.org,api.monarchinitiative.org,database,Biomni,http,,False,0,"HTTP - declared endpoint, no typed operations yet",False,
k-dense.database.api.nasa.gov,api.nasa.gov,database,K-Dense,http,,False,0,"HTTP - declared endpoint, no typed operations yet",False,
biomni.database.api.platform.opentargets.org,api.platform.opentargets.org,database,Biomni,mcp,opentargets,True,1,ROUTABLE - equivalent live public source available,True,
k-dense.database.api.semanticscholar.org,api.semanticscholar.org,database,K-Dense,http,,False,0,"HTTP - declared endpoint, no typed operations yet",False,
clawbio.database.apidocs.protocols.io,apidocs.protocols.io,database,ClawBio,mcp,,False,0,NEEDS_DISPATCHER - MCP client not bound,False,
biomni.database.apiv3.iucnredlist.org,apiv3.iucnredlist.org,database,Biomni,http,,False,0,"HTTP - declared endpoint, no typed operations yet",False,
clawbio.database.app.flow.bio,app.flow.bio,database,ClawBio,http,,False,0,"HTTP - declared endpoint, no typed operations yet",False,
k-dense.database.app.tamarind.bio,app.tamarind.bio,database,K-Dense,http,,False,0,"HTTP - declared endpoint, no typed operations yet",False,
k-dense.database.apps.bea.gov,apps.bea.gov,database,K-Dense,http,,False,0,"HTTP - declared endpoint, no typed operations yet",False,
k-dense.database.arax.transltr.io,arax.transltr.io,database,K-Dense,http,,False,0,"HTTP - declared endpoint, no typed operations yet",False,
k-dense.database.benchling.com,benchling.com,database,K-Dense,http,,False,0,"HTTP - declared endpoint, no typed operations yet",False,
clawbio.database.bgpt.pro,bgpt.pro,database,ClawBio,http,,False,0,"HTTP - declared endpoint, no typed operations yet",False,
k-dense.database.bids-standard.github.io,bids-standard.github.io,database,K-Dense,http,,False,0,"HTTP - declared endpoint, no typed operations yet",False,
k-dense.database.bids.neuroimaging.io,bids.neuroimaging.io,database,K-Dense,http,,False,0,"HTTP - declared endpoint, no typed operations yet",False,
k-dense.database.biit.cs.ut.ee,biit.cs.ut.ee,database,K-Dense,http,,False,0,"HTTP - declared endpoint, no typed operations yet",False,
k-dense.database.biohub.ai,biohub.ai,database,K-Dense,http,,False,0,"HTTP - declared endpoint, no typed operations yet",False,
k-dense.database.biohub.org,biohub.org,database,K-Dense,http,,False,0,"HTTP - declared endpoint, no typed operations yet",False,
k-dense.database.biolink.github.io,biolink.github.io,database,K-Dense,http,,False,0,"HTTP - declared endpoint, no typed operations yet",False,
clawbio.database.biotree.top,biotree.top,database,ClawBio,http,,False,0,"HTTP - declared endpoint, no typed operations yet",False,
k-dense.database.bit.ly,bit.ly,database,K-Dense,http,,False,0,"HTTP - declared endpoint, no typed operations yet",False,
clawbio.database.bowtie-bio.sourceforge.net,bowtie-bio.sourceforge.net,database,ClawBio,http,,False,0,"HTTP - declared endpoint, no typed operations yet",False,
clawbio.database.busco.ezlab.org,busco.ezlab.org,database,ClawBio,http,,False,0,"HTTP - declared endpoint, no typed operations yet",False,
k-dense.database.charmm-gui.org,charmm-gui.org,database,K-Dense,http,,False,0,"HTTP - declared endpoint, no typed operations yet",False,
clawbio.database.clinicalgenome.org,clinicalgenome.org,database,ClawBio,http,,False,0,"HTTP - declared endpoint, no typed operations yet",False,
biomni.database.clinicaltrials.gov,clinicaltrials.gov,database,Biomni,mcp,clinicaltrials,True,1,ROUTABLE - equivalent live public source available,True,
k-dense.database.cloud.ginkgo.bio,cloud.ginkgo.bio,database,K-Dense,http,,False,0,"HTTP - declared endpoint, no typed operations yet",False,
k-dense.database.cloud.tiledb.com,cloud.tiledb.com,database,K-Dense,http,,False,0,"HTTP - declared endpoint, no typed operations yet",False,
k-dense.database.clue.io,clue.io,database,K-Dense,http,,False,0,"HTTP - declared endpoint, no typed operations yet",False,
k-dense.database.console.latch.bio,console.latch.bio,database,K-Dense,http,,False,0,"HTTP - declared endpoint, no typed operations yet",False,
k-dense.database.core.ac.uk,core.ac.uk,database,K-Dense,http,,False,0,"HTTP - declared endpoint, no typed operations yet",False,
clawbio.database.cpicpgx.org,cpicpgx.org,database,ClawBio,http,,False,0,"HTTP - declared endpoint, no typed operations yet",False,
k-dense.database.crates.io,crates.io,database,K-Dense,http,,False,0,"HTTP - declared endpoint, no typed operations yet",False,
clawbio.database.cup.columbia.edu,cup.columbia.edu,database,ClawBio,http,,False,0,"HTTP - declared endpoint, no typed operations yet",False,
clawbio.database.daehwankimlab.github.io,daehwankimlab.github.io,database,ClawBio,http,,False,0,"HTTP - declared endpoint, no typed operations yet",False,
biomni.database.dailymed.nlm.nih.gov,dailymed.nlm.nih.gov,database,Biomni,mcp,openfda,True,1,ROUTABLE - equivalent live public source available,True,
k-dense.database.dashboard.exa.ai,dashboard.exa.ai,database,K-Dense,http,,False,0,"HTTP - declared endpoint, no typed operations yet",False,
k-dense.database.data.bls.gov,data.bls.gov,database,K-Dense,http,,False,0,"HTTP - declared endpoint, no typed operations yet",False,
k-dense.database.data.pyg.org,data.pyg.org,database,K-Dense,http,,False,0,"HTTP - declared endpoint, no typed operations yet",False,
biomni.database.data.rcsb.org,data.rcsb.org,database,Biomni,mcp,rcsb,True,1,ROUTABLE - equivalent live public source available,True,
clawbio.database.datadryad.org,datadryad.org,database,ClawBio,http,,False,0,"HTTP - declared endpoint, no typed operations yet",False,
k-dense.database.dataverse.harvard.edu,dataverse.harvard.edu,database,K-Dense,http,,False,0,"HTTP - declared endpoint, no typed operations yet",False,
clawbio.database.depmap.org,depmap.org,database,ClawBio,http,,False,0,"HTTP - declared endpoint, no typed operations yet",False,
k-dense.database.developers.llamaindex.ai,developers.llamaindex.ai,database,K-Dense,http,,False,0,"HTTP - declared endpoint, no typed operations yet",False,
clawbio.database.developers.zenodo.org,developers.zenodo.org,database,ClawBio,http,,False,0,"HTTP - declared endpoint, no typed operations yet",False,
k-dense.database.dicom.nema.org,dicom.nema.org,database,K-Dense,http,,False,0,"HTTP - declared endpoint, no typed operations yet",False,
k-dense.database.discourse.canceridc.dev,discourse.canceridc.dev,database,K-Dense,mcp,,False,0,NEEDS_DISPATCHER - MCP client not bound,False,
k-dense.database.discuss.pennylane.ai,discuss.pennylane.ai,database,K-Dense,http,,False,0,"HTTP - declared endpoint, no typed operations yet",False,
k-dense.database.distributed.dask.org,distributed.dask.org,database,K-Dense,http,,False,0,"HTTP - declared endpoint, no typed operations yet",False,
k-dense.database.dnaerys.org,dnaerys.org,database,K-Dense,http,,False,0,"HTTP - declared endpoint, no typed operations yet",False,
clawbio.database.dosage.clinicalgenome.org,dosage.clinicalgenome.org,database,ClawBio,http,,False,0,"HTTP - declared endpoint, no typed operations yet",False,
k-dense.database.download.pytorch.org,download.pytorch.org,database,K-Dense,http,,False,0,"HTTP - declared endpoint, no typed operations yet",False,
k-dense.database.efts.sec.gov,efts.sec.gov,database,K-Dense,http,,False,0,"HTTP - declared endpoint, no typed operations yet",False,
k-dense.database.etetoolkit.github.io,etetoolkit.github.io,database,K-Dense,http,,False,0,"HTTP - declared endpoint, no typed operations yet",False,
k-dense.database.etetoolkit.org,etetoolkit.org,database,K-Dense,http,,False,0,"HTTP - declared endpoint, no typed operations yet",False,
biomni.database.eutils.ncbi.nlm.nih.gov,eutils.ncbi.nlm.nih.gov,database,Biomni,mcp,ncbi_eutils,True,1,ROUTABLE - equivalent live public source available,True,
k-dense.database.exa.ai,exa.ai,database,K-Dense,http,,False,0,"HTTP - declared endpoint, no typed operations yet",False,
k-dense.database.export.arxiv.org,export.arxiv.org,database,K-Dense,mcp,,False,0,NEEDS_DISPATCHER - MCP client not bound,False,
k-dense.database.figshare.com,figshare.com,database,K-Dense,http,,False,0,"HTTP - declared endpoint, no typed operations yet",False,
biomni.database.files.rcsb.org,files.rcsb.org,database,Biomni,mcp,rcsb,True,1,ROUTABLE - equivalent live public source available,True,
clawbio.database.flow.bio,flow.bio,database,ClawBio,http,,False,0,"HTTP - declared endpoint, no typed operations yet",False,
k-dense.database.forge.evolutionaryscale.ai,forge.evolutionaryscale.ai,database,K-Dense,http,,False,0,"HTTP - declared endpoint, no typed operations yet",False,
k-dense.database.forum.qiime2.org,forum.qiime2.org,database,K-Dense,http,,False,0,"HTTP - declared endpoint, no typed operations yet",False,
k-dense.database.foundry-api-public.adaptyvbio.com,foundry-api-public.adaptyvbio.com,database,K-Dense,http,,False,0,"HTTP - declared endpoint, no typed operations yet",False,
k-dense.database.foundry.adaptyvbio.com,foundry.adaptyvbio.com,database,K-Dense,http,,False,0,"HTTP - declared endpoint, no typed operations yet",False,
k-dense.database.fred.stlouisfed.org,fred.stlouisfed.org,database,K-Dense,http,,False,0,"HTTP - declared endpoint, no typed operations yet",False,
clawbio.database.ftp.1000genomes.ebi.ac.uk,ftp.1000genomes.ebi.ac.uk,database,ClawBio,http,,False,0,"HTTP - declared endpoint, no typed operations yet",False,
clawbio.database.ftp.ebi.ac.uk,ftp.ebi.ac.uk,database,ClawBio,http,,False,0,"HTTP - declared endpoint, no typed operations yet",False,
clawbio.database.ftp.ncbi.nlm.nih.gov,ftp.ncbi.nlm.nih.gov,database,ClawBio,mcp,ncbi_eutils,True,1,ROUTABLE - equivalent live public source available,True,
clawbio.database.galaxyproject.org,galaxyproject.org,database,ClawBio,http,,False,0,"HTTP - declared endpoint, no typed operations yet",False,
clawbio.database.gatk.broadinstitute.org,gatk.broadinstitute.org,database,ClawBio,http,,False,0,"HTTP - declared endpoint, no typed operations yet",False,
clawbio.database.genomebiology.biomedcentral.com,genomebiology.biomedcentral.com,database,ClawBio,http,,False,0,"HTTP - declared endpoint, no typed operations yet",False,
clawbio.database.genomicintelligence.ai,genomicintelligence.ai,database,ClawBio,http,,False,0,"HTTP - declared endpoint, no typed operations yet",False,
k-dense.database.geopandas.org,geopandas.org,database,K-Dense,mcp,,False,0,NEEDS_DISPATCHER - MCP client not bound,False,
k-dense.database.github.blog,github.blog,database,K-Dense,http,,False,0,"HTTP - declared endpoint, no typed operations yet",False,
clawbio.database.gitlab.com,gitlab.com,database,ClawBio,http,,False,0,"HTTP - declared endpoint, no typed operations yet",False,
biomni.database.gitlab.mpcdf.mpg.de,gitlab.mpcdf.mpg.de,database,Biomni,http,,False,0,"HTTP - declared endpoint, no typed operations yet",False,
k-dense.database.glyconnect.expasy.org,glyconnect.expasy.org,database,K-Dense,http,,False,0,"HTTP - declared endpoint, no typed operations yet",False,
k-dense.database.glycoworkbench.software.informer.com,glycoworkbench.software.informer.com,database,K-Dense,http,,False,0,"HTTP - declared endpoint, no typed operations yet",False,
k-dense.database.glytoucan.org,glytoucan.org,database,K-Dense,http,,False,0,"HTTP - declared endpoint, no typed operations yet",False,
biomni.database.gnomad.broadinstitute.org,gnomad.broadinstitute.org,database,Biomni,mcp,gnomad,True,1,ROUTABLE - equivalent live public source available,True,
clawbio.database.gtexportal.org,gtexportal.org,database,ClawBio,mcp,,False,0,NEEDS_DISPATCHER - MCP client not bound,False,
clawbio.database.hl7.org,hl7.org,database,ClawBio,http,,False,0,"HTTP - declared endpoint, no typed operations yet",False,
biomni.database.huggingface.co,huggingface.co,database,Biomni,http,,False,0,"HTTP - declared endpoint, no typed operations yet",False,
k-dense.database.huggingscience.co,huggingscience.co,database,K-Dense,http,,False,0,"HTTP - declared endpoint, no typed operations yet",False,
k-dense.database.icml.cc,icml.cc,database,K-Dense,http,,False,0,"HTTP - declared endpoint, no typed operations yet",False,
k-dense.database.itol.embl.de,itol.embl.de,database,K-Dense,http,,False,0,"HTTP - declared endpoint, no typed operations yet",False,
biomni.database.iupred2a.elte.hu,iupred2a.elte.hu,database,Biomni,http,,False,0,"HTTP - declared endpoint, no typed operations yet",False,
biomni.database.jaspar.elixir.no,jaspar.elixir.no,database,Biomni,mcp,,False,0,NEEDS_DISPATCHER - MCP client not bound,False,
biomni.database.jaspar.genereg.net,jaspar.genereg.net,database,Biomni,mcp,,False,0,NEEDS_DISPATCHER - MCP client not bound,False,
k-dense.database.learn.astropy.org,learn.astropy.org,database,K-Dense,http,,False,0,"HTTP - declared endpoint, no typed operations yet",False,
k-dense.database.learn.canceridc.dev,learn.canceridc.dev,database,K-Dense,mcp,,False,0,NEEDS_DISPATCHER - MCP client not bound,False,
k-dense.database.lightning.ai,lightning.ai,database,K-Dense,http,,False,0,"HTTP - declared endpoint, no typed operations yet",False,
k-dense.database.lmstudio.ai,lmstudio.ai,database,K-Dense,http,,False,0,"HTTP - declared endpoint, no typed operations yet",False,
clawbio.database.maayanlab.cloud,maayanlab.cloud,database,ClawBio,http,,False,0,"HTTP - declared endpoint, no typed operations yet",False,
k-dense.database.mafft.cbrc.jp,mafft.cbrc.jp,database,K-Dense,http,,False,0,"HTTP - declared endpoint, no typed operations yet",False,
k-dense.database.manual.gromacs.org,manual.gromacs.org,database,K-Dense,http,,False,0,"HTTP - declared endpoint, no typed operations yet",False,
k-dense.database.materialsproject.org,materialsproject.org,database,K-Dense,http,,False,0,"HTTP - declared endpoint, no typed operations yet",False,
clawbio.database.matplotlib.org,matplotlib.org,database,ClawBio,http,,False,0,"HTTP - declared endpoint, no typed operations yet",False,
k-dense.database.mcp.genomicintelligence.ai,mcp.genomicintelligence.ai,database,K-Dense,http,,False,0,"HTTP - declared endpoint, no typed operations yet",False,
k-dense.database.mcp.tamarind.bio,mcp.tamarind.bio,database,K-Dense,http,,False,0,"HTTP - declared endpoint, no typed operations yet",False,
k-dense.database.mdanalysis.org,mdanalysis.org,database,K-Dense,http,,False,0,"HTTP - declared endpoint, no typed operations yet",False,
k-dense.database.medchem-docs.datamol.io,medchem-docs.datamol.io,database,K-Dense,http,,False,0,"HTTP - declared endpoint, no typed operations yet",False,
k-dense.database.meshb.nlm.nih.gov,meshb.nlm.nih.gov,database,K-Dense,http,,False,0,"HTTP - declared endpoint, no typed operations yet",False,
k-dense.database.modal.com,modal.com,database,K-Dense,http,,False,0,"HTTP - declared endpoint, no typed operations yet",False,
clawbio.database.modelcontextprotocol.io,modelcontextprotocol.io,database,ClawBio,http,,False,0,"HTTP - declared endpoint, no typed operations yet",False,
k-dense.database.mojaveazure.github.io,mojaveazure.github.io,database,K-Dense,http,,False,0,"HTTP - declared endpoint, no typed operations yet",False,
k-dense.database.molfeat-docs.datamol.io,molfeat-docs.datamol.io,database,K-Dense,http,,False,0,"HTTP - declared endpoint, no typed operations yet",False,
origenemcp.database.multi-db-search,multi-db search,database,OrigeneMCP,mcp,,False,0,NEEDS_DISPATCHER - MCP client not bound,False,
k-dense.database.multiqc.info,multiqc.info,database,K-Dense,http,,False,0,"HTTP - declared endpoint, no typed operations yet",False,
k-dense.database.my-server.com,my-server.com,database,K-Dense,http,,False,0,"HTTP - declared endpoint, no typed operations yet",False,
k-dense.database.ncatstranslator.github.io,ncatstranslator.github.io,database,K-Dense,http,,False,0,"HTTP - declared endpoint, no typed operations yet",False,
k-dense.database.networkx.org,networkx.org,database,K-Dense,http,,False,0,"HTTP - declared endpoint, no typed operations yet",False,
k-dense.database.neuropsychology.github.io,neuropsychology.github.io,database,K-Dense,http,,False,0,"HTTP - declared endpoint, no typed operations yet",False,
k-dense.database.numpy.org,numpy.org,database,K-Dense,http,,False,0,"HTTP - declared endpoint, no typed operations yet",False,
k-dense.database.nvlpubs.nist.gov,nvlpubs.nist.gov,database,K-Dense,http,,False,0,"HTTP - declared endpoint, no typed operations yet",False,
k-dense.database.octave.org,octave.org,database,K-Dense,http,,False,0,"HTTP - declared endpoint, no typed operations yet",False,
clawbio.database.olink.com,olink.com,database,ClawBio,http,,False,0,"HTTP - declared endpoint, no typed operations yet",False,
k-dense.database.omim.org,omim.org,database,K-Dense,http,,False,0,"HTTP - declared endpoint, no typed operations yet",False,
k-dense.database.open.fda.gov,open.fda.gov,database,K-Dense,mcp,openfda,True,1,ROUTABLE - equivalent live public source available,True,
origenemcp.database.openfda-drug-labeling,openFDA drug labeling,database,OrigeneMCP,mcp,openfda,True,1,ROUTABLE - equivalent live public source available,True,
k-dense.database.openalex.org,openalex.org,database,K-Dense,mcp,,False,0,NEEDS_DISPATCHER - MCP client not bound,False,
clawbio.database.opencypher.org,opencypher.org,database,ClawBio,http,,False,0,"HTTP - declared endpoint, no typed operations yet",False,
k-dense.database.openmm.org,openmm.org,database,K-Dense,http,,False,0,"HTTP - declared endpoint, no typed operations yet",False,
k-dense.database.openreview.net,openreview.net,database,K-Dense,http,,False,0,"HTTP - declared endpoint, no typed operations yet",False,
k-dense.database.openslide.org,openslide.org,database,K-Dense,http,,False,0,"HTTP - declared endpoint, no typed operations yet",False,
k-dense.database.openweathermap.org,openweathermap.org,database,K-Dense,http,,False,0,"HTTP - declared endpoint, no typed operations yet",False,
k-dense.database.ossci.zulipchat.com,ossci.zulipchat.com,database,K-Dense,http,,False,0,"HTTP - declared endpoint, no typed operations yet",False,
k-dense.database.pachterlab.github.io,pachterlab.github.io,database,K-Dense,http,,False,0,"HTTP - declared endpoint, no typed operations yet",False,
biomni.database.paleobiodb.org,paleobiodb.org,database,Biomni,http,,False,0,"HTTP - declared endpoint, no typed operations yet",False,
k-dense.database.pandas.pydata.org,pandas.pydata.org,database,K-Dense,http,,False,0,"HTTP - declared endpoint, no typed operations yet",False,
k-dense.database.paperclip.gxl.ai,paperclip.gxl.ai,database,K-Dense,http,,False,0,"HTTP - declared endpoint, no typed operations yet",False,
k-dense.database.paperzilla.ai,paperzilla.ai,database,K-Dense,http,,False,0,"HTTP - declared endpoint, no typed operations yet",False,
k-dense.database.parallel.ai,parallel.ai,database,K-Dense,http,,False,0,"HTTP - declared endpoint, no typed operations yet",False,
k-dense.database.patentsview.org,patentsview.org,database,K-Dense,http,,False,0,"HTTP - declared endpoint, no typed operations yet",False,
k-dense.database.pennylane.ai,pennylane.ai,database,K-Dense,http,,False,0,"HTTP - declared endpoint, no typed operations yet",False,
clawbio.database.pgp.med.harvard.edu,pgp.med.harvard.edu,database,ClawBio,http,,False,0,"HTTP - declared endpoint, no typed operations yet",False,
biomni.database.phenome.jax.org,phenome.jax.org,database,Biomni,http,,False,0,"HTTP - declared endpoint, no typed operations yet",False,
biomni.database.phenomedoc.jax.org,phenomedoc.jax.org,database,Biomni,http,,False,0,"HTTP - declared endpoint, no typed operations yet",False,
k-dense.database.physics.nist.gov,physics.nist.gov,database,K-Dense,http,,False,0,"HTTP - declared endpoint, no typed operations yet",False,
k-dense.database.pi.dev,pi.dev,database,K-Dense,http,,False,0,"HTTP - declared endpoint, no typed operations yet",False,
clawbio.database.platform-docs.opentargets.org,platform-docs.opentargets.org,database,ClawBio,mcp,opentargets,True,1,ROUTABLE - equivalent live public source available,True,
k-dense.database.platform.parallel.ai.,platform.parallel.ai.,database,K-Dense,http,,False,0,"HTTP - declared endpoint, no typed operations yet",False,
clawbio.database.pmc.ncbi.nlm.nih.gov,pmc.ncbi.nlm.nih.gov,database,ClawBio,mcp,ncbi_eutils,True,1,ROUTABLE - equivalent live public source available,True,
k-dense.database.portal.imaging.datacommons.cancer.gov,portal.imaging.datacommons.cancer.gov,database,K-Dense,mcp,,False,0,NEEDS_DISPATCHER - MCP client not bound,False,
k-dense.database.portal.valencelabs.com,portal.valencelabs.com,database,K-Dense,http,,False,0,"HTTP - declared endpoint, no typed operations yet",False,
biomni.database.pubchem.ncbi.nlm.nih.gov,pubchem.ncbi.nlm.nih.gov,database,Biomni,mcp,ncbi_eutils;pubchem,True,2,ROUTABLE - equivalent live public source available,True,
clawbio.database.pubmed.ncbi.nlm.nih.gov,pubmed.ncbi.nlm.nih.gov,database,ClawBio,mcp,ncbi_eutils,True,1,ROUTABLE - equivalent live public source available,True,
k-dense.database.puffer.ai,puffer.ai,database,K-Dense,http,,False,0,"HTTP - declared endpoint, no typed operations yet",False,
k-dense.database.pydicom.github.io,pydicom.github.io,database,K-Dense,http,,False,0,"HTTP - declared endpoint, no typed operations yet",False,
k-dense.database.pyhealth.dev,pyhealth.dev,database,K-Dense,http,,False,0,"HTTP - declared endpoint, no typed operations yet",False,
k-dense.database.pymatgen.org,pymatgen.org,database,K-Dense,http,,False,0,"HTTP - declared endpoint, no typed operations yet",False,
k-dense.database.pymoo.org,pymoo.org,database,K-Dense,http,,False,0,"HTTP - declared endpoint, no typed operations yet",False,
biomni.database.pypi.org,pypi.org,database,Biomni,http,,False,0,"HTTP - declared endpoint, no typed operations yet",False,
k-dense.database.pytorch.org,pytorch.org,database,K-Dense,http,,False,0,"HTTP - declared endpoint, no typed operations yet",False,
k-dense.database.pytximport.complextissue.com,pytximport.complextissue.com,database,K-Dense,http,,False,0,"HTTP - declared endpoint, no typed operations yet",False,
k-dense.database.quantumai.google,quantumai.google,database,K-Dense,http,,False,0,"HTTP - declared endpoint, no typed operations yet",False,
biomni.database.reactome.org,reactome.org,database,Biomni,mcp,reactome,True,1,ROUTABLE - equivalent live public source available,True,
biomni.database.regulomedb.org,regulomedb.org,database,Biomni,http,,False,0,"HTTP - declared endpoint, no typed operations yet",False,
biomni.database.remap.univ-amu.fr,remap.univ-amu.fr,database,Biomni,http,,False,0,"HTTP - declared endpoint, no typed operations yet",False,
clawbio.database.repo-hub.broadinstitute.org,repo-hub.broadinstitute.org,database,ClawBio,http,,False,0,"HTTP - declared endpoint, no typed operations yet",False,
biomni.database.repo-prod.prod.sagebase.org,repo-prod.prod.sagebase.org,database,Biomni,http,,False,0,"HTTP - declared endpoint, no typed operations yet",False,
k-dense.database.research.google,research.google,database,K-Dense,http,,False,0,"HTTP - declared endpoint, no typed operations yet",False,
k-dense.database.responsiblebiodesign.ai,responsiblebiodesign.ai,database,K-Dense,http,,False,0,"HTTP - declared endpoint, no typed operations yet",False,
biomni.database.rest.ensembl.org,rest.ensembl.org,database,Biomni,mcp,ensembl,True,1,ROUTABLE - equivalent live public source available,True,
biomni.database.rest.kegg.jp,rest.kegg.jp,database,Biomni,http,kegg,True,1,ROUTABLE - equivalent live public source available,True,
biomni.database.rest.uniprot.org,rest.uniprot.org,database,Biomni,mcp,uniprot,True,1,ROUTABLE - equivalent live public source available,True,
k-dense.database.rummageo.com,rummageo.com,database,K-Dense,mcp,,False,0,NEEDS_DISPATCHER - MCP client not bound,False,
clawbio.database.samtools.github.io,samtools.github.io,database,ClawBio,mcp,,False,0,NEEDS_DISPATCHER - MCP client not bound,False,
clawbio.database.sashagusev.github.io,sashagusev.github.io,database,ClawBio,http,,False,0,"HTTP - declared endpoint, no typed operations yet",False,
k-dense.database.scikit-learn.org,scikit-learn.org,database,K-Dense,http,,False,0,"HTTP - declared endpoint, no typed operations yet",False,
k-dense.database.scikit.bio,scikit.bio,database,K-Dense,http,,False,0,"HTTP - declared endpoint, no typed operations yet",False,
biomni.database.screen-beta-api.wenglab.org,screen-beta-api.wenglab.org,database,Biomni,http,,False,0,"HTTP - declared endpoint, no typed operations yet",False,
k-dense.database.screenpipe.local,screenpipe.local,database,K-Dense,http,,False,0,"HTTP - declared endpoint, no typed operations yet",False,
k-dense.database.scverse.org,scverse.org,database,K-Dense,http,,False,0,"HTTP - declared endpoint, no typed operations yet",False,
biomni.database.services.healthtech.dtu.dk,services.healthtech.dtu.dk,database,Biomni,http,,False,0,"HTTP - declared endpoint, no typed operations yet",False,
k-dense.database.sprweb.org,sprweb.org,database,K-Dense,http,,False,0,"HTTP - declared endpoint, no typed operations yet",False,
k-dense.database.storage.googleapis.com,storage.googleapis.com,database,K-Dense,http,,False,0,"HTTP - declared endpoint, no typed operations yet",False,
biomni.database.string-db.org,string-db.org,database,Biomni,mcp,string,True,1,ROUTABLE - equivalent live public source available,True,
k-dense.database.subread.sourceforge.net,subread.sourceforge.net,database,K-Dense,http,,False,0,"HTTP - declared endpoint, no typed operations yet",False,
clawbio.database.support-docs.illumina.com,support-docs.illumina.com,database,ClawBio,http,,False,0,"HTTP - declared endpoint, no typed operations yet",False,
clawbio.database.terminology.hl7.org,terminology.hl7.org,database,ClawBio,http,,False,0,"HTTP - declared endpoint, no typed operations yet",False,
k-dense.database.themindbook.app,themindbook.app,database,K-Dense,http,,False,0,"HTTP - declared endpoint, no typed operations yet",False,
clawbio.database.toil.xenahubs.net,toil.xenahubs.net,database,ClawBio,http,,False,0,"HTTP - declared endpoint, no typed operations yet",False,
clawbio.database.toolshed.g2.bx.psu.edu,toolshed.g2.bx.psu.edu,database,ClawBio,mcp,,False,0,NEEDS_DISPATCHER - MCP client not bound,False,
k-dense.database.torchdrug.ai,torchdrug.ai,database,K-Dense,http,,False,0,"HTTP - declared endpoint, no typed operations yet",False,
k-dense.database.training.cochrane.org,training.cochrane.org,database,K-Dense,http,,False,0,"HTTP - declared endpoint, no typed operations yet",False,
k-dense.database.tree.bio.ed.ac.uk,tree.bio.ed.ac.uk,database,K-Dense,http,,False,0,"HTTP - declared endpoint, no typed operations yet",False,
clawbio.database.turingdb.ai,turingdb.ai,database,ClawBio,http,,False,0,"HTTP - declared endpoint, no typed operations yet",False,
clawbio.database.ucscxenatoolspy.onrender.com,ucscxenatoolspy.onrender.com,database,ClawBio,mcp,,False,0,NEEDS_DISPATCHER - MCP client not bound,False,
k-dense.database.unicarbkb.org,unicarbkb.org,database,K-Dense,http,,False,0,"HTTP - declared endpoint, no typed operations yet",False,
clawbio.database.usegalaxy.org,usegalaxy.org,database,ClawBio,http,,False,0,"HTTP - declared endpoint, no typed operations yet",False,
k-dense.database.velocyto.org,velocyto.org,database,K-Dense,http,,False,0,"HTTP - declared endpoint, no typed operations yet",False,
biomni.database.version-12-0.string-db.org,version-12-0.string-db.org,database,Biomni,mcp,string,True,1,ROUTABLE - equivalent live public source available,True,
k-dense.database.vicfero.github.io,vicfero.github.io,database,K-Dense,http,,False,0,"HTTP - declared endpoint, no typed operations yet",False,
origenemcp.database.web-literature-search,web/literature search,database,OrigeneMCP,mcp,,False,0,NEEDS_DISPATCHER - MCP client not bound,False,
k-dense.database.webservice.thebiogrid.org,webservice.thebiogrid.org,database,K-Dense,http,,False,0,"HTTP - declared endpoint, no typed operations yet",False,
k-dense.database.wiki.latch.bio,wiki.latch.bio,database,K-Dense,http,,False,0,"HTTP - declared endpoint, no typed operations yet",False,
biomni.database.www.addgene.org,www.addgene.org,database,Biomni,http,,False,0,"HTTP - declared endpoint, no typed operations yet",False,
k-dense.database.www.aeon-toolkit.org,www.aeon-toolkit.org,database,K-Dense,http,,False,0,"HTTP - declared endpoint, no typed operations yet",False,
k-dense.database.www.alphavantage.co,www.alphavantage.co,database,K-Dense,http,,False,0,"HTTP - declared endpoint, no typed operations yet",False,
k-dense.database.www.bibtex.org,www.bibtex.org,database,K-Dense,http,,False,0,"HTTP - declared endpoint, no typed operations yet",False,
clawbio.database.www.bioconductor.org,www.bioconductor.org,database,ClawBio,http,,False,0,"HTTP - declared endpoint, no typed operations yet",False,
clawbio.database.www.bioinformatics.babraham.ac.uk,www.bioinformatics.babraham.ac.uk,database,ClawBio,http,,False,0,"HTTP - declared endpoint, no typed operations yet",False,
k-dense.database.www.bipm.org,www.bipm.org,database,K-Dense,http,,False,0,"HTTP - declared endpoint, no typed operations yet",False,
clawbio.database.www.cancer.gov,www.cancer.gov,database,ClawBio,mcp,,False,0,NEEDS_DISPATCHER - MCP client not bound,False,
biomni.database.www.cbioportal.org,www.cbioportal.org,database,Biomni,mcp,,False,0,NEEDS_DISPATCHER - MCP client not bound,False,
clawbio.database.www.celltypist.org,www.celltypist.org,database,ClawBio,http,,False,0,"HTTP - declared endpoint, no typed operations yet",False,
clawbio.database.www.cog-genomics.org,www.cog-genomics.org,database,ClawBio,http,,False,0,"HTTP - declared endpoint, no typed operations yet",False,
k-dense.database.www.consort-statement.org,www.consort-statement.org,database,K-Dense,http,,False,0,"HTTP - declared endpoint, no typed operations yet",False,
k-dense.database.www.dicomstandard.org,www.dicomstandard.org,database,K-Dense,http,,False,0,"HTTP - declared endpoint, no typed operations yet",False,
k-dense.database.www.disgenet.org,www.disgenet.org,database,K-Dense,http,,False,0,"HTTP - declared endpoint, no typed operations yet",False,
k-dense.database.www.drive5.com,www.drive5.com,database,K-Dense,http,,False,0,"HTTP - declared endpoint, no typed operations yet",False,
biomni.database.www.ebi.ac.uk,www.ebi.ac.uk,database,Biomni,http,,False,0,"HTTP - declared endpoint, no typed operations yet",False,
biomni.database.www.encodeproject.org,www.encodeproject.org,database,Biomni,mcp,,False,0,NEEDS_DISPATCHER - MCP client not bound,False,
biomni.database.www.ensembl.org,www.ensembl.org,database,Biomni,mcp,ensembl,True,1,ROUTABLE - equivalent live public source available,True,
k-dense.database.www.epa.gov,www.epa.gov,database,K-Dense,http,,False,0,"HTTP - declared endpoint, no typed operations yet",False,
k-dense.database.www.eurocarbdb.org,www.eurocarbdb.org,database,K-Dense,http,,False,0,"HTTP - declared endpoint, no typed operations yet",False,
k-dense.database.www.evolutionaryscale.ai,www.evolutionaryscale.ai,database,K-Dense,http,,False,0,"HTTP - declared endpoint, no typed operations yet",False,
clawbio.database.www.fda.gov,www.fda.gov,database,ClawBio,mcp,openfda,True,1,ROUTABLE - equivalent live public source available,True,
k-dense.database.www.functionalglycomics.org,www.functionalglycomics.org,database,K-Dense,http,clinicaltrials,True,1,ROUTABLE - equivalent live public source available,True,
clawbio.database.www.genetics.org,www.genetics.org,database,ClawBio,http,,False,0,"HTTP - declared endpoint, no typed operations yet",False,
k-dense.database.www.gsea-msigdb.org,www.gsea-msigdb.org,database,K-Dense,http,,False,0,"HTTP - declared endpoint, no typed operations yet",False,
biomni.database.www.guidetopharmacology.org,www.guidetopharmacology.org,database,Biomni,http,,False,0,"HTTP - declared endpoint, no typed operations yet",False,
clawbio.database.www.healthit.gov,www.healthit.gov,database,ClawBio,http,,False,0,"HTTP - declared endpoint, no typed operations yet",False,
clawbio.database.www.illumina.com,www.illumina.com,database,ClawBio,http,,False,0,"HTTP - declared endpoint, no typed operations yet",False,
k-dense.database.www.internationalgenome.org,www.internationalgenome.org,database,K-Dense,http,,False,0,"HTTP - declared endpoint, no typed operations yet",False,
k-dense.database.www.iqtree.org,www.iqtree.org,database,K-Dense,http,,False,0,"HTTP - declared endpoint, no typed operations yet",False,
k-dense.database.www.iso.org,www.iso.org,database,K-Dense,http,,False,0,"HTTP - declared endpoint, no typed operations yet",False,
k-dense.database.www.itl.nist.gov,www.itl.nist.gov,database,K-Dense,http,,False,0,"HTTP - declared endpoint, no typed operations yet",False,
clawbio.database.www.jstor.org,www.jstor.org,database,ClawBio,http,,False,0,"HTTP - declared endpoint, no typed operations yet",False,
clawbio.database.www.kallistobus.tools,www.kallistobus.tools,database,ClawBio,mcp,,False,0,NEEDS_DISPATCHER - MCP client not bound,False,
k-dense.database.www.ks.uiuc.edu,www.ks.uiuc.edu,database,K-Dense,http,,False,0,"HTTP - declared endpoint, no typed operations yet",False,
clawbio.database.www.labstep.com,www.labstep.com,database,ClawBio,http,,False,0,"HTTP - declared endpoint, no typed operations yet",False,
biomni.database.www.marinespecies.org,www.marinespecies.org,database,Biomni,http,,False,0,"HTTP - declared endpoint, no typed operations yet",False,
k-dense.database.www.mathworks.com,www.mathworks.com,database,K-Dense,http,,False,0,"HTTP - declared endpoint, no typed operations yet",False,
k-dense.database.www.microbesonline.org,www.microbesonline.org,database,K-Dense,http,,False,0,"HTTP - declared endpoint, no typed operations yet",False,
clawbio.database.www.ncbi.nlm.nih.gov,www.ncbi.nlm.nih.gov,database,ClawBio,mcp,ncbi_eutils,True,1,ROUTABLE - equivalent live public source available,True,
k-dense.database.www.ncdc.noaa.gov,www.ncdc.noaa.gov,database,K-Dense,http,,False,0,"HTTP - declared endpoint, no typed operations yet",False,
clawbio.database.www.nlm.nih.gov,www.nlm.nih.gov,database,ClawBio,http,,False,0,"HTTP - declared endpoint, no typed operations yet",False,
clawbio.database.www.npmjs.com,www.npmjs.com,database,ClawBio,http,,False,0,"HTTP - declared endpoint, no typed operations yet",False,
k-dense.database.www.nsf.gov,www.nsf.gov,database,K-Dense,http,,False,0,"HTTP - declared endpoint, no typed operations yet",False,
k-dense.database.www.openms.org,www.openms.org,database,K-Dense,http,,False,0,"HTTP - declared endpoint, no typed operations yet",False,
clawbio.database.www.orthodb.org,www.orthodb.org,database,ClawBio,http,,False,0,"HTTP - declared endpoint, no typed operations yet",False,
k-dense.database.www.overleaf.com,www.overleaf.com,database,K-Dense,http,,False,0,"HTTP - declared endpoint, no typed operations yet",False,
clawbio.database.www.pgscatalog.org,www.pgscatalog.org,database,ClawBio,http,,False,0,"HTTP - declared endpoint, no typed operations yet",False,
k-dense.database.www.prisma-statement.org,www.prisma-statement.org,database,K-Dense,http,,False,0,"HTTP - declared endpoint, no typed operations yet",False,
biomni.database.www.protocols.io,www.protocols.io,database,Biomni,mcp,,False,0,NEEDS_DISPATCHER - MCP client not bound,False,
k-dense.database.www.rdkit.org,www.rdkit.org,database,K-Dense,http,,False,0,"HTTP - declared endpoint, no typed operations yet",False,
k-dense.database.www.semanticscholar.org,www.semanticscholar.org,database,K-Dense,http,,False,0,"HTTP - declared endpoint, no typed operations yet",False,
k-dense.database.www.statsmodels.org,www.statsmodels.org,database,K-Dense,http,,False,0,"HTTP - declared endpoint, no typed operations yet",False,
clawbio.database.www.synapse.org,www.synapse.org,database,ClawBio,http,,False,0,"HTTP - declared endpoint, no typed operations yet",False,
k-dense.database.www.zotero.org,www.zotero.org,database,K-Dense,http,,False,0,"HTTP - declared endpoint, no typed operations yet",False,
clawbio.database.xena.ucsc.edu,xena.ucsc.edu,database,ClawBio,mcp,,False,0,NEEDS_DISPATCHER - MCP client not bound,False,
biomni.database.zenodo.org,zenodo.org,database,Biomni,http,,False,0,"HTTP - declared endpoint, no typed operations yet",False,
biomni.dataset.depmap_omicsexpressionproteincodinggenestpmlogp1.csv,DepMap_OmicsExpressionProteinCodingGenesTPMLogp1.csv,dataset,Biomni,dataset,,False,0,READY - executable now,False,
biomni.dataset.gtex_tissue_gene_tpm.parquet,gtex_tissue_gene_tpm.parquet,dataset,Biomni,dataset,,False,0,READY - executable now,False,
biomni.dataset.bindingdb_all_202409.tsv,BindingDB_All_202409.tsv,dataset,Biomni,dataset,,False,0,READY - executable now,False,
biomni.dataset.go-plus.json,go-plus.json,dataset,Biomni,dataset,clinicaltrials,False,1,READY - executable now,True,"mapped, but already in a higher tier (executable/fetchable)"
biomni.dataset.proteinatlas.tsv,proteinatlas.tsv,dataset,Biomni,dataset,,False,0,READY - executable now,False,
biomni.dataset.mirtarbase_microrna_target_interaction_pubmed_abtract.txt,miRTarBase_microRNA_target_interaction_pubmed_abtract.txt,dataset,Biomni,dataset,ncbi_eutils,False,1,READY - executable now,True,"mapped, but already in a higher tier (executable/fetchable)"
biomni.dataset.depmap_crisprgenedependency.csv,DepMap_CRISPRGeneDependency.csv,dataset,Biomni,dataset,,False,0,READY - executable now,False,
biomni.dataset.depmap_crisprgeneeffect.csv,DepMap_CRISPRGeneEffect.csv,dataset,Biomni,dataset,,False,0,READY - executable now,False,
biomni.dataset.depmap_model.csv,DepMap_Model.csv,dataset,Biomni,dataset,,False,0,READY - executable now,False,
biomni.dataset.czi_census_datasets_v4.parquet,czi_census_datasets_v4.parquet,dataset,Biomni,dataset,,False,0,READY - executable now,False,
biomni.dataset.gwas_catalog.pkl,gwas_catalog.pkl,dataset,Biomni,dataset,,False,0,READY - executable now,False,
pantheonos.skill.spec_template,SPEC_TEMPLATE,skill,PantheonOS,none,,False,0,"DECLARATIVE - specification only, no entrypoint",False,
pantheonos.skill.gdc-tcga-cancer-genomics-portal,GDC / TCGA — Cancer Genomics Portal,skill,PantheonOS,none,,False,0,"DECLARATIVE - specification only, no entrypoint",False,
clawbio.skill.busco-assessor,busco-assessor,skill,ClawBio,none,ncbi_eutils,True,1,ROUTABLE - equivalent live public source available,True,
pantheonos.skill.gget-genomic-database-querying,gget: Genomic Database Querying,skill,PantheonOS,none,ensembl;uniprot;ncbi_eutils;opentargets;rcsb,True,5,ROUTABLE - equivalent live public source available,True,
clawbio.skill.pathway-enricher,pathway-enricher,skill,ClawBio,none,kegg;reactome,True,2,ROUTABLE - equivalent live public source available,True,
k-dense.skill.scholar-evaluation,scholar-evaluation,skill,K-Dense,none,,False,0,"DECLARATIVE - specification only, no entrypoint",False,
clawbio.skill.xena-tcga-gene-query,xena-tcga-gene-query,skill,ClawBio,none,,False,0,"DECLARATIVE - specification only, no entrypoint",False,
pantheonos.skill.2d-small-molecules-with-rdkit-js,2D Small Molecules with RDKit-JS,skill,PantheonOS,none,,False,0,"DECLARATIVE - specification only, no entrypoint",False,
k-dense.skill.biopython,biopython,skill,K-Dense,none,ncbi_eutils;rcsb,True,2,ROUTABLE - equivalent live public source available,True,
k-dense.skill.bioservices,bioservices,skill,K-Dense,none,uniprot;chembl;kegg;reactome,True,4,ROUTABLE - equivalent live public source available,True,
clawbio.skill.eqtl-catalogue-region-fetch,eqtl-catalogue-region-fetch,skill,ClawBio,none,,False,0,"DECLARATIVE - specification only, no entrypoint",False,
k-dense.skill.ginkgo-cloud-lab,ginkgo-cloud-lab,skill,K-Dense,none,,False,0,"DECLARATIVE - specification only, no entrypoint",False,
k-dense.skill.medchem,medchem,skill,K-Dense,none,chembl,True,1,ROUTABLE - equivalent live public source available,True,
k-dense.skill.pytdc,pytdc,skill,K-Dense,none,,False,0,"DECLARATIVE - specification only, no entrypoint",False,
k-dense.skill.torch-geometric,torch-geometric,skill,K-Dense,none,,False,0,"DECLARATIVE - specification only, no entrypoint",False,
k-dense.skill.deeptools,deeptools,skill,K-Dense,none,,False,0,"DECLARATIVE - specification only, no entrypoint",False,
clawbio.skill.clinical-trial-finder,clinical-trial-finder,skill,ClawBio,none,clinicaltrials;opentargets,True,2,ROUTABLE - equivalent live public source available,True,
k-dense.skill.glycoengineering,glycoengineering,skill,K-Dense,none,clinicaltrials,True,1,ROUTABLE - equivalent live public source available,True,
clawbio.skill.gwas-prs,gwas-prs,skill,ClawBio,none,,False,0,"DECLARATIVE - specification only, no entrypoint",False,
clawbio.skill.mendelian-randomisation,mendelian-randomisation,skill,ClawBio,none,ncbi_eutils,True,1,ROUTABLE - equivalent live public source available,True,
k-dense.skill.paperclip,paperclip,skill,K-Dense,none,uniprot;chembl;clinicaltrials;openfda;rcsb,True,5,ROUTABLE - equivalent live public source available,True,
pantheonos.skill.phylogenetic-trees-with-phylotree.js,Phylogenetic Trees with phylotree.js,skill,PantheonOS,none,,False,0,"DECLARATIVE - specification only, no entrypoint",False,
pantheonos.skill.checkpoint_layout,checkpoint_layout,skill,PantheonOS,none,,False,0,"DECLARATIVE - specification only, no entrypoint",False,
clawbio.skill.fine-mapping,fine-mapping,skill,ClawBio,none,,False,0,"DECLARATIVE - specification only, no entrypoint",False,
k-dense.skill.geopandas,geopandas,skill,K-Dense,none,,False,0,"DECLARATIVE - specification only, no entrypoint",False,
clawbio.skill.labstep,labstep,skill,ClawBio,none,,False,0,"DECLARATIVE - specification only, no entrypoint",False,
k-dense.skill.opentrons-integration,opentrons-integration,skill,K-Dense,none,,False,0,"DECLARATIVE - specification only, no entrypoint",False,
k-dense.skill.pdf,pdf,skill,K-Dense,none,,False,0,"DECLARATIVE - specification only, no entrypoint",False,
pantheonos.skill.poster,poster,skill,PantheonOS,none,,False,0,"DECLARATIVE - specification only, no entrypoint",False,
clawbio.skill.protocols-io,protocols-io,skill,ClawBio,none,,False,0,"DECLARATIVE - specification only, no entrypoint",False,
k-dense.skill.pylabrobot,pylabrobot,skill,K-Dense,none,,False,0,"DECLARATIVE - specification only, no entrypoint",False,
k-dense.skill.scientific-visualization,scientific-visualization,skill,K-Dense,none,,False,0,"DECLARATIVE - specification only, no entrypoint",False,
k-dense.skill.statsmodels,statsmodels,skill,K-Dense,none,,False,0,"DECLARATIVE - specification only, no entrypoint",False,
pantheonos.skill.cell-segmentation-skills-index,Cell Segmentation Skills Index,skill,PantheonOS,none,,False,0,"DECLARATIVE - specification only, no entrypoint",False,
k-dense.skill.imaging-data-commons,imaging-data-commons,skill,K-Dense,none,,False,0,"DECLARATIVE - specification only, no entrypoint",False,
k-dense.skill.citation-management,citation-management,skill,K-Dense,none,ncbi_eutils,True,1,ROUTABLE - equivalent live public source available,True,
clawbio.skill.claw-semantic-sim,claw-semantic-sim,skill,ClawBio,none,ncbi_eutils,True,1,ROUTABLE - equivalent live public source available,True,
clawbio.skill.gwas-catalog-region-fetch,gwas-catalog-region-fetch,skill,ClawBio,none,,False,0,"DECLARATIVE - specification only, no entrypoint",False,
pantheonos.skill.iseq-sequencing-data-download,iSeq: Sequencing Data Download,skill,PantheonOS,none,,False,0,"DECLARATIVE - specification only, no entrypoint",False,
clawbio.skill.lit-synthesizer,lit-synthesizer,skill,ClawBio,none,ncbi_eutils,True,1,ROUTABLE - equivalent live public source available,True,
k-dense.skill.literature-review,literature-review,skill,K-Dense,none,ncbi_eutils,True,1,ROUTABLE - equivalent live public source available,True,
k-dense.skill.paper-lookup,paper-lookup,skill,K-Dense,none,ncbi_eutils;europepmc,True,2,ROUTABLE - equivalent live public source available,True,
k-dense.skill.peer-review,peer-review,skill,K-Dense,none,,False,0,"DECLARATIVE - specification only, no entrypoint",False,
clawbio.skill.pubmed-summariser,pubmed-summariser,skill,ClawBio,none,ncbi_eutils,True,1,ROUTABLE - equivalent live public source available,True,
k-dense.skill.scientific-writing,scientific-writing,skill,K-Dense,none,,False,0,"DECLARATIVE - specification only, no entrypoint",False,
pantheonos.skill.protein-structures-alphafold-pdb,Protein Structures — AlphaFold & PDB,skill,PantheonOS,none,rcsb,True,1,ROUTABLE - equivalent live public source available,True,
pantheonos.skill.view-3d-molecular-structures-with-mol,View 3D Molecular Structures with Mol*,skill,PantheonOS,none,rcsb,True,1,ROUTABLE - equivalent live public source available,True,
clawbio.skill.affinity-proteomics,affinity-proteomics,skill,ClawBio,none,ncbi_eutils,True,1,ROUTABLE - equivalent live public source available,True,
k-dense.skill.database-lookup,database-lookup,skill,K-Dense,none,opentargets,True,1,ROUTABLE - equivalent live public source available,True,
k-dense.skill.diffdock,diffdock,skill,K-Dense,none,rcsb,True,1,ROUTABLE - equivalent live public source available,True,
clawbio.skill.galaxy-bridge,galaxy-bridge,skill,ClawBio,none,,False,0,"DECLARATIVE - specification only, no entrypoint",False,
k-dense.skill.gget,gget,skill,K-Dense,none,opentargets,True,1,ROUTABLE - equivalent live public source available,True,
k-dense.skill.rowan,rowan,skill,K-Dense,none,ensembl,True,1,ROUTABLE - equivalent live public source available,True,
k-dense.skill.tamarind,tamarind,skill,K-Dense,none,,False,0,"DECLARATIVE - specification only, no entrypoint",False,
pantheonos.skill.cz-cellxgene-census-single-cell-data-access,CZ CELLxGENE Census: Single-Cell Data Access,skill,PantheonOS,none,,False,0,"DECLARATIVE - specification only, no entrypoint",False,
pantheonos.skill.database-access-skills-index,Database Access Skills Index,skill,PantheonOS,none,clinicaltrials,True,1,ROUTABLE - equivalent live public source available,True,
pantheonos.skill.encode-portal-functional-genomics-tracks,ENCODE Portal — Functional Genomics Tracks,skill,PantheonOS,none,clinicaltrials,True,1,ROUTABLE - equivalent live public source available,True,
pantheonos.skill.gene-panel-selection-workflow,Gene Panel Selection Workflow,skill,PantheonOS,none,,False,0,"DECLARATIVE - specification only, no entrypoint",False,
pantheonos.skill.readme,README,skill,PantheonOS,none,,False,0,"DECLARATIVE - specification only, no entrypoint",False,
pantheonos.skill.sc-best-practices-reproducibility,SC Best Practices: Reproducibility,skill,PantheonOS,none,,False,0,"DECLARATIVE - specification only, no entrypoint",False,
pantheonos.skill.visualize-data-with-vitessce-liveview,Visualize Data with Vitessce LiveView,skill,PantheonOS,none,,False,0,"DECLARATIVE - specification only, no entrypoint",False,
k-dense.skill.cellxgene-census,cellxgene-census,skill,K-Dense,none,clinicaltrials,True,1,ROUTABLE - equivalent live public source available,True,
clawbio.skill.methylation-clock,methylation-clock,skill,ClawBio,none,ncbi_eutils,True,1,ROUTABLE - equivalent live public source available,True,
clawbio.skill.nfcore-scrnaseq-wrapper,nfcore-scrnaseq-wrapper,skill,ClawBio,none,,False,0,"DECLARATIVE - specification only, no entrypoint",False,
k-dense.skill.ontology-term-resolution,ontology-term-resolution,skill,K-Dense,none,,False,0,"DECLARATIVE - specification only, no entrypoint",False,
k-dense.skill.protocolsio-integration,protocolsio-integration,skill,K-Dense,none,,False,0,"DECLARATIVE - specification only, no entrypoint",False,
clawbio.skill.scrna-embedding,scrna-embedding,skill,ClawBio,none,,False,0,"DECLARATIVE - specification only, no entrypoint",False,
k-dense.skill.scvelo,scvelo,skill,K-Dense,none,,False,0,"DECLARATIVE - specification only, no entrypoint",False,
k-dense.skill.scvi-tools,scvi-tools,skill,K-Dense,none,,False,0,"DECLARATIVE - specification only, no entrypoint",False,
pantheonos.skill.view-bioimages-with-the-viv-liveview,View Bioimages with the Viv LiveView,skill,PantheonOS,none,,False,0,"DECLARATIVE - specification only, no entrypoint",False,
pantheonos.skill.ucsc-genome-browser-api-liftover,UCSC Genome Browser API & liftOver,skill,PantheonOS,none,ensembl,True,1,ROUTABLE - equivalent live public source available,True,
pantheonos.skill.view-genome-tracks-with-igv.js,View Genome Tracks with IGV.js,skill,PantheonOS,none,,False,0,"DECLARATIVE - specification only, no entrypoint",False,
clawbio.skill.article-data-fetcher,article-data-fetcher,skill,ClawBio,none,ncbi_eutils,True,1,ROUTABLE - equivalent live public source available,True,
clawbio.skill.clinical-variant-prioritizer,clinical-variant-prioritizer,skill,ClawBio,none,ncbi_eutils;gnomad,True,2,ROUTABLE - equivalent live public source available,True,
clawbio.skill.clinical-variant-reporter,clinical-variant-reporter,skill,ClawBio,none,ncbi_eutils;gnomad,True,2,ROUTABLE - equivalent live public source available,True,
clawbio.skill.clinpgx,clinpgx,skill,ClawBio,none,openfda,True,1,ROUTABLE - equivalent live public source available,True,
clawbio.skill.cnv-acmg-classifier,cnv-acmg-classifier,skill,ClawBio,none,ncbi_eutils,True,1,ROUTABLE - equivalent live public source available,True,
k-dense.skill.depmap,depmap,skill,K-Dense,none,,False,0,"DECLARATIVE - specification only, no entrypoint",False,
clawbio.skill.drug-photo,drug-photo,skill,ClawBio,none,openfda,True,1,ROUTABLE - equivalent live public source available,True,
clawbio.skill.genome-compare,genome-compare,skill,ClawBio,none,,False,0,"DECLARATIVE - specification only, no entrypoint",False,
k-dense.skill.geomaster,geomaster,skill,K-Dense,none,,False,0,"DECLARATIVE - specification only, no entrypoint",False,
clawbio.skill.gi-splice,gi-splice,skill,ClawBio,none,,False,0,"DECLARATIVE - specification only, no entrypoint",False,
clawbio.skill.gwas-lookup,gwas-lookup,skill,ClawBio,none,opentargets,True,1,ROUTABLE - equivalent live public source available,True,
clawbio.skill.gwas-pipeline,gwas-pipeline,skill,ClawBio,none,ncbi_eutils,True,1,ROUTABLE - equivalent live public source available,True,
clawbio.skill.locuscompare-region-render,locuscompare-region-render,skill,ClawBio,none,ensembl,True,1,ROUTABLE - equivalent live public source available,True,
clawbio.skill.multiqc-reporter,multiqc-reporter,skill,ClawBio,none,,False,0,"DECLARATIVE - specification only, no entrypoint",False,
clawbio.skill.ncbi-datasets,ncbi-datasets,skill,ClawBio,none,ncbi_eutils,True,1,ROUTABLE - equivalent live public source available,True,
clawbio.skill.nfcore-sarek-wrapper,nfcore-sarek-wrapper,skill,ClawBio,none,ensembl,True,1,ROUTABLE - equivalent live public source available,True,
clawbio.skill.pharmgx-reporter,pharmgx-reporter,skill,ClawBio,none,openfda,True,1,ROUTABLE - equivalent live public source available,True,
clawbio.skill.seq-wrangler,seq-wrangler,skill,ClawBio,none,,False,0,"DECLARATIVE - specification only, no entrypoint",False,
clawbio.skill.variant-annotation,variant-annotation,skill,ClawBio,none,ensembl;ncbi_eutils;gnomad,True,3,ROUTABLE - equivalent live public source available,True,
clawbio.skill.vcf-annotator,vcf-annotator,skill,ClawBio,none,ensembl;ncbi_eutils;gnomad,True,3,ROUTABLE - equivalent live public source available,True,
biomni.software.pytdc,pytdc,software,Biomni,none,,False,0,"DECLARATIVE - specification only, no entrypoint",False,
biomni.software.arxiv,arxiv,software,Biomni,none,,False,0,"DECLARATIVE - specification only, no entrypoint",False,
biomni.software.bedtools,bedtools,software,Biomni,none,,False,0,"DECLARATIVE - specification only, no entrypoint",False,
biomni.software.biopython,biopython,software,Biomni,none,ncbi_eutils;rcsb,True,2,ROUTABLE - equivalent live public source available,True,
biomni.software.biotite,biotite,software,Biomni,none,,False,0,"DECLARATIVE - specification only, no entrypoint",False,
biomni.software.cryosparc-tools,cryosparc-tools,software,Biomni,none,,False,0,"DECLARATIVE - specification only, no entrypoint",False,
biomni.software.gget,gget,software,Biomni,none,opentargets,True,1,ROUTABLE - equivalent live public source available,True,
biomni.software.joblib,joblib,software,Biomni,none,,False,0,"DECLARATIVE - specification only, no entrypoint",False,
biomni.software.pdbfixer,pdbfixer,software,Biomni,none,rcsb,True,1,ROUTABLE - equivalent live public source available,True,
biomni.software.pybedtools,pybedtools,software,Biomni,none,,False,0,"DECLARATIVE - specification only, no entrypoint",False,
biomni.software.pyliftover,pyliftover,software,Biomni,none,,False,0,"DECLARATIVE - specification only, no entrypoint",False,
biomni.software.samtools,samtools,software,Biomni,none,,False,0,"DECLARATIVE - specification only, no entrypoint",False,
biomni.software.statsmodels,statsmodels,software,Biomni,none,,False,0,"DECLARATIVE - specification only, no entrypoint",False,
biomni.software.stringr,stringr,software,Biomni,none,clinicaltrials,True,1,ROUTABLE - equivalent live public source available,True,
biomni.software.pymed,pymed,software,Biomni,none,ncbi_eutils,True,1,ROUTABLE - equivalent live public source available,True,
biomni.software.cellxgene-census,cellxgene-census,software,Biomni,none,clinicaltrials,True,1,ROUTABLE - equivalent live public source available,True,
biomni.software.scvelo,scvelo,software,Biomni,none,,False,0,"DECLARATIVE - specification only, no entrypoint",False,
origenemcp.tool.tcga_differential_expression_analysis,tcga_differential_expression_analysis,tool,OrigeneMCP,mcp,,False,0,NEEDS_DISPATCHER - MCP client not bound,False,
biomni.tool.analyze_fda_safety_signals,analyze_fda_safety_signals,tool,Biomni,python,openfda,True,1,ROUTABLE - equivalent live public source available,True,
biomni.tool.analyze_radiolabeled_antibody_biodistribution,analyze_radiolabeled_antibody_biodistribution,tool,Biomni,python,,False,0,MISSING_UPSTREAM - upstream package not installed,False,
biomedarena.tool.cbioportal_request,cbioportal_request,tool,BioMedArena,python,,False,0,MISSING_DEPS - third-party imports absent,False,
biomni.tool.check_fda_drug_recalls,check_fda_drug_recalls,tool,Biomni,python,openfda,True,1,ROUTABLE - equivalent live public source available,True,
origenemcp.tool.get_biotherapeutic_by_id,get_biotherapeutic_by_id,tool,OrigeneMCP,mcp,chembl,True,1,ROUTABLE - equivalent live public source available,True,
origenemcp.tool.get_biotherapeutic_by_ids,get_biotherapeutic_by_ids,tool,OrigeneMCP,mcp,chembl,True,1,ROUTABLE - equivalent live public source available,True,
origenemcp.tool.get_cids_by_formula,get_cids_by_formula,tool,OrigeneMCP,mcp,pubchem,True,1,ROUTABLE - equivalent live public source available,True,
origenemcp.tool.get_cids_by_smiles,get_cids_by_smiles,tool,OrigeneMCP,mcp,pubchem,True,1,ROUTABLE - equivalent live public source available,True,
origenemcp.tool.get_compound_property_by_name,get_compound_property_by_name,tool,OrigeneMCP,mcp,pubchem,True,1,ROUTABLE - equivalent live public source available,True,
origenemcp.tool.get_compounds_by_formula,get_compounds_by_formula,tool,OrigeneMCP,mcp,pubchem,True,1,ROUTABLE - equivalent live public source available,True,
origenemcp.tool.get_compounds_by_smiles,get_compounds_by_smiles,tool,OrigeneMCP,mcp,pubchem,True,1,ROUTABLE - equivalent live public source available,True,
origenemcp.tool.get_drug_by_id,get_drug_by_id,tool,OrigeneMCP,mcp,chembl,True,1,ROUTABLE - equivalent live public source available,True,
origenemcp.tool.get_drug_by_ids,get_drug_by_ids,tool,OrigeneMCP,mcp,chembl,True,1,ROUTABLE - equivalent live public source available,True,
origenemcp.tool.get_drug_indication,get_drug_indication,tool,OrigeneMCP,mcp,chembl,True,1,ROUTABLE - equivalent live public source available,True,
origenemcp.tool.get_drug_warning,get_drug_warning,tool,OrigeneMCP,mcp,chembl,True,1,ROUTABLE - equivalent live public source available,True,
biomni.tool.get_fda_drug_label_info,get_fda_drug_label_info,tool,Biomni,python,openfda,True,1,ROUTABLE - equivalent live public source available,True,
origenemcp.tool.get_gene_metadata_by_gene_name,get_gene_metadata_by_gene_name,tool,OrigeneMCP,mcp,ensembl;uniprot;ncbi_eutils,True,3,ROUTABLE - equivalent live public source available,True,
origenemcp.tool.get_image,get_image,tool,OrigeneMCP,mcp,chembl,True,1,ROUTABLE - equivalent live public source available,True,
origenemcp.tool.get_isomeric_smiles,get_isomeric_smiles,tool,OrigeneMCP,mcp,pubchem,True,1,ROUTABLE - equivalent live public source available,True,
origenemcp.tool.get_molecular_formula,get_molecular_formula,tool,OrigeneMCP,mcp,pubchem,True,1,ROUTABLE - equivalent live public source available,True,
origenemcp.tool.get_molecular_weight,get_molecular_weight,tool,OrigeneMCP,mcp,pubchem,True,1,ROUTABLE - equivalent live public source available,True,
origenemcp.tool.get_molecule_form,get_molecule_form,tool,OrigeneMCP,mcp,chembl,True,1,ROUTABLE - equivalent live public source available,True,
origenemcp.tool.get_molecule_form_id,get_molecule_form_id,tool,OrigeneMCP,mcp,chembl,True,1,ROUTABLE - equivalent live public source available,True,
origenemcp.tool.get_molecule_form_ids,get_molecule_form_ids,tool,OrigeneMCP,mcp,chembl,True,1,ROUTABLE - equivalent live public source available,True,
origenemcp.tool.get_molecule_id,get_molecule_id,tool,OrigeneMCP,mcp,chembl,True,1,ROUTABLE - equivalent live public source available,True,
origenemcp.tool.get_molecule_ids,get_molecule_ids,tool,OrigeneMCP,mcp,chembl,True,1,ROUTABLE - equivalent live public source available,True,
origenemcp.tool.get_parent_child_molecules_by_drug_chembl_id,get_parent_child_molecules_by_drug_chembl_ID,tool,OrigeneMCP,mcp,chembl;opentargets,True,2,ROUTABLE - equivalent live public source available,True,
origenemcp.tool.get_similarity_smiles,get_similarity_smiles,tool,OrigeneMCP,mcp,chembl,True,1,ROUTABLE - equivalent live public source available,True,
origenemcp.tool.get_substructure_cas,get_substructure_cas,tool,OrigeneMCP,mcp,pubchem,True,1,ROUTABLE - equivalent live public source available,True,
origenemcp.tool.get_target_component,get_target_component,tool,OrigeneMCP,mcp,uniprot;chembl,True,2,ROUTABLE - equivalent live public source available,True,
origenemcp.tool.get_uniparc_entry_by_upi,get_uniparc_entry_by_upi,tool,OrigeneMCP,mcp,uniprot,True,1,ROUTABLE - equivalent live public source available,True,
origenemcp.tool.get_uniparc_light_entry_by_upi,get_uniparc_light_entry_by_upi,tool,OrigeneMCP,mcp,uniprot,True,1,ROUTABLE - equivalent live public source available,True,
origenemcp.tool.get_uniref_cluster_members_by_id,get_uniref_cluster_members_by_id,tool,OrigeneMCP,mcp,uniprot,True,1,ROUTABLE - equivalent live public source available,True,
origenemcp.tool.get_vep_hgvs,get_vep_hgvs,tool,OrigeneMCP,mcp,ensembl;clinicaltrials,True,2,ROUTABLE - equivalent live public source available,True,
origenemcp.tool.get_vep_id,get_vep_id,tool,OrigeneMCP,mcp,ensembl;ncbi_eutils;clinicaltrials,True,3,ROUTABLE - equivalent live public source available,True,
stella.tool.gocc_cellular_component_search,gocc_cellular_component_search,tool,STELLA,python,,False,0,MISSING_DEPS - third-party imports absent,False,
stella.tool.gsea_hallmark_search,gsea_hallmark_search,tool,STELLA,python,,False,0,MISSING_DEPS - third-party imports absent,False,
biomedarena.tool.handle_admet_tool,handle_admet_tool,tool,BioMedArena,python,,False,0,MISSING_DEPS - third-party imports absent,False,
stella.tool.ligand_based_screening_tool,ligand_based_screening_tool,tool,STELLA,python,,False,0,MISSING_DEPS - third-party imports absent,False,
biomni.tool.list_glycoengineering_resources,list_glycoengineering_resources,tool,Biomni,python,,False,0,MISSING_UPSTREAM - upstream package not installed,False,
origenemcp.tool.pdb_get_branched_entity,pdb_get_branched_entity,tool,OrigeneMCP,mcp,rcsb,True,1,ROUTABLE - equivalent live public source available,True,
origenemcp.tool.pdb_get_chemical_component,pdb_get_chemical_component,tool,OrigeneMCP,mcp,rcsb,True,1,ROUTABLE - equivalent live public source available,True,
origenemcp.tool.pdb_get_nonpolymer_entity,pdb_get_nonpolymer_entity,tool,OrigeneMCP,mcp,rcsb,True,1,ROUTABLE - equivalent live public source available,True,
origenemcp.tool.pdb_get_polymer_entity,pdb_get_polymer_entity,tool,OrigeneMCP,mcp,rcsb,True,1,ROUTABLE - equivalent live public source available,True,
stella.tool.protocol_evaluator,protocol_evaluator,tool,STELLA,python,,False,0,MISSING_DEPS - third-party imports absent,False,
biomni.tool.query_fda_adverse_events,query_fda_adverse_events,tool,Biomni,python,openfda,True,1,ROUTABLE - equivalent live public source available,True,
biomni.tool.run_autosite,run_autosite,tool,Biomni,python,rcsb,True,1,ROUTABLE - equivalent live public source available,True,
stella.tool.run_boltz_complex_structure_prediction,run_boltz_complex_structure_prediction,tool,STELLA,python,,False,0,MISSING_DEPS - third-party imports absent,False,
stella.tool.run_catapro_prediction,run_catapro_prediction,tool,STELLA,python,,False,0,MISSING_DEPS - third-party imports absent,False,
biomni.tool.run_diffdock_with_smiles,run_diffdock_with_smiles,tool,Biomni,python,rcsb,True,1,ROUTABLE - equivalent live public source available,True,
origenemcp.tool.search_activity,search_activity,tool,OrigeneMCP,mcp,chembl,True,1,ROUTABLE - equivalent live public source available,True,
origenemcp.tool.search_molecule,search_molecule,tool,OrigeneMCP,mcp,chembl,True,1,ROUTABLE - equivalent live public source available,True,
origenemcp.tool.search_pubchem_by_smiles,search_pubchem_by_smiles,tool,OrigeneMCP,mcp,pubchem,True,1,ROUTABLE - equivalent live public source available,True,
origenemcp.tool.search_uniparc_entries,search_uniparc_entries,tool,OrigeneMCP,mcp,uniprot,True,1,ROUTABLE - equivalent live public source available,True,
origenemcp.tool.search_uniprotkb_entries,search_uniprotkb_entries,tool,OrigeneMCP,mcp,uniprot,True,1,ROUTABLE - equivalent live public source available,True,
origenemcp.tool.stream_uniparc_entries,stream_uniparc_entries,tool,OrigeneMCP,mcp,uniprot,True,1,ROUTABLE - equivalent live public source available,True,
origenemcp.tool.stream_uniprotkb_entries,stream_uniprotkb_entries,tool,OrigeneMCP,mcp,uniprot,True,1,ROUTABLE - equivalent live public source available,True,
origenemcp.tool.substructure_info,substructure_info,tool,OrigeneMCP,mcp,chembl,True,1,ROUTABLE - equivalent live public source available,True,
origenemcp.tool.get_associated_diseases_by_drug_chemblid,get_associated_diseases_by_drug_chemblId,tool,OrigeneMCP,mcp,chembl;clinicaltrials;opentargets,True,3,ROUTABLE - equivalent live public source available,True,
origenemcp.tool.get_associated_diseases_by_drug_name,get_associated_diseases_by_drug_name,tool,OrigeneMCP,mcp,clinicaltrials;openfda;opentargets,True,3,ROUTABLE - equivalent live public source available,True,
origenemcp.tool.get_associated_drugs_by_target_ensemblid,get_associated_drugs_by_target_ensemblID,tool,OrigeneMCP,mcp,ensembl;clinicaltrials;opentargets,True,3,ROUTABLE - equivalent live public source available,True,
origenemcp.tool.get_associated_drugs_by_target_name,get_associated_drugs_by_target_name,tool,OrigeneMCP,mcp,clinicaltrials;openfda;opentargets,True,3,ROUTABLE - equivalent live public source available,True,
origenemcp.tool.get_drug_description_by_chemblid,get_drug_description_by_chemblId,tool,OrigeneMCP,mcp,chembl;clinicaltrials;opentargets,True,3,ROUTABLE - equivalent live public source available,True,
origenemcp.tool.get_drug_indications_by_chemblid,get_drug_indications_by_chemblId,tool,OrigeneMCP,mcp,chembl;clinicaltrials;opentargets,True,3,ROUTABLE - equivalent live public source available,True,
origenemcp.tool.get_drug_interactions_by_drug_name,get_drug_interactions_by_drug_name,tool,OrigeneMCP,mcp,openfda,True,1,ROUTABLE - equivalent live public source available,True,
origenemcp.tool.get_drug_names_by_general_precautions,get_drug_names_by_general_precautions,tool,OrigeneMCP,mcp,openfda,True,1,ROUTABLE - equivalent live public source available,True,
origenemcp.tool.get_drug_names_by_geriatric_use,get_drug_names_by_geriatric_use,tool,OrigeneMCP,mcp,clinicaltrials;openfda,True,2,ROUTABLE - equivalent live public source available,True,
origenemcp.tool.get_drug_names_by_medication_guide,get_drug_names_by_medication_guide,tool,OrigeneMCP,mcp,openfda,True,1,ROUTABLE - equivalent live public source available,True,
origenemcp.tool.get_drug_names_by_pharmacokinetics,get_drug_names_by_pharmacokinetics,tool,OrigeneMCP,mcp,openfda,True,1,ROUTABLE - equivalent live public source available,True,
origenemcp.tool.get_drug_names_by_population_use,get_drug_names_by_population_use,tool,OrigeneMCP,mcp,openfda,True,1,ROUTABLE - equivalent live public source available,True,
origenemcp.tool.get_general_precautions_by_drug_name,get_general_precautions_by_drug_name,tool,OrigeneMCP,mcp,openfda,True,1,ROUTABLE - equivalent live public source available,True,
origenemcp.tool.get_geriatric_use_info_by_drug_name,get_geriatric_use_info_by_drug_name,tool,OrigeneMCP,mcp,openfda,True,1,ROUTABLE - equivalent live public source available,True,
origenemcp.tool.get_info_for_patients_by_drug_name,get_info_for_patients_by_drug_name,tool,OrigeneMCP,mcp,openfda,True,1,ROUTABLE - equivalent live public source available,True,
origenemcp.tool.get_info_on_conditions_for_doctor_consultation_by_drug_name,get_info_on_conditions_for_doctor_consultation_by_drug_name,tool,OrigeneMCP,mcp,openfda,True,1,ROUTABLE - equivalent live public source available,True,
origenemcp.tool.get_known_drugs_by_drug_chemblid,get_known_drugs_by_drug_chemblId,tool,OrigeneMCP,mcp,chembl;clinicaltrials;opentargets,True,3,ROUTABLE - equivalent live public source available,True,
origenemcp.tool.get_medication_guide_info_by_drug_name,get_medication_guide_info_by_drug_name,tool,OrigeneMCP,mcp,openfda,True,1,ROUTABLE - equivalent live public source available,True,
origenemcp.tool.get_patient_package_insert_from_drug_name,get_patient_package_insert_from_drug_name,tool,OrigeneMCP,mcp,openfda,True,1,ROUTABLE - equivalent live public source available,True,
origenemcp.tool.get_pharmacokinetics_by_drug_name,get_pharmacokinetics_by_drug_name,tool,OrigeneMCP,mcp,openfda,True,1,ROUTABLE - equivalent live public source available,True,
origenemcp.tool.get_reference_info_by_drug_name,get_reference_info_by_drug_name,tool,OrigeneMCP,mcp,openfda,True,1,ROUTABLE - equivalent live public source available,True,
origenemcp.tool.get_studies,get_studies,tool,OrigeneMCP,mcp,clinicaltrials,True,1,ROUTABLE - equivalent live public source available,True,
origenemcp.tool.get_study,get_study,tool,OrigeneMCP,mcp,clinicaltrials,True,1,ROUTABLE - equivalent live public source available,True,
biomni.tool.query_cbioportal,query_cbioportal,tool,Biomni,python,,False,0,MISSING_UPSTREAM - upstream package not installed,False,
origenemcp.tool.retrieve_drug_names_by_patient_medication_info,retrieve_drug_names_by_patient_medication_info,tool,OrigeneMCP,mcp,openfda,True,1,ROUTABLE - equivalent live public source available,True,
origenemcp.tool.retrieve_patient_medication_info_by_drug_name,retrieve_patient_medication_info_by_drug_name,tool,OrigeneMCP,mcp,openfda,True,1,ROUTABLE - equivalent live public source available,True,
stella.tool.tcga_survival_analysis,tcga_survival_analysis,tool,STELLA,python,,False,0,MISSING_DEPS - third-party imports absent,False,
origenemcp.tool.callagent,CallAgent,tool,OrigeneMCP,subprocess,clinicaltrials,True,1,ROUTABLE - equivalent live public source available,True,
origenemcp.tool.finish,Finish,tool,OrigeneMCP,subprocess,,False,0,"NEEDS_UPSTREAM_CHECKOUT - federated, project not installed",False,
origenemcp.tool.tool_rag,Tool_RAG,tool,OrigeneMCP,mcp,,False,0,NEEDS_DISPATCHER - MCP client not bound,False,
stella.tool.analyze_query_and_load_relevant_tools,analyze_query_and_load_relevant_tools,tool,STELLA,python,,False,0,MISSING_DEPS - third-party imports absent,False,
genomas.tool.apply_gene_mapping,apply_gene_mapping,tool,GenoMAS,python,,False,0,MISSING_UPSTREAM - upstream package not installed,False,
biomedarena.tool.bindingdb_ligands,bindingdb_ligands,tool,BioMedArena,python,,False,0,MISSING_DEPS - third-party imports absent,False,
biomedarena.tool.biobankjapan_phewas,biobankjapan_phewas,tool,BioMedArena,python,,False,0,MISSING_DEPS - third-party imports absent,False,
biomedarena.tool.biorxiv_request,biorxiv_request,tool,BioMedArena,python,,False,0,MISSING_DEPS - third-party imports absent,False,
stella.tool.biosecurity_alignment_guard,biosecurity_alignment_guard,tool,STELLA,python,,False,0,MISSING_DEPS - third-party imports absent,False,
biomedarena.tool.biostudies_request,biostudies_request,tool,BioMedArena,python,,False,0,MISSING_DEPS - third-party imports absent,False,
biomni.tool.blast_sequence,blast_sequence,tool,Biomni,python,ncbi_eutils,True,1,ROUTABLE - equivalent live public source available,True,
stella.tool.build_manager_tools,build_manager_tools,tool,STELLA,python,,False,0,MISSING_DEPS - third-party imports absent,False,
agentomics.tool.build_plots_for_split,build_plots_for_split,tool,Agentomics,python,,False,0,MISSING_DEPS - third-party imports absent,False,
genomas.tool.build_synonym_dict,build_synonym_dict,tool,GenoMAS,python,,False,0,MISSING_UPSTREAM - upstream package not installed,False,
stella.tool.cancer_biomarkers_search,cancer_biomarkers_search,tool,STELLA,python,,False,0,MISSING_DEPS - third-party imports absent,False,
crispr-gpt.tool.chat_respond,chat_respond,tool,CRISPR-GPT,subprocess,,False,0,"NEEDS_UPSTREAM_CHECKOUT - federated, project not installed",False,
biomedarena.tool.chebi_lookup,chebi_lookup,tool,BioMedArena,python,,False,0,MISSING_DEPS - third-party imports absent,False,
stella.tool.check_conda_env,check_conda_env,tool,STELLA,python,,False,0,MISSING_DEPS - third-party imports absent,False,
agentomics.tool.check_dataset,check_dataset,tool,Agentomics,python,,False,0,MISSING_DEPS - third-party imports absent,False,
crispr-gpt.tool.check_human_heritable_editing,check_human_heritable_editing,tool,CRISPR-GPT,subprocess,,False,0,"NEEDS_UPSTREAM_CHECKOUT - federated, project not installed",False,
crispr-gpt.tool.check_stopping_keywords,check_stopping_keywords,tool,CRISPR-GPT,subprocess,,False,0,"NEEDS_UPSTREAM_CHECKOUT - federated, project not installed",False,
stella.tool.check_tools_for_task,check_tools_for_task,tool,STELLA,python,,False,0,MISSING_DEPS - third-party imports absent,False,
origenemcp.tool.check_virus_accessions,check_virus_accessions,tool,OrigeneMCP,mcp,ncbi_eutils,True,1,ROUTABLE - equivalent live public source available,True,
biomedarena.tool.civic_graphql,civic_graphql,tool,BioMedArena,python,,False,0,MISSING_DEPS - third-party imports absent,False,
origenemcp.tool.clinvar_find_single_mutation,clinvar_find_single_mutation,tool,OrigeneMCP,mcp,ncbi_eutils,True,1,ROUTABLE - equivalent live public source available,True,
origenemcp.tool.clinvar_get_best_refseqid_by_sequence,clinvar_get_best_refseqid_by_sequence,tool,OrigeneMCP,mcp,ncbi_eutils,True,1,ROUTABLE - equivalent live public source available,True,
origenemcp.tool.clinvar_query_sequence_variants,clinvar_query_sequence_variants,tool,OrigeneMCP,mcp,ncbi_eutils,True,1,ROUTABLE - equivalent live public source available,True,
crispr-gpt.tool.contains_identifiable_genes,contains_identifiable_genes,tool,CRISPR-GPT,subprocess,,False,0,"NEEDS_UPSTREAM_CHECKOUT - federated, project not installed",False,
stella.tool.coxpres_coexpression_search,coxpres_coexpression_search,tool,STELLA,python,clinicaltrials,True,1,ROUTABLE - equivalent live public source available,True,
agentomics.tool.create_bash_tool,create_bash_tool,tool,Agentomics,python,,False,0,MISSING_DEPS - third-party imports absent,False,
stella.tool.create_foldseek_database,create_foldseek_database,tool,STELLA,python,rcsb,True,1,ROUTABLE - equivalent live public source available,True,
agentomics.tool.create_replace_tool,create_replace_tool,tool,Agentomics,python,,False,0,MISSING_DEPS - third-party imports absent,False,
agentomics.tool.create_run_python_tool,create_run_python_tool,tool,Agentomics,python,,False,0,MISSING_DEPS - third-party imports absent,False,
agentomics.tool.create_tool,create_tool,tool,Agentomics,python,,False,0,MISSING_DEPS - third-party imports absent,False,
agentomics.tool.create_tools,create_tools,tool,Agentomics,python,,False,0,MISSING_DEPS - third-party imports absent,False,
agentomics.tool.create_write_python_tool,create_write_python_tool,tool,Agentomics,python,,False,0,MISSING_DEPS - third-party imports absent,False,
genomas.tool.cross_validation,cross_validation,tool,GenoMAS,python,,False,0,MISSING_DEPS - third-party imports absent,False,
origenemcp.tool.depmap_get_dependency,depmap_get_dependency,tool,OrigeneMCP,mcp,,False,0,NEEDS_DISPATCHER - MCP client not bound,False,
origenemcp.tool.depmap_get_expression,depmap_get_expression,tool,OrigeneMCP,mcp,,False,0,NEEDS_DISPATCHER - MCP client not bound,False,
origenemcp.tool.depmap_get_mutation,depmap_get_mutation,tool,OrigeneMCP,mcp,,False,0,NEEDS_DISPATCHER - MCP client not bound,False,
genomas.tool.detect_batch_effect,detect_batch_effect,tool,GenoMAS,python,,False,0,MISSING_DEPS - third-party imports absent,False,
agentomics.tool.display_metrics_table,display_metrics_table,tool,Agentomics,python,,False,0,MISSING_DEPS - third-party imports absent,False,
genomas.tool.display_running_average,display_running_average,tool,GenoMAS,python,,False,0,MISSING_DEPS - third-party imports absent,False,
agentomics.tool.does_file_contain_string,does_file_contain_string,tool,Agentomics,python,,False,0,MISSING_DEPS - third-party imports absent,False,
biomni.tool.download_synapse_data,download_synapse_data,tool,Biomni,python,,False,0,MISSING_UPSTREAM - upstream package not installed,False,
genomas.tool.download_trait_data,download_trait_data,tool,GenoMAS,python,ncbi_eutils,True,1,ROUTABLE - equivalent live public source available,True,
stella.tool.download_uniprot_seq,download_uniprot_seq,tool,STELLA,python,uniprot,True,1,ROUTABLE - equivalent live public source available,True,
stella.tool.drug_gene_network_search,drug_gene_network_search,tool,STELLA,python,,False,0,MISSING_DEPS - third-party imports absent,False,
stella.tool.embedding_check,embedding_check,tool,STELLA,python,,False,0,MISSING_DEPS - third-party imports absent,False,
biomedarena.tool.encode_request,encode_request,tool,BioMedArena,python,,False,0,MISSING_DEPS - third-party imports absent,False,
origenemcp.tool.ensembl_get_genes_by_band,ensembl_get_genes_by_band,tool,OrigeneMCP,mcp,ensembl,True,1,ROUTABLE - equivalent live public source available,True,
stella.tool.ensembl_paralog_search,ensembl_paralog_search,tool,STELLA,python,ensembl,True,1,ROUTABLE - equivalent live public source available,True,
biomedarena.tool.eqtl_catalogue_request,eqtl_catalogue_request,tool,BioMedArena,python,,False,0,MISSING_DEPS - third-party imports absent,False,
stella.tool.esm2_embedder,esm2_embedder,tool,STELLA,python,,False,0,MISSING_DEPS - third-party imports absent,False,
genomas.tool.evaluate_gene_selection,evaluate_gene_selection,tool,GenoMAS,python,,False,0,MISSING_DEPS - third-party imports absent,False,
stella.tool.evaluate_response,evaluate_response,tool,STELLA,python,,False,0,MISSING_DEPS - third-party imports absent,False,
stella.tool.execute_tools_in_parallel,execute_tools_in_parallel,tool,STELLA,python,,False,0,MISSING_DEPS - third-party imports absent,False,
stella.tool.export_skill_environment,export_skill_environment,tool,STELLA,python,,False,0,MISSING_DEPS - third-party imports absent,False,
stella.tool.extract_amino_acid_info,extract_amino_acid_info,tool,STELLA,python,,False,0,MISSING_DEPS - third-party imports absent,False,
cellagent.tool.extract_and_parse_json,extract_and_parse_json,tool,CellAgent,subprocess,,False,0,"NEEDS_UPSTREAM_CHECKOUT - federated, project not installed",False,
biomedagent.tool.extract_function,extract_function,tool,BioMedAgent,subprocess,clinicaltrials,True,1,ROUTABLE - equivalent live public source available,True,
genomas.tool.extract_human_gene_symbols,extract_human_gene_symbols,tool,GenoMAS,python,ncbi_eutils,True,1,ROUTABLE - equivalent live public source available,True,
crispr-gpt.tool.extract_info,extract_info,tool,CRISPR-GPT,subprocess,,False,0,"NEEDS_UPSTREAM_CHECKOUT - federated, project not installed",False,
stella.tool.extract_pocket,extract_pocket,tool,STELLA,python,,False,0,MISSING_DEPS - third-party imports absent,False,
biomedagent.tool.file_reader,file_reader,tool,BioMedAgent,subprocess,,False,0,"NEEDS_UPSTREAM_CHECKOUT - federated, project not installed",False,
genomas.tool.filter_and_rank_cohorts,filter_and_rank_cohorts,tool,GenoMAS,python,,False,0,MISSING_DEPS - third-party imports absent,False,
genomas.tool.filter_content_by_prefix,filter_content_by_prefix,tool,GenoMAS,python,,False,0,MISSING_UPSTREAM - upstream package not installed,False,
biomedarena.tool.finngen_phewas,finngen_phewas,tool,BioMedArena,python,,False,0,MISSING_DEPS - third-party imports absent,False,
robin.tool.format_assay_ideas,format_assay_ideas,tool,Robin,mcp,,False,0,NEEDS_DISPATCHER - MCP client not bound,False,
robin.tool.format_candidate_ideas,format_candidate_ideas,tool,Robin,mcp,,False,0,NEEDS_DISPATCHER - MCP client not bound,False,
stella.tool.gene_burden_search,gene_burden_search,tool,STELLA,python,,False,0,MISSING_DEPS - third-party imports absent,False,
genomas.tool.gene_f1,gene_f1,tool,GenoMAS,python,,False,0,MISSING_DEPS - third-party imports absent,False,
genomas.tool.gene_jaccard,gene_jaccard,tool,GenoMAS,python,,False,0,MISSING_DEPS - third-party imports absent,False,
genomas.tool.gene_precision,gene_precision,tool,GenoMAS,python,,False,0,MISSING_DEPS - third-party imports absent,False,
genomas.tool.gene_recall,gene_recall,tool,GenoMAS,python,,False,0,MISSING_DEPS - third-party imports absent,False,
agentomics.tool.generate_breast_cancer_files,generate_breast_cancer_files,tool,Agentomics,python,,False,0,MISSING_DEPS - third-party imports absent,False,
genomas.tool.generate_for_agent,generate_for_agent,tool,GenoMAS,python,,False,0,MISSING_DEPS - third-party imports absent,False,
biomedagent.tool.generate_question_info,generate_question_info,tool,BioMedAgent,subprocess,,False,0,"NEEDS_UPSTREAM_CHECKOUT - federated, project not installed",False,
biomedagent.tool.generate_task_id,generate_task_id,tool,BioMedAgent,subprocess,,False,0,"NEEDS_UPSTREAM_CHECKOUT - federated, project not installed",False,
genomas.tool.geo_get_relevant_filepaths,geo_get_relevant_filepaths,tool,GenoMAS,python,ncbi_eutils,True,1,ROUTABLE - equivalent live public source available,True,
genomas.tool.geo_link_clinical_genetic_data,geo_link_clinical_genetic_data,tool,GenoMAS,python,,False,0,MISSING_UPSTREAM - upstream package not installed,False,
genomas.tool.geo_select_clinical_features,geo_select_clinical_features,tool,GenoMAS,python,ncbi_eutils,True,1,ROUTABLE - equivalent live public source available,True,
origenemcp.tool.get_hpo_id_by_phenotype,get_HPO_ID_by_phenotype,tool,OrigeneMCP,mcp,,False,0,NEEDS_DISPATCHER - MCP client not bound,False,
origenemcp.tool.get_abuse_info_by_drug_name,get_abuse_info_by_drug_name,tool,OrigeneMCP,mcp,openfda,True,1,ROUTABLE - equivalent live public source available,True,
origenemcp.tool.get_abuse_types_and_related_adverse_reactions_and_controlled_substance_status_by_drug_name,get_abuse_types_and_related_adverse_reactions_and_controlled_substance_status_by_drug_name,tool,OrigeneMCP,mcp,openfda,True,1,ROUTABLE - equivalent live public source available,True,
origenemcp.tool.get_accessories_info_by_drug_name,get_accessories_info_by_drug_name,tool,OrigeneMCP,mcp,openfda,True,1,ROUTABLE - equivalent live public source available,True,
biomedagent.tool.get_action_code,get_action_code,tool,BioMedAgent,subprocess,,False,0,"NEEDS_UPSTREAM_CHECKOUT - federated, project not installed",False,
origenemcp.tool.get_active_ingredient_application_number_manufacturer_name_ndc_number_administration_route_by_drug_name,get_active_ingredient_application_number_manufacturer_name_NDC_number_administration_route_by_drug_name,tool,OrigeneMCP,mcp,openfda,True,1,ROUTABLE - equivalent live public source available,True,
origenemcp.tool.get_active_ingredient_info_by_drug_name,get_active_ingredient_info_by_drug_name,tool,OrigeneMCP,mcp,openfda,True,1,ROUTABLE - equivalent live public source available,True,
origenemcp.tool.get_activity_by_id,get_activity_by_id,tool,OrigeneMCP,mcp,chembl,True,1,ROUTABLE - equivalent live public source available,True,
origenemcp.tool.get_activity_by_ids,get_activity_by_ids,tool,OrigeneMCP,mcp,chembl;clinicaltrials,True,2,ROUTABLE - equivalent live public source available,True,
origenemcp.tool.get_activity_supplementary_data_by_activity,get_activity_supplementary_data_by_activity,tool,OrigeneMCP,mcp,chembl,True,1,ROUTABLE - equivalent live public source available,True,
origenemcp.tool.get_activity_supplementary_data_by_activity_by_id,get_activity_supplementary_data_by_activity_by_id,tool,OrigeneMCP,mcp,chembl,True,1,ROUTABLE - equivalent live public source available,True,
origenemcp.tool.get_activity_supplementary_data_by_activity_by_ids,get_activity_supplementary_data_by_activity_by_ids,tool,OrigeneMCP,mcp,chembl,True,1,ROUTABLE - equivalent live public source available,True,
origenemcp.tool.get_adverse_reactions_by_drug_name,get_adverse_reactions_by_drug_name,tool,OrigeneMCP,mcp,openfda,True,1,ROUTABLE - equivalent live public source available,True,
origenemcp.tool.get_alarms_by_drug_name,get_alarms_by_drug_name,tool,OrigeneMCP,mcp,openfda,True,1,ROUTABLE - equivalent live public source available,True,
origenemcp.tool.get_all_interaction_partners_of_the_protein_set,get_all_interaction_partners_of_the_protein_set,tool,OrigeneMCP,mcp,string,True,1,ROUTABLE - equivalent live public source available,True,
stella.tool.get_all_task_ids,get_all_task_ids,tool,STELLA,python,,False,0,MISSING_DEPS - third-party imports absent,False,
origenemcp.tool.get_animal_pharmacology_info_by_drug_name,get_animal_pharmacology_info_by_drug_name,tool,OrigeneMCP,mcp,openfda,True,1,ROUTABLE - equivalent live public source available,True,
origenemcp.tool.get_approved_indications_by_drug_chemblid,get_approved_indications_by_drug_chemblId,tool,OrigeneMCP,mcp,chembl;opentargets,True,2,ROUTABLE - equivalent live public source available,True,
origenemcp.tool.get_archive_id,get_archive_id,tool,OrigeneMCP,mcp,ensembl,True,1,ROUTABLE - equivalent live public source available,True,
origenemcp.tool.get_assay,get_assay,tool,OrigeneMCP,mcp,chembl,True,1,ROUTABLE - equivalent live public source available,True,
origenemcp.tool.get_assay_by_id,get_assay_by_id,tool,OrigeneMCP,mcp,chembl,True,1,ROUTABLE - equivalent live public source available,True,
origenemcp.tool.get_assay_by_ids,get_assay_by_ids,tool,OrigeneMCP,mcp,chembl,True,1,ROUTABLE - equivalent live public source available,True,
origenemcp.tool.get_assay_class,get_assay_class,tool,OrigeneMCP,mcp,chembl,True,1,ROUTABLE - equivalent live public source available,True,
origenemcp.tool.get_assay_class_by_id,get_assay_class_by_id,tool,OrigeneMCP,mcp,chembl,True,1,ROUTABLE - equivalent live public source available,True,
origenemcp.tool.get_assay_class_by_ids,get_assay_class_by_ids,tool,OrigeneMCP,mcp,chembl,True,1,ROUTABLE - equivalent live public source available,True,
origenemcp.tool.get_assembly_installation_info_by_drug_name,get_assembly_installation_info_by_drug_name,tool,OrigeneMCP,mcp,openfda,True,1,ROUTABLE - equivalent live public source available,True,
origenemcp.tool.get_associated_diseases_phenotypes_by_target_ensemblid,get_associated_diseases_phenotypes_by_target_ensemblID,tool,OrigeneMCP,mcp,ensembl;opentargets,True,2,ROUTABLE - equivalent live public source available,True,
origenemcp.tool.get_associated_diseases_phenotypes_by_target_name,get_associated_diseases_phenotypes_by_target_name,tool,OrigeneMCP,mcp,openfda;opentargets,True,2,ROUTABLE - equivalent live public source available,True,
origenemcp.tool.get_associated_drugs_by_disease_efoid,get_associated_drugs_by_disease_efoId,tool,OrigeneMCP,mcp,opentargets,True,1,ROUTABLE - equivalent live public source available,True,
origenemcp.tool.get_associated_drugs_by_disease_name,get_associated_drugs_by_disease_name,tool,OrigeneMCP,mcp,openfda;opentargets,True,2,ROUTABLE - equivalent live public source available,True,
origenemcp.tool.get_associated_phenotypes_by_disease_efoid,get_associated_phenotypes_by_disease_efoId,tool,OrigeneMCP,mcp,opentargets,True,1,ROUTABLE - equivalent live public source available,True,
origenemcp.tool.get_associated_phenotypes_by_disease_name,get_associated_phenotypes_by_disease_name,tool,OrigeneMCP,mcp,openfda;opentargets,True,2,ROUTABLE - equivalent live public source available,True,
origenemcp.tool.get_associated_targets_by_disease_efoid,get_associated_targets_by_disease_efoId,tool,OrigeneMCP,mcp,opentargets,True,1,ROUTABLE - equivalent live public source available,True,
origenemcp.tool.get_associated_targets_by_disease_name,get_associated_targets_by_disease_name,tool,OrigeneMCP,mcp,openfda;opentargets,True,2,ROUTABLE - equivalent live public source available,True,
origenemcp.tool.get_associated_targets_by_drug_chemblid,get_associated_targets_by_drug_chemblId,tool,OrigeneMCP,mcp,ensembl;chembl;opentargets,True,3,ROUTABLE - equivalent live public source available,True,
origenemcp.tool.get_associated_targets_by_drug_name,get_associated_targets_by_drug_name,tool,OrigeneMCP,mcp,openfda;opentargets,True,2,ROUTABLE - equivalent live public source available,True,
origenemcp.tool.get_atc_class,get_atc_class,tool,OrigeneMCP,mcp,chembl,True,1,ROUTABLE - equivalent live public source available,True,
origenemcp.tool.get_atc_class_by_id,get_atc_class_by_id,tool,OrigeneMCP,mcp,chembl,True,1,ROUTABLE - equivalent live public source available,True,
origenemcp.tool.get_atc_class_by_ids,get_atc_class_by_ids,tool,OrigeneMCP,mcp,chembl,True,1,ROUTABLE - equivalent live public source available,True,
genomas.tool.get_background_and_clinical_data,get_background_and_clinical_data,tool,GenoMAS,python,,False,0,MISSING_UPSTREAM - upstream package not installed,False,
origenemcp.tool.get_best_similarity_hits_between_species,get_best_similarity_hits_between_species,tool,OrigeneMCP,mcp,,False,0,NEEDS_DISPATCHER - MCP client not bound,False,
origenemcp.tool.get_binding_site,get_binding_site,tool,OrigeneMCP,mcp,chembl,True,1,ROUTABLE - equivalent live public source available,True,
origenemcp.tool.get_binding_site_by_id,get_binding_site_by_id,tool,OrigeneMCP,mcp,chembl,True,1,ROUTABLE - equivalent live public source available,True,
origenemcp.tool.get_binding_site_by_ids,get_binding_site_by_ids,tool,OrigeneMCP,mcp,chembl,True,1,ROUTABLE - equivalent live public source available,True,
origenemcp.tool.get_biological_mouse_models_by_ensemblid,get_biological_mouse_models_by_ensemblID,tool,OrigeneMCP,mcp,ensembl;opentargets,True,2,ROUTABLE - equivalent live public source available,True,
origenemcp.tool.get_biological_mouse_models_by_target_name,get_biological_mouse_models_by_target_name,tool,OrigeneMCP,mcp,openfda;opentargets,True,2,ROUTABLE - equivalent live public source available,True,
origenemcp.tool.get_biosample_report,get_biosample_report,tool,OrigeneMCP,mcp,ncbi_eutils,True,1,ROUTABLE - equivalent live public source available,True,
origenemcp.tool.get_biotherapeutic,get_biotherapeutic,tool,OrigeneMCP,mcp,chembl,True,1,ROUTABLE - equivalent live public source available,True,
origenemcp.tool.get_boxed_warning_info_by_drug_name,get_boxed_warning_info_by_drug_name,tool,OrigeneMCP,mcp,openfda,True,1,ROUTABLE - equivalent live public source available,True,
origenemcp.tool.get_brand_name_generic_name,get_brand_name_generic_name,tool,OrigeneMCP,mcp,openfda,True,1,ROUTABLE - equivalent live public source available,True,
origenemcp.tool.get_cafe_genetree_id,get_cafe_genetree_id,tool,OrigeneMCP,mcp,ensembl;clinicaltrials,True,2,ROUTABLE - equivalent live public source available,True,
origenemcp.tool.get_cafe_genetree_member_id,get_cafe_genetree_member_id,tool,OrigeneMCP,mcp,ensembl,True,1,ROUTABLE - equivalent live public source available,True,
origenemcp.tool.get_cafe_genetree_member_symbol,get_cafe_genetree_member_symbol,tool,OrigeneMCP,mcp,ensembl,True,1,ROUTABLE - equivalent live public source available,True,
origenemcp.tool.get_calibration_instructions_by_drug_name,get_calibration_instructions_by_drug_name,tool,OrigeneMCP,mcp,openfda,True,1,ROUTABLE - equivalent live public source available,True,
origenemcp.tool.get_carcinogenic_mutagenic_fertility_impairment_info_by_drug_name,get_carcinogenic_mutagenic_fertility_impairment_info_by_drug_name,tool,OrigeneMCP,mcp,openfda,True,1,ROUTABLE - equivalent live public source available,True,
origenemcp.tool.get_cell_line,get_cell_line,tool,OrigeneMCP,mcp,chembl,True,1,ROUTABLE - equivalent live public source available,True,
origenemcp.tool.get_cell_line_by_ids,get_cell_line_by_ids,tool,OrigeneMCP,mcp,chembl,True,1,ROUTABLE - equivalent live public source available,True,
origenemcp.tool.get_chembl_id_lookup_by_id,get_chembl_id_lookup_by_id,tool,OrigeneMCP,mcp,chembl,True,1,ROUTABLE - equivalent live public source available,True,
origenemcp.tool.get_chembl_id_lookup_by_ids,get_chembl_id_lookup_by_ids,tool,OrigeneMCP,mcp,chembl,True,1,ROUTABLE - equivalent live public source available,True,
origenemcp.tool.get_chembl_release,get_chembl_release,tool,OrigeneMCP,mcp,chembl,True,1,ROUTABLE - equivalent live public source available,True,
origenemcp.tool.get_chembl_release_by_id,get_chembl_release_by_id,tool,OrigeneMCP,mcp,chembl,True,1,ROUTABLE - equivalent live public source available,True,
origenemcp.tool.get_chembl_release_by_ids,get_chembl_release_by_ids,tool,OrigeneMCP,mcp,chembl,True,1,ROUTABLE - equivalent live public source available,True,
origenemcp.tool.get_chemical_probes_by_target_ensemblid,get_chemical_probes_by_target_ensemblID,tool,OrigeneMCP,mcp,ensembl;opentargets,True,2,ROUTABLE - equivalent live public source available,True,
origenemcp.tool.get_chemical_probes_by_target_name,get_chemical_probes_by_target_name,tool,OrigeneMCP,mcp,openfda;opentargets,True,2,ROUTABLE - equivalent live public source available,True,
origenemcp.tool.get_child_safety_info_by_drug_name,get_child_safety_info_by_drug_name,tool,OrigeneMCP,mcp,openfda,True,1,ROUTABLE - equivalent live public source available,True,
origenemcp.tool.get_chromosome_summary,get_chromosome_summary,tool,OrigeneMCP,mcp,ncbi_eutils,True,1,ROUTABLE - equivalent live public source available,True,
origenemcp.tool.get_clinical_pharmacology_by_drug_name,get_clinical_pharmacology_by_drug_name,tool,OrigeneMCP,mcp,openfda,True,1,ROUTABLE - equivalent live public source available,True,
origenemcp.tool.get_clinical_studies_info_by_drug_name,get_clinical_studies_info_by_drug_name,tool,OrigeneMCP,mcp,openfda,True,1,ROUTABLE - equivalent live public source available,True,
biomedagent.tool.get_code_output,get_code_output,tool,BioMedAgent,subprocess,,False,0,"NEEDS_UPSTREAM_CHECKOUT - federated, project not installed",False,
origenemcp.tool.get_compound_by_cid,get_compound_by_cid,tool,OrigeneMCP,mcp,pubchem,True,1,ROUTABLE - equivalent live public source available,True,
origenemcp.tool.get_compound_by_name,get_compound_by_name,tool,OrigeneMCP,mcp,pubchem,True,1,ROUTABLE - equivalent live public source available,True,
origenemcp.tool.get_compound_chembl_id_by_name,get_compound_chembl_id_by_name,tool,OrigeneMCP,mcp,chembl,True,1,ROUTABLE - equivalent live public source available,True,
origenemcp.tool.get_compound_dict,get_compound_dict,tool,OrigeneMCP,mcp,pubchem,True,1,ROUTABLE - equivalent live public source available,True,
origenemcp.tool.get_compound_record,get_compound_record,tool,OrigeneMCP,mcp,chembl,True,1,ROUTABLE - equivalent live public source available,True,
origenemcp.tool.get_compound_record_by_id,get_compound_record_by_id,tool,OrigeneMCP,mcp,chembl;clinicaltrials,True,2,ROUTABLE - equivalent live public source available,True,
origenemcp.tool.get_compound_record_by_ids,get_compound_record_by_ids,tool,OrigeneMCP,mcp,chembl,True,1,ROUTABLE - equivalent live public source available,True,
origenemcp.tool.get_compound_structural_alert,get_compound_structural_alert,tool,OrigeneMCP,mcp,chembl,True,1,ROUTABLE - equivalent live public source available,True,
origenemcp.tool.get_compound_structural_alert_by_id,get_compound_structural_alert_by_id,tool,OrigeneMCP,mcp,chembl,True,1,ROUTABLE - equivalent live public source available,True,
origenemcp.tool.get_compound_structural_alert_by_ids,get_compound_structural_alert_by_ids,tool,OrigeneMCP,mcp,chembl,True,1,ROUTABLE - equivalent live public source available,True,
origenemcp.tool.get_compound_synonyms_by_name,get_compound_synonyms_by_name,tool,OrigeneMCP,mcp,pubchem,True,1,ROUTABLE - equivalent live public source available,True,
origenemcp.tool.get_compounds_3d,get_compounds_3d,tool,OrigeneMCP,mcp,pubchem,True,1,ROUTABLE - equivalent live public source available,True,
origenemcp.tool.get_compounds_dict,get_compounds_dict,tool,OrigeneMCP,mcp,pubchem,True,1,ROUTABLE - equivalent live public source available,True,
origenemcp.tool.get_conformers_by_cid,get_conformers_by_cid,tool,OrigeneMCP,mcp,pubchem,True,1,ROUTABLE - equivalent live public source available,True,
origenemcp.tool.get_contact_for_questions_info_by_drug_name,get_contact_for_questions_info_by_drug_name,tool,OrigeneMCP,mcp,openfda,True,1,ROUTABLE - equivalent live public source available,True,
origenemcp.tool.get_contraindications_by_drug_name,get_contraindications_by_drug_name,tool,OrigeneMCP,mcp,openfda,True,1,ROUTABLE - equivalent live public source available,True,
origenemcp.tool.get_controlled_substance_dea_schedule_info_by_drug_name,get_controlled_substance_DEA_schedule_info_by_drug_name,tool,OrigeneMCP,mcp,openfda,True,1,ROUTABLE - equivalent live public source available,True,
stella.tool.get_cur_time,get_cur_time,tool,STELLA,python,,False,0,MISSING_DEPS - third-party imports absent,False,
origenemcp.tool.get_dear_health_care_provider_letter_info_by_drug_name,get_dear_health_care_provider_letter_info_by_drug_name,tool,OrigeneMCP,mcp,openfda,True,1,ROUTABLE - equivalent live public source available,True,
origenemcp.tool.get_description_by_aid,get_description_by_aid,tool,OrigeneMCP,mcp,pubchem,True,1,ROUTABLE - equivalent live public source available,True,
origenemcp.tool.get_description_by_cid,get_description_by_cid,tool,OrigeneMCP,mcp,pubchem,True,1,ROUTABLE - equivalent live public source available,True,
origenemcp.tool.get_description_by_sid,get_description_by_sid,tool,OrigeneMCP,mcp,pubchem,True,1,ROUTABLE - equivalent live public source available,True,
origenemcp.tool.get_disease_ancestors_parents_by_efoid,get_disease_ancestors_parents_by_efoId,tool,OrigeneMCP,mcp,opentargets,True,1,ROUTABLE - equivalent live public source available,True,
origenemcp.tool.get_disease_ancestors_parents_by_name,get_disease_ancestors_parents_by_name,tool,OrigeneMCP,mcp,openfda;opentargets,True,2,ROUTABLE - equivalent live public source available,True,
origenemcp.tool.get_disease_descendants_children_by_efoid,get_disease_descendants_children_by_efoId,tool,OrigeneMCP,mcp,opentargets,True,1,ROUTABLE - equivalent live public source available,True,
origenemcp.tool.get_disease_descendants_children_by_name,get_disease_descendants_children_by_name,tool,OrigeneMCP,mcp,openfda;opentargets,True,2,ROUTABLE - equivalent live public source available,True,
origenemcp.tool.get_disease_description_by_efoid,get_disease_description_by_efoId,tool,OrigeneMCP,mcp,clinicaltrials;opentargets,True,2,ROUTABLE - equivalent live public source available,True,
origenemcp.tool.get_disease_description_by_name,get_disease_description_by_name,tool,OrigeneMCP,mcp,openfda;opentargets,True,2,ROUTABLE - equivalent live public source available,True,
origenemcp.tool.get_disease_efo_id,get_disease_efo_id,tool,OrigeneMCP,mcp,openfda;opentargets,True,2,ROUTABLE - equivalent live public source available,True,
origenemcp.tool.get_disease_id_description_by_name,get_disease_id_description_by_name,tool,OrigeneMCP,mcp,opentargets,True,1,ROUTABLE - equivalent live public source available,True,
origenemcp.tool.get_disease_locations_by_efoid,get_disease_locations_by_efoId,tool,OrigeneMCP,mcp,clinicaltrials;opentargets,True,2,ROUTABLE - equivalent live public source available,True,
origenemcp.tool.get_disease_locations_by_name,get_disease_locations_by_name,tool,OrigeneMCP,mcp,openfda;opentargets,True,2,ROUTABLE - equivalent live public source available,True,
origenemcp.tool.get_disease_synonyms_by_efoid,get_disease_synonyms_by_efoId,tool,OrigeneMCP,mcp,opentargets,True,1,ROUTABLE - equivalent live public source available,True,
origenemcp.tool.get_disease_synonyms_by_name,get_disease_synonyms_by_name,tool,OrigeneMCP,mcp,openfda;opentargets,True,2,ROUTABLE - equivalent live public source available,True,
origenemcp.tool.get_disease_therapeutic_areas_by_efoid,get_disease_therapeutic_areas_by_efoId,tool,OrigeneMCP,mcp,opentargets,True,1,ROUTABLE - equivalent live public source available,True,
origenemcp.tool.get_disease_therapeutic_areas_by_name,get_disease_therapeutic_areas_by_name,tool,OrigeneMCP,mcp,openfda;opentargets,True,2,ROUTABLE - equivalent live public source available,True,
origenemcp.tool.get_disposal_info_by_drug_name,get_disposal_info_by_drug_name,tool,OrigeneMCP,mcp,openfda,True,1,ROUTABLE - equivalent live public source available,True,
origenemcp.tool.get_do_not_use_info_by_drug_name,get_do_not_use_info_by_drug_name,tool,OrigeneMCP,mcp,openfda,True,1,ROUTABLE - equivalent live public source available,True,
origenemcp.tool.get_document,get_document,tool,OrigeneMCP,mcp,chembl,True,1,ROUTABLE - equivalent live public source available,True,
origenemcp.tool.get_document_by_id,get_document_by_id,tool,OrigeneMCP,mcp,chembl,True,1,ROUTABLE - equivalent live public source available,True,
origenemcp.tool.get_document_by_ids,get_document_by_ids,tool,OrigeneMCP,mcp,chembl,True,1,ROUTABLE - equivalent live public source available,True,
origenemcp.tool.get_document_id_by_drug_name,get_document_id_by_drug_name,tool,OrigeneMCP,mcp,openfda,True,1,ROUTABLE - equivalent live public source available,True,
origenemcp.tool.get_document_similarity,get_document_similarity,tool,OrigeneMCP,mcp,chembl,True,1,ROUTABLE - equivalent live public source available,True,
origenemcp.tool.get_document_similarity_by_id,get_document_similarity_by_id,tool,OrigeneMCP,mcp,chembl,True,1,ROUTABLE - equivalent live public source available,True,
origenemcp.tool.get_document_similarity_by_ids,get_document_similarity_by_ids,tool,OrigeneMCP,mcp,chembl,True,1,ROUTABLE - equivalent live public source available,True,
origenemcp.tool.get_dosage_and_storage_information_by_drug_name,get_dosage_and_storage_information_by_drug_name,tool,OrigeneMCP,mcp,openfda,True,1,ROUTABLE - equivalent live public source available,True,
origenemcp.tool.get_dosage_forms_and_strengths_by_drug_name,get_dosage_forms_and_strengths_by_drug_name,tool,OrigeneMCP,mcp,openfda,True,1,ROUTABLE - equivalent live public source available,True,
origenemcp.tool.get_drug,get_drug,tool,OrigeneMCP,mcp,chembl,True,1,ROUTABLE - equivalent live public source available,True,
origenemcp.tool.get_drug_adverse_events_by_chemblid,get_drug_adverse_events_by_chemblId,tool,OrigeneMCP,mcp,chembl;openfda;opentargets,True,3,ROUTABLE - equivalent live public source available,True,
origenemcp.tool.get_drug_approval_status_by_chemblid,get_drug_approval_status_by_chemblId,tool,OrigeneMCP,mcp,chembl;opentargets,True,2,ROUTABLE - equivalent live public source available,True,
origenemcp.tool.get_drug_chembl_id_by_name,get_drug_chembl_id_by_name,tool,OrigeneMCP,mcp,chembl;openfda;opentargets,True,3,ROUTABLE - equivalent live public source available,True,
origenemcp.tool.get_drug_generic_name,get_drug_generic_name,tool,OrigeneMCP,mcp,openfda,True,1,ROUTABLE - equivalent live public source available,True,
origenemcp.tool.get_drug_id_description_by_name,get_drug_id_description_by_name,tool,OrigeneMCP,mcp,chembl;opentargets,True,2,ROUTABLE - equivalent live public source available,True,
origenemcp.tool.get_drug_indication_by_id,get_drug_indication_by_id,tool,OrigeneMCP,mcp,chembl,True,1,ROUTABLE - equivalent live public source available,True,
origenemcp.tool.get_drug_indication_by_ids,get_drug_indication_by_ids,tool,OrigeneMCP,mcp,chembl,True,1,ROUTABLE - equivalent live public source available,True,
origenemcp.tool.get_drug_mechanisms_of_action_by_chemblid,get_drug_mechanisms_of_action_by_chemblId,tool,OrigeneMCP,mcp,ensembl;chembl;opentargets,True,3,ROUTABLE - equivalent live public source available,True,
origenemcp.tool.get_drug_mechanisms_of_action_by_name,get_drug_mechanisms_of_action_by_name,tool,OrigeneMCP,mcp,openfda;opentargets,True,2,ROUTABLE - equivalent live public source available,True,
origenemcp.tool.get_drug_name_by_adverse_reaction,get_drug_name_by_adverse_reaction,tool,OrigeneMCP,mcp,openfda,True,1,ROUTABLE - equivalent live public source available,True,
origenemcp.tool.get_drug_name_by_application_number_nui_identifier_spl_document_id_spl_set_id,get_drug_name_by_application_number_NUI_identifier_SPL_document_ID_SPL_set_ID,tool,OrigeneMCP,mcp,openfda,True,1,ROUTABLE - equivalent live public source available,True,
origenemcp.tool.get_drug_name_by_dependence_info,get_drug_name_by_dependence_info,tool,OrigeneMCP,mcp,openfda,True,1,ROUTABLE - equivalent live public source available,True,
origenemcp.tool.get_drug_name_by_dosage_info,get_drug_name_by_dosage_info,tool,OrigeneMCP,mcp,openfda,True,1,ROUTABLE - equivalent live public source available,True,
origenemcp.tool.get_drug_name_by_labor_and_delivery_info,get_drug_name_by_labor_and_delivery_info,tool,OrigeneMCP,mcp,openfda,True,1,ROUTABLE - equivalent live public source available,True,
origenemcp.tool.get_drug_name_by_microbiology,get_drug_name_by_microbiology,tool,OrigeneMCP,mcp,openfda,True,1,ROUTABLE - equivalent live public source available,True,
origenemcp.tool.get_drug_name_by_pharmacodynamics,get_drug_name_by_pharmacodynamics,tool,OrigeneMCP,mcp,openfda,True,1,ROUTABLE - equivalent live public source available,True,
origenemcp.tool.get_drug_name_by_pregnancy_or_breastfeeding_info,get_drug_name_by_pregnancy_or_breastfeeding_info,tool,OrigeneMCP,mcp,openfda,True,1,ROUTABLE - equivalent live public source available,True,
origenemcp.tool.get_drug_name_by_set_id,get_drug_name_by_set_id,tool,OrigeneMCP,mcp,openfda,True,1,ROUTABLE - equivalent live public source available,True,
origenemcp.tool.get_drug_name_by_storage_and_handling_info,get_drug_name_by_storage_and_handling_info,tool,OrigeneMCP,mcp,openfda,True,1,ROUTABLE - equivalent live public source available,True,
origenemcp.tool.get_drug_name_by_warnings,get_drug_name_by_warnings,tool,OrigeneMCP,mcp,openfda;opentargets,True,2,ROUTABLE - equivalent live public source available,True,
origenemcp.tool.get_drug_names_by_abuse_info,get_drug_names_by_abuse_info,tool,OrigeneMCP,mcp,openfda,True,1,ROUTABLE - equivalent live public source available,True,
origenemcp.tool.get_drug_names_by_accessories,get_drug_names_by_accessories,tool,OrigeneMCP,mcp,openfda,True,1,ROUTABLE - equivalent live public source available,True,
origenemcp.tool.get_drug_names_by_active_ingredient,get_drug_names_by_active_ingredient,tool,OrigeneMCP,mcp,openfda,True,1,ROUTABLE - equivalent live public source available,True,
origenemcp.tool.get_drug_names_by_alarm,get_drug_names_by_alarm,tool,OrigeneMCP,mcp,openfda,True,1,ROUTABLE - equivalent live public source available,True,
origenemcp.tool.get_drug_names_by_animal_pharmacology_info,get_drug_names_by_animal_pharmacology_info,tool,OrigeneMCP,mcp,openfda,True,1,ROUTABLE - equivalent live public source available,True,
origenemcp.tool.get_drug_names_by_application_number_manufacturer_name_ndc_number,get_drug_names_by_application_number_manufacturer_name_NDC_number,tool,OrigeneMCP,mcp,openfda,True,1,ROUTABLE - equivalent live public source available,True,
origenemcp.tool.get_drug_names_by_assembly_installation_info,get_drug_names_by_assembly_installation_info,tool,OrigeneMCP,mcp,openfda,True,1,ROUTABLE - equivalent live public source available,True,
origenemcp.tool.get_drug_names_by_boxed_warning,get_drug_names_by_boxed_warning,tool,OrigeneMCP,mcp,openfda,True,1,ROUTABLE - equivalent live public source available,True,
origenemcp.tool.get_drug_names_by_carcinogenic_mutagenic_fertility_impairment_info,get_drug_names_by_carcinogenic_mutagenic_fertility_impairment_info,tool,OrigeneMCP,mcp,openfda,True,1,ROUTABLE - equivalent live public source available,True,
origenemcp.tool.get_drug_names_by_child_safety_info,get_drug_names_by_child_safety_info,tool,OrigeneMCP,mcp,openfda,True,1,ROUTABLE - equivalent live public source available,True,
origenemcp.tool.get_drug_names_by_clinical_pharmacology,get_drug_names_by_clinical_pharmacology,tool,OrigeneMCP,mcp,openfda,True,1,ROUTABLE - equivalent live public source available,True,
origenemcp.tool.get_drug_names_by_clinical_studies,get_drug_names_by_clinical_studies,tool,OrigeneMCP,mcp,openfda,True,1,ROUTABLE - equivalent live public source available,True,
origenemcp.tool.get_drug_names_by_contraindications,get_drug_names_by_contraindications,tool,OrigeneMCP,mcp,openfda,True,1,ROUTABLE - equivalent live public source available,True,
origenemcp.tool.get_drug_names_by_controlled_substance_dea_schedule,get_drug_names_by_controlled_substance_DEA_schedule,tool,OrigeneMCP,mcp,openfda,True,1,ROUTABLE - equivalent live public source available,True,
origenemcp.tool.get_drug_names_by_dear_health_care_provider_letter_info,get_drug_names_by_dear_health_care_provider_letter_info,tool,OrigeneMCP,mcp,openfda,True,1,ROUTABLE - equivalent live public source available,True,
origenemcp.tool.get_drug_names_by_disposal_info,get_drug_names_by_disposal_info,tool,OrigeneMCP,mcp,openfda,True,1,ROUTABLE - equivalent live public source available,True,
origenemcp.tool.get_drug_names_by_dosage_forms_and_strengths_info,get_drug_names_by_dosage_forms_and_strengths_info,tool,OrigeneMCP,mcp,openfda,True,1,ROUTABLE - equivalent live public source available,True,
origenemcp.tool.get_drug_names_by_drug_interactions,get_drug_names_by_drug_interactions,tool,OrigeneMCP,mcp,openfda,True,1,ROUTABLE - equivalent live public source available,True,
origenemcp.tool.get_drug_names_by_effective_time,get_drug_names_by_effective_time,tool,OrigeneMCP,mcp,openfda,True,1,ROUTABLE - equivalent live public source available,True,
origenemcp.tool.get_drug_names_by_food_safety_warnings,get_drug_names_by_food_safety_warnings,tool,OrigeneMCP,mcp,openfda,True,1,ROUTABLE - equivalent live public source available,True,
origenemcp.tool.get_drug_names_by_health_claim,get_drug_names_by_health_claim,tool,OrigeneMCP,mcp,openfda,True,1,ROUTABLE - equivalent live public source available,True,
origenemcp.tool.get_drug_names_by_indication,get_drug_names_by_indication,tool,OrigeneMCP,mcp,openfda,True,1,ROUTABLE - equivalent live public source available,True,
origenemcp.tool.get_drug_names_by_info_for_nursing_mothers,get_drug_names_by_info_for_nursing_mothers,tool,OrigeneMCP,mcp,openfda,True,1,ROUTABLE - equivalent live public source available,True,
origenemcp.tool.get_drug_names_by_info_on_consulting_doctor_pharmacist_for_drug_interactions,get_drug_names_by_info_on_consulting_doctor_pharmacist_for_drug_interactions,tool,OrigeneMCP,mcp,openfda,True,1,ROUTABLE - equivalent live public source available,True,
origenemcp.tool.get_drug_names_by_information_for_owners_or_caregivers,get_drug_names_by_information_for_owners_or_caregivers,tool,OrigeneMCP,mcp,openfda,True,1,ROUTABLE - equivalent live public source available,True,
origenemcp.tool.get_drug_names_by_ingredient,get_drug_names_by_ingredient,tool,OrigeneMCP,mcp,openfda,True,1,ROUTABLE - equivalent live public source available,True,
origenemcp.tool.get_drug_names_by_instructions_for_use,get_drug_names_by_instructions_for_use,tool,OrigeneMCP,mcp,openfda,True,1,ROUTABLE - equivalent live public source available,True,
origenemcp.tool.get_drug_names_by_lab_test_interference,get_drug_names_by_lab_test_interference,tool,OrigeneMCP,mcp,openfda,True,1,ROUTABLE - equivalent live public source available,True,
origenemcp.tool.get_drug_names_by_lab_tests,get_drug_names_by_lab_tests,tool,OrigeneMCP,mcp,openfda,True,1,ROUTABLE - equivalent live public source available,True,
origenemcp.tool.get_drug_names_by_mechanism_of_action,get_drug_names_by_mechanism_of_action,tool,OrigeneMCP,mcp,openfda,True,1,ROUTABLE - equivalent live public source available,True,
origenemcp.tool.get_drug_names_by_nonclinical_toxicology_info,get_drug_names_by_nonclinical_toxicology_info,tool,OrigeneMCP,mcp,openfda,True,1,ROUTABLE - equivalent live public source available,True,
origenemcp.tool.get_drug_names_by_nonteratogenic_effects,get_drug_names_by_nonteratogenic_effects,tool,OrigeneMCP,mcp,openfda,True,1,ROUTABLE - equivalent live public source available,True,
origenemcp.tool.get_drug_names_by_overdosage_info,get_drug_names_by_overdosage_info,tool,OrigeneMCP,mcp,openfda,True,1,ROUTABLE - equivalent live public source available,True,
origenemcp.tool.get_drug_names_by_pediatric_use,get_drug_names_by_pediatric_use,tool,OrigeneMCP,mcp,openfda,True,1,ROUTABLE - equivalent live public source available,True,
origenemcp.tool.get_drug_names_by_pregnancy_effects_info,get_drug_names_by_pregnancy_effects_info,tool,OrigeneMCP,mcp,openfda,True,1,ROUTABLE - equivalent live public source available,True,
origenemcp.tool.get_drug_names_by_residue_warning,get_drug_names_by_residue_warning,tool,OrigeneMCP,mcp,openfda,True,1,ROUTABLE - equivalent live public source available,True,
origenemcp.tool.get_drug_names_by_risk,get_drug_names_by_risk,tool,OrigeneMCP,mcp,openfda,True,1,ROUTABLE - equivalent live public source available,True,
origenemcp.tool.get_drug_names_by_route,get_drug_names_by_route,tool,OrigeneMCP,mcp,openfda,True,1,ROUTABLE - equivalent live public source available,True,
origenemcp.tool.get_drug_names_by_safe_handling_warning,get_drug_names_by_safe_handling_warning,tool,OrigeneMCP,mcp,openfda,True,1,ROUTABLE - equivalent live public source available,True,
origenemcp.tool.get_drug_names_by_safety_summary,get_drug_names_by_safety_summary,tool,OrigeneMCP,mcp,openfda,True,1,ROUTABLE - equivalent live public source available,True,
origenemcp.tool.get_drug_names_by_spl_indexing_data_elements,get_drug_names_by_spl_indexing_data_elements,tool,OrigeneMCP,mcp,openfda,True,1,ROUTABLE - equivalent live public source available,True,
origenemcp.tool.get_drug_names_by_teratogenic_effects,get_drug_names_by_teratogenic_effects,tool,OrigeneMCP,mcp,openfda,True,1,ROUTABLE - equivalent live public source available,True,
origenemcp.tool.get_drug_names_by_warnings_and_cautions,get_drug_names_by_warnings_and_cautions,tool,OrigeneMCP,mcp,openfda,True,1,ROUTABLE - equivalent live public source available,True,
origenemcp.tool.get_drug_synonyms_by_chemblid,get_drug_synonyms_by_chemblId,tool,OrigeneMCP,mcp,chembl;opentargets,True,2,ROUTABLE - equivalent live public source available,True,
origenemcp.tool.get_drug_trade_names_by_chemblid,get_drug_trade_names_by_chemblId,tool,OrigeneMCP,mcp,chembl;opentargets,True,2,ROUTABLE - equivalent live public source available,True,
origenemcp.tool.get_drug_warning_id,get_drug_warning_id,tool,OrigeneMCP,mcp,chembl,True,1,ROUTABLE - equivalent live public source available,True,
origenemcp.tool.get_drug_warning_ids,get_drug_warning_ids,tool,OrigeneMCP,mcp,chembl,True,1,ROUTABLE - equivalent live public source available,True,
origenemcp.tool.get_drug_warnings_by_chemblid,get_drug_warnings_by_chemblId,tool,OrigeneMCP,mcp,chembl;opentargets,True,2,ROUTABLE - equivalent live public source available,True,
origenemcp.tool.get_drug_withdrawn_blackbox_status_by_chemblid,get_drug_withdrawn_blackbox_status_by_chemblId,tool,OrigeneMCP,mcp,chembl;opentargets,True,2,ROUTABLE - equivalent live public source available,True,
origenemcp.tool.get_effective_time_by_drug_name,get_effective_time_by_drug_name,tool,OrigeneMCP,mcp,openfda,True,1,ROUTABLE - equivalent live public source available,True,
origenemcp.tool.get_enums,get_enums,tool,OrigeneMCP,mcp,clinicaltrials,True,1,ROUTABLE - equivalent live public source available,True,
origenemcp.tool.get_environmental_warning_by_drug_name,get_environmental_warning_by_drug_name,tool,OrigeneMCP,mcp,openfda,True,1,ROUTABLE - equivalent live public source available,True,
genomas.tool.get_feature_data,get_feature_data,tool,GenoMAS,python,,False,0,MISSING_UPSTREAM - upstream package not installed,False,
origenemcp.tool.get_field_size_stats,get_field_size_stats,tool,OrigeneMCP,mcp,clinicaltrials,True,1,ROUTABLE - equivalent live public source available,True,
origenemcp.tool.get_field_value_stats,get_field_value_stats,tool,OrigeneMCP,mcp,clinicaltrials,True,1,ROUTABLE - equivalent live public source available,True,
origenemcp.tool.get_ga4gh_beacon,get_ga4gh_beacon,tool,OrigeneMCP,mcp,ensembl,True,1,ROUTABLE - equivalent live public source available,True,
origenemcp.tool.get_ga4gh_callsets,get_ga4gh_callsets,tool,OrigeneMCP,mcp,ensembl,True,1,ROUTABLE - equivalent live public source available,True,
origenemcp.tool.get_ga4gh_datasets,get_ga4gh_datasets,tool,OrigeneMCP,mcp,ensembl,True,1,ROUTABLE - equivalent live public source available,True,
origenemcp.tool.get_ga4gh_features,get_ga4gh_features,tool,OrigeneMCP,mcp,ensembl,True,1,ROUTABLE - equivalent live public source available,True,
origenemcp.tool.get_ga4gh_featuresets,get_ga4gh_featuresets,tool,OrigeneMCP,mcp,ensembl,True,1,ROUTABLE - equivalent live public source available,True,
origenemcp.tool.get_ga4gh_references,get_ga4gh_references,tool,OrigeneMCP,mcp,ensembl,True,1,ROUTABLE - equivalent live public source available,True,
origenemcp.tool.get_ga4gh_variantannotationsets,get_ga4gh_variantannotationsets,tool,OrigeneMCP,mcp,ensembl,True,1,ROUTABLE - equivalent live public source available,True,
origenemcp.tool.get_ga4gh_variants,get_ga4gh_variants,tool,OrigeneMCP,mcp,ensembl,True,1,ROUTABLE - equivalent live public source available,True,
origenemcp.tool.get_ga4gh_variantsets,get_ga4gh_variantsets,tool,OrigeneMCP,mcp,ensembl,True,1,ROUTABLE - equivalent live public source available,True,
genomas.tool.get_gene_annotation,get_gene_annotation,tool,GenoMAS,python,,False,0,MISSING_UPSTREAM - upstream package not installed,False,
origenemcp.tool.get_gene_by_accession,get_gene_by_accession,tool,OrigeneMCP,mcp,ncbi_eutils,True,1,ROUTABLE - equivalent live public source available,True,
origenemcp.tool.get_gene_by_accession_dataset_report,get_gene_by_accession_dataset_report,tool,OrigeneMCP,mcp,ncbi_eutils,True,1,ROUTABLE - equivalent live public source available,True,
origenemcp.tool.get_gene_by_accession_product_report,get_gene_by_accession_product_report,tool,OrigeneMCP,mcp,ncbi_eutils,True,1,ROUTABLE - equivalent live public source available,True,
origenemcp.tool.get_gene_by_ids,get_gene_by_ids,tool,OrigeneMCP,mcp,ncbi_eutils,True,1,ROUTABLE - equivalent live public source available,True,
origenemcp.tool.get_gene_by_symbol_dataset_report,get_gene_by_symbol_dataset_report,tool,OrigeneMCP,mcp,ncbi_eutils,True,1,ROUTABLE - equivalent live public source available,True,
origenemcp.tool.get_gene_by_symbol_product_report,get_gene_by_symbol_product_report,tool,OrigeneMCP,mcp,ncbi_eutils,True,1,ROUTABLE - equivalent live public source available,True,
origenemcp.tool.get_gene_by_taxon,get_gene_by_taxon,tool,OrigeneMCP,mcp,ncbi_eutils,True,1,ROUTABLE - equivalent live public source available,True,
origenemcp.tool.get_gene_by_taxon_dataset_report,get_gene_by_taxon_dataset_report,tool,OrigeneMCP,mcp,ncbi_eutils,True,1,ROUTABLE - equivalent live public source available,True,
origenemcp.tool.get_gene_by_taxon_product_report,get_gene_by_taxon_product_report,tool,OrigeneMCP,mcp,ncbi_eutils,True,1,ROUTABLE - equivalent live public source available,True,
origenemcp.tool.get_gene_counts_by_taxon,get_gene_counts_by_taxon,tool,OrigeneMCP,mcp,ncbi_eutils,True,1,ROUTABLE - equivalent live public source available,True,
origenemcp.tool.get_gene_dataset_report_by_id,get_gene_dataset_report_by_id,tool,OrigeneMCP,mcp,ncbi_eutils,True,1,ROUTABLE - equivalent live public source available,True,
origenemcp.tool.get_gene_dataset_report_by_locus_tag,get_gene_dataset_report_by_locus_tag,tool,OrigeneMCP,mcp,ncbi_eutils,True,1,ROUTABLE - equivalent live public source available,True,
origenemcp.tool.get_gene_download_summary_by_id,get_gene_download_summary_by_id,tool,OrigeneMCP,mcp,ncbi_eutils,True,1,ROUTABLE - equivalent live public source available,True,
origenemcp.tool.get_gene_links_by_id,get_gene_links_by_id,tool,OrigeneMCP,mcp,ncbi_eutils,True,1,ROUTABLE - equivalent live public source available,True,
genomas.tool.get_gene_mapping,get_gene_mapping,tool,GenoMAS,python,,False,0,MISSING_UPSTREAM - upstream package not installed,False,
origenemcp.tool.get_gene_ontology_terms_by_goid,get_gene_ontology_terms_by_goID,tool,OrigeneMCP,mcp,opentargets,True,1,ROUTABLE - equivalent live public source available,True,
origenemcp.tool.get_gene_orthologs,get_gene_orthologs,tool,OrigeneMCP,mcp,ncbi_eutils,True,1,ROUTABLE - equivalent live public source available,True,
origenemcp.tool.get_gene_product_report_by_id,get_gene_product_report_by_id,tool,OrigeneMCP,mcp,ncbi_eutils,True,1,ROUTABLE - equivalent live public source available,True,
origenemcp.tool.get_gene_product_report_by_locus_tag,get_gene_product_report_by_locus_tag,tool,OrigeneMCP,mcp,ncbi_eutils,True,1,ROUTABLE - equivalent live public source available,True,
genomas.tool.get_gene_regressors,get_gene_regressors,tool,GenoMAS,python,,False,0,MISSING_DEPS - third-party imports absent,False,
origenemcp.tool.get_gene_specific_expression_in_cancer_type,get_gene_specific_expression_in_cancer_type,tool,OrigeneMCP,mcp,,False,0,NEEDS_DISPATCHER - MCP client not bound,False,
origenemcp.tool.get_gene_summary_by_geneid,get_gene_summary_by_geneid,tool,OrigeneMCP,mcp,pubchem,True,1,ROUTABLE - equivalent live public source available,True,
origenemcp.tool.get_general_info_by_compound_name,get_general_info_by_compound_name,tool,OrigeneMCP,mcp,pubchem,True,1,ROUTABLE - equivalent live public source available,True,
origenemcp.tool.get_general_info_by_disease_name,get_general_info_by_disease_name,tool,OrigeneMCP,mcp,openfda;opentargets,True,2,ROUTABLE - equivalent live public source available,True,
origenemcp.tool.get_general_info_by_protein_or_gene_name,get_general_info_by_protein_or_gene_name,tool,OrigeneMCP,mcp,uniprot,True,1,ROUTABLE - equivalent live public source available,True,
biomni.tool.get_genes_near_ccre,get_genes_near_ccre,tool,Biomni,python,clinicaltrials,True,1,ROUTABLE - equivalent live public source available,True,
genomas.tool.get_genetic_data,get_genetic_data,tool,GenoMAS,python,,False,0,MISSING_UPSTREAM - upstream package not installed,False,
origenemcp.tool.get_genetree_id,get_genetree_id,tool,OrigeneMCP,mcp,ensembl,True,1,ROUTABLE - equivalent live public source available,True,
origenemcp.tool.get_genetree_member_id,get_genetree_member_id,tool,OrigeneMCP,mcp,ensembl,True,1,ROUTABLE - equivalent live public source available,True,
origenemcp.tool.get_genetree_member_symbol,get_genetree_member_symbol,tool,OrigeneMCP,mcp,ensembl,True,1,ROUTABLE - equivalent live public source available,True,
origenemcp.tool.get_go_slim,get_go_slim,tool,OrigeneMCP,mcp,chembl,True,1,ROUTABLE - equivalent live public source available,True,
origenemcp.tool.get_go_slim_id,get_go_slim_id,tool,OrigeneMCP,mcp,chembl,True,1,ROUTABLE - equivalent live public source available,True,
origenemcp.tool.get_go_slim_ids,get_go_slim_ids,tool,OrigeneMCP,mcp,chembl,True,1,ROUTABLE - equivalent live public source available,True,
origenemcp.tool.get_health_claims_by_drug_name,get_health_claims_by_drug_name,tool,OrigeneMCP,mcp,openfda,True,1,ROUTABLE - equivalent live public source available,True,
stella.tool.get_hpo_names,get_hpo_names,tool,STELLA,python,,False,0,MISSING_DEPS - third-party imports absent,False,
origenemcp.tool.get_inactive_ingredient_info_by_drug_name,get_inactive_ingredient_info_by_drug_name,tool,OrigeneMCP,mcp,openfda,True,1,ROUTABLE - equivalent live public source available,True,
origenemcp.tool.get_indications_by_drug_name,get_indications_by_drug_name,tool,OrigeneMCP,mcp,openfda;opentargets,True,2,ROUTABLE - equivalent live public source available,True,
origenemcp.tool.get_info_analysis,get_info_analysis,tool,OrigeneMCP,mcp,ensembl,True,1,ROUTABLE - equivalent live public source available,True,
origenemcp.tool.get_info_biotypes_groups,get_info_biotypes_groups,tool,OrigeneMCP,mcp,ensembl;clinicaltrials,True,2,ROUTABLE - equivalent live public source available,True,
origenemcp.tool.get_info_biotypes_name,get_info_biotypes_name,tool,OrigeneMCP,mcp,ensembl;clinicaltrials,True,2,ROUTABLE - equivalent live public source available,True,
origenemcp.tool.get_info_compara_methods,get_info_compara_methods,tool,OrigeneMCP,mcp,ensembl,True,1,ROUTABLE - equivalent live public source available,True,
origenemcp.tool.get_info_compara_species_sets,get_info_compara_species_sets,tool,OrigeneMCP,mcp,ensembl,True,1,ROUTABLE - equivalent live public source available,True,
origenemcp.tool.get_info_divisions,get_info_divisions,tool,OrigeneMCP,mcp,ensembl,True,1,ROUTABLE - equivalent live public source available,True,
origenemcp.tool.get_info_external_dbs,get_info_external_dbs,tool,OrigeneMCP,mcp,ensembl,True,1,ROUTABLE - equivalent live public source available,True,
origenemcp.tool.get_info_for_nursing_mothers_by_drug_name,get_info_for_nursing_mothers_by_drug_name,tool,OrigeneMCP,mcp,openfda,True,1,ROUTABLE - equivalent live public source available,True,
origenemcp.tool.get_info_on_consulting_doctor_pharmacist_for_drug_interactions_by_drug_name,get_info_on_consulting_doctor_pharmacist_for_drug_interactions_by_drug_name,tool,OrigeneMCP,mcp,openfda,True,1,ROUTABLE - equivalent live public source available,True,
origenemcp.tool.get_info_ping,get_info_ping,tool,OrigeneMCP,mcp,ensembl,True,1,ROUTABLE - equivalent live public source available,True,
origenemcp.tool.get_info_rest,get_info_rest,tool,OrigeneMCP,mcp,ensembl,True,1,ROUTABLE - equivalent live public source available,True,
origenemcp.tool.get_info_software,get_info_software,tool,OrigeneMCP,mcp,ensembl,True,1,ROUTABLE - equivalent live public source available,True,
origenemcp.tool.get_info_variation,get_info_variation,tool,OrigeneMCP,mcp,ensembl,True,1,ROUTABLE - equivalent live public source available,True,
origenemcp.tool.get_info_variation_consequence_types,get_info_variation_consequence_types,tool,OrigeneMCP,mcp,ensembl,True,1,ROUTABLE - equivalent live public source available,True,
origenemcp.tool.get_information_for_owners_or_caregivers_by_drug_name,get_information_for_owners_or_caregivers_by_drug_name,tool,OrigeneMCP,mcp,openfda,True,1,ROUTABLE - equivalent live public source available,True,
origenemcp.tool.get_ingredients_by_drug_name,get_ingredients_by_drug_name,tool,OrigeneMCP,mcp,openfda,True,1,ROUTABLE - equivalent live public source available,True,
origenemcp.tool.get_instructions_for_use_by_drug_name,get_instructions_for_use_by_drug_name,tool,OrigeneMCP,mcp,openfda,True,1,ROUTABLE - equivalent live public source available,True,
origenemcp.tool.get_iupac_name,get_iupac_name,tool,OrigeneMCP,mcp,pubchem,True,1,ROUTABLE - equivalent live public source available,True,
origenemcp.tool.get_joint_associated_diseases_by_hpo_id_list,get_joint_associated_diseases_by_HPO_ID_list,tool,OrigeneMCP,subprocess,,False,0,"NEEDS_UPSTREAM_CHECKOUT - federated, project not installed",False,
genomas.tool.get_known_related_genes,get_known_related_genes,tool,GenoMAS,python,,False,0,MISSING_DEPS - third-party imports absent,False,
origenemcp.tool.get_lab_test_interference_info_by_drug_name,get_lab_test_interference_info_by_drug_name,tool,OrigeneMCP,mcp,openfda,True,1,ROUTABLE - equivalent live public source available,True,
origenemcp.tool.get_lab_tests_by_drug_name,get_lab_tests_by_drug_name,tool,OrigeneMCP,mcp,openfda,True,1,ROUTABLE - equivalent live public source available,True,
origenemcp.tool.get_ld_pairwise,get_ld_pairwise,tool,OrigeneMCP,mcp,ensembl,True,1,ROUTABLE - equivalent live public source available,True,
crispr-gpt.tool.get_logger,get_logger,tool,CRISPR-GPT,subprocess,,False,0,"NEEDS_UPSTREAM_CHECKOUT - federated, project not installed",False,
origenemcp.tool.get_lookup_id,get_lookup_id,tool,OrigeneMCP,mcp,ensembl,True,1,ROUTABLE - equivalent live public source available,True,
origenemcp.tool.get_mechanism,get_mechanism,tool,OrigeneMCP,mcp,chembl,True,1,ROUTABLE - equivalent live public source available,True,
origenemcp.tool.get_mechanism_id,get_mechanism_id,tool,OrigeneMCP,mcp,chembl,True,1,ROUTABLE - equivalent live public source available,True,
origenemcp.tool.get_mechanism_ids,get_mechanism_ids,tool,OrigeneMCP,mcp,chembl,True,1,ROUTABLE - equivalent live public source available,True,
origenemcp.tool.get_mechanism_of_action_by_drug_name,get_mechanism_of_action_by_drug_name,tool,OrigeneMCP,mcp,openfda,True,1,ROUTABLE - equivalent live public source available,True,
origenemcp.tool.get_metabolism,get_metabolism,tool,OrigeneMCP,mcp,chembl,True,1,ROUTABLE - equivalent live public source available,True,
origenemcp.tool.get_metabolism_id,get_metabolism_id,tool,OrigeneMCP,mcp,chembl,True,1,ROUTABLE - equivalent live public source available,True,
origenemcp.tool.get_metabolism_ids,get_metabolism_ids,tool,OrigeneMCP,mcp,chembl,True,1,ROUTABLE - equivalent live public source available,True,
origenemcp.tool.get_metadata,get_metadata,tool,OrigeneMCP,mcp,clinicaltrials,True,1,ROUTABLE - equivalent live public source available,True,
origenemcp.tool.get_nonclinical_toxicology_info_by_drug_name,get_nonclinical_toxicology_info_by_drug_name,tool,OrigeneMCP,mcp,openfda,True,1,ROUTABLE - equivalent live public source available,True,
origenemcp.tool.get_nonteratogenic_effects_by_drug_name,get_nonteratogenic_effects_by_drug_name,tool,OrigeneMCP,mcp,openfda,True,1,ROUTABLE - equivalent live public source available,True,
origenemcp.tool.get_ontology_ancestors,get_ontology_ancestors,tool,OrigeneMCP,mcp,ensembl,True,1,ROUTABLE - equivalent live public source available,True,
origenemcp.tool.get_ontology_ancestors_chart,get_ontology_ancestors_chart,tool,OrigeneMCP,mcp,ensembl,True,1,ROUTABLE - equivalent live public source available,True,
origenemcp.tool.get_ontology_descendants,get_ontology_descendants,tool,OrigeneMCP,mcp,ensembl,True,1,ROUTABLE - equivalent live public source available,True,
origenemcp.tool.get_ontology_id,get_ontology_id,tool,OrigeneMCP,mcp,ensembl,True,1,ROUTABLE - equivalent live public source available,True,
origenemcp.tool.get_ontology_name,get_ontology_name,tool,OrigeneMCP,mcp,ensembl,True,1,ROUTABLE - equivalent live public source available,True,
origenemcp.tool.get_organelle_by_taxon_dataset_report,get_organelle_by_taxon_dataset_report,tool,OrigeneMCP,mcp,ncbi_eutils,True,1,ROUTABLE - equivalent live public source available,True,
origenemcp.tool.get_organelle_dataset_report,get_organelle_dataset_report,tool,OrigeneMCP,mcp,ncbi_eutils,True,1,ROUTABLE - equivalent live public source available,True,
origenemcp.tool.get_organelle_download,get_organelle_download,tool,OrigeneMCP,mcp,ncbi_eutils,True,1,ROUTABLE - equivalent live public source available,True,
origenemcp.tool.get_organism,get_organism,tool,OrigeneMCP,mcp,chembl,True,1,ROUTABLE - equivalent live public source available,True,
origenemcp.tool.get_organism_id,get_organism_id,tool,OrigeneMCP,mcp,chembl,True,1,ROUTABLE - equivalent live public source available,True,
origenemcp.tool.get_organism_ids,get_organism_ids,tool,OrigeneMCP,mcp,chembl,True,1,ROUTABLE - equivalent live public source available,True,
origenemcp.tool.get_other_safety_info_by_drug_name,get_other_safety_info_by_drug_name,tool,OrigeneMCP,mcp,openfda,True,1,ROUTABLE - equivalent live public source available,True,
origenemcp.tool.get_overdosage_info_by_drug_name,get_overdosage_info_by_drug_name,tool,OrigeneMCP,mcp,openfda,True,1,ROUTABLE - equivalent live public source available,True,
origenemcp.tool.get_overlap_id,get_overlap_id,tool,OrigeneMCP,mcp,ensembl;clinicaltrials,True,2,ROUTABLE - equivalent live public source available,True,
origenemcp.tool.get_pediatric_use_info_by_drug_name,get_pediatric_use_info_by_drug_name,tool,OrigeneMCP,mcp,openfda,True,1,ROUTABLE - equivalent live public source available,True,
origenemcp.tool.get_population_use_info_by_drug_name,get_population_use_info_by_drug_name,tool,OrigeneMCP,mcp,openfda,True,1,ROUTABLE - equivalent live public source available,True,
origenemcp.tool.get_ppi_enrichment,get_ppi_enrichment,tool,OrigeneMCP,mcp,ncbi_eutils,True,1,ROUTABLE - equivalent live public source available,True,
origenemcp.tool.get_precautions_by_drug_name,get_precautions_by_drug_name,tool,OrigeneMCP,mcp,openfda,True,1,ROUTABLE - equivalent live public source available,True,
origenemcp.tool.get_pregnancy_effects_info_by_drug_name,get_pregnancy_effects_info_by_drug_name,tool,OrigeneMCP,mcp,openfda,True,1,ROUTABLE - equivalent live public source available,True,
origenemcp.tool.get_principal_display_panel_by_drug_name,get_principal_display_panel_by_drug_name,tool,OrigeneMCP,mcp,openfda,True,1,ROUTABLE - equivalent live public source available,True,
origenemcp.tool.get_prokaryote_gene_dataset_by_refseq_protein_accession,get_prokaryote_gene_dataset_by_refseq_protein_accession,tool,OrigeneMCP,mcp,ncbi_eutils,True,1,ROUTABLE - equivalent live public source available,True,
origenemcp.tool.get_protein_classification_id,get_protein_classification_id,tool,OrigeneMCP,mcp,chembl,True,1,ROUTABLE - equivalent live public source available,True,
origenemcp.tool.get_protein_classification_ids,get_protein_classification_ids,tool,OrigeneMCP,mcp,chembl,True,1,ROUTABLE - equivalent live public source available,True,
origenemcp.tool.get_protein_summary_by_accession,get_protein_summary_by_accession,tool,OrigeneMCP,mcp,uniprot;pubchem,True,2,ROUTABLE - equivalent live public source available,True,
biomni.tool.get_protocol_details,get_protocol_details,tool,Biomni,python,,False,0,MISSING_UPSTREAM - upstream package not installed,False,
agentomics.tool.get_provider_from_string,get_provider_from_string,tool,Agentomics,python,,False,0,MISSING_DEPS - third-party imports absent,False,
origenemcp.tool.get_pubchem_compound_by_cid,get_pubchem_compound_by_cid,tool,OrigeneMCP,mcp,pubchem,True,1,ROUTABLE - equivalent live public source available,True,
origenemcp.tool.get_purpose_info_by_drug_name,get_purpose_info_by_drug_name,tool,OrigeneMCP,mcp,openfda,True,1,ROUTABLE - equivalent live public source available,True,
origenemcp.tool.get_recent_changes_by_drug_name,get_recent_changes_by_drug_name,tool,OrigeneMCP,mcp,openfda,True,1,ROUTABLE - equivalent live public source available,True,
origenemcp.tool.get_residue_warning_by_drug_name,get_residue_warning_by_drug_name,tool,OrigeneMCP,mcp,openfda,True,1,ROUTABLE - equivalent live public source available,True,
origenemcp.tool.get_risk_info_by_drug_name,get_risk_info_by_drug_name,tool,OrigeneMCP,mcp,openfda,True,1,ROUTABLE - equivalent live public source available,True,
origenemcp.tool.get_route_info_by_drug_name,get_route_info_by_drug_name,tool,OrigeneMCP,mcp,openfda,True,1,ROUTABLE - equivalent live public source available,True,
origenemcp.tool.get_safe_handling_warnings_by_drug_name,get_safe_handling_warnings_by_drug_name,tool,OrigeneMCP,mcp,openfda,True,1,ROUTABLE - equivalent live public source available,True,
origenemcp.tool.get_safety_summary_by_drug_name,get_safety_summary_by_drug_name,tool,OrigeneMCP,mcp,openfda,True,1,ROUTABLE - equivalent live public source available,True,
origenemcp.tool.get_search_areas,get_search_areas,tool,OrigeneMCP,mcp,clinicaltrials,True,1,ROUTABLE - equivalent live public source available,True,
origenemcp.tool.get_sequence_assemblies,get_sequence_assemblies,tool,OrigeneMCP,mcp,ncbi_eutils,True,1,ROUTABLE - equivalent live public source available,True,
origenemcp.tool.get_sequence_id,get_sequence_id,tool,OrigeneMCP,mcp,ensembl;ncbi_eutils,True,2,ROUTABLE - equivalent live public source available,True,
origenemcp.tool.get_sids_by_name,get_sids_by_name,tool,OrigeneMCP,mcp,pubchem,True,1,ROUTABLE - equivalent live public source available,True,
origenemcp.tool.get_similarity_scores_of_the_protein_set,get_similarity_scores_of_the_protein_set,tool,OrigeneMCP,mcp,,False,0,NEEDS_DISPATCHER - MCP client not bound,False,
origenemcp.tool.get_source,get_source,tool,OrigeneMCP,mcp,chembl,True,1,ROUTABLE - equivalent live public source available,True,
origenemcp.tool.get_source_id,get_source_id,tool,OrigeneMCP,mcp,chembl,True,1,ROUTABLE - equivalent live public source available,True,
origenemcp.tool.get_source_ids,get_source_ids,tool,OrigeneMCP,mcp,chembl,True,1,ROUTABLE - equivalent live public source available,True,
origenemcp.tool.get_species_binding_matrix,get_species_binding_matrix,tool,OrigeneMCP,mcp,ensembl,True,1,ROUTABLE - equivalent live public source available,True,
origenemcp.tool.get_spl_indexing_data_elements_by_drug_name,get_spl_indexing_data_elements_by_drug_name,tool,OrigeneMCP,mcp,openfda,True,1,ROUTABLE - equivalent live public source available,True,
origenemcp.tool.get_spl_unclassified_section_by_drug_name,get_spl_unclassified_section_by_drug_name,tool,OrigeneMCP,mcp,openfda,True,1,ROUTABLE - equivalent live public source available,True,
agentomics.tool.get_split_metrics,get_split_metrics,tool,Agentomics,python,,False,0,MISSING_DEPS - third-party imports absent,False,
origenemcp.tool.get_status,get_status,tool,OrigeneMCP,mcp,chembl;clinicaltrials,True,2,ROUTABLE - equivalent live public source available,True,
origenemcp.tool.get_stop_use_info_by_drug_name,get_stop_use_info_by_drug_name,tool,OrigeneMCP,mcp,openfda,True,1,ROUTABLE - equivalent live public source available,True,
origenemcp.tool.get_string_network_interaction,get_string_network_interaction,tool,OrigeneMCP,mcp,string,True,1,ROUTABLE - equivalent live public source available,True,
origenemcp.tool.get_study_size_stats,get_study_size_stats,tool,OrigeneMCP,mcp,clinicaltrials,True,1,ROUTABLE - equivalent live public source available,True,
origenemcp.tool.get_substance_by_name,get_substance_by_name,tool,OrigeneMCP,mcp,pubchem,True,1,ROUTABLE - equivalent live public source available,True,
origenemcp.tool.get_substance_by_sid,get_substance_by_sid,tool,OrigeneMCP,mcp,pubchem,True,1,ROUTABLE - equivalent live public source available,True,
origenemcp.tool.get_substance_by_sid_pcp,get_substance_by_sid_pcp,tool,OrigeneMCP,mcp,pubchem,True,1,ROUTABLE - equivalent live public source available,True,
origenemcp.tool.get_substances_by_name_pcp,get_substances_by_name_pcp,tool,OrigeneMCP,mcp,pubchem,True,1,ROUTABLE - equivalent live public source available,True,
origenemcp.tool.get_substances_source_id,get_substances_source_id,tool,OrigeneMCP,mcp,chembl;pubchem,True,2,ROUTABLE - equivalent live public source available,True,
origenemcp.tool.get_substances_synonyms,get_substances_synonyms,tool,OrigeneMCP,mcp,pubchem,True,1,ROUTABLE - equivalent live public source available,True,
origenemcp.tool.get_synonyms,get_synonyms,tool,OrigeneMCP,mcp,pubchem,True,1,ROUTABLE - equivalent live public source available,True,
origenemcp.tool.get_target,get_target,tool,OrigeneMCP,mcp,chembl,True,1,ROUTABLE - equivalent live public source available,True,
origenemcp.tool.get_target_classes_by_ensemblid,get_target_classes_by_ensemblID,tool,OrigeneMCP,mcp,ensembl;opentargets,True,2,ROUTABLE - equivalent live public source available,True,
origenemcp.tool.get_target_classes_by_name,get_target_classes_by_name,tool,OrigeneMCP,mcp,openfda;opentargets,True,2,ROUTABLE - equivalent live public source available,True,
origenemcp.tool.get_target_component_id,get_target_component_id,tool,OrigeneMCP,mcp,uniprot;chembl,True,2,ROUTABLE - equivalent live public source available,True,
origenemcp.tool.get_target_component_ids,get_target_component_ids,tool,OrigeneMCP,mcp,uniprot;chembl,True,2,ROUTABLE - equivalent live public source available,True,
origenemcp.tool.get_target_constraint_info_by_ensemblid,get_target_constraint_info_by_ensemblID,tool,OrigeneMCP,mcp,ensembl;opentargets,True,2,ROUTABLE - equivalent live public source available,True,
origenemcp.tool.get_target_constraint_info_by_name,get_target_constraint_info_by_name,tool,OrigeneMCP,mcp,openfda;opentargets,True,2,ROUTABLE - equivalent live public source available,True,
origenemcp.tool.get_target_disease_evidence_by_name,get_target_disease_evidence_by_name,tool,OrigeneMCP,mcp,openfda;opentargets,True,2,ROUTABLE - equivalent live public source available,True,
origenemcp.tool.get_target_enabling_packages_by_ensemblid,get_target_enabling_packages_by_ensemblID,tool,OrigeneMCP,mcp,ensembl;opentargets,True,2,ROUTABLE - equivalent live public source available,True,
origenemcp.tool.get_target_enabling_packages_by_name,get_target_enabling_packages_by_name,tool,OrigeneMCP,mcp,openfda;opentargets,True,2,ROUTABLE - equivalent live public source available,True,
origenemcp.tool.get_target_ensembl_id,get_target_ensembl_id,tool,OrigeneMCP,mcp,ensembl;openfda;opentargets,True,3,ROUTABLE - equivalent live public source available,True,
origenemcp.tool.get_target_gene_ontology_by_ensemblid,get_target_gene_ontology_by_ensemblID,tool,OrigeneMCP,mcp,ensembl;opentargets,True,2,ROUTABLE - equivalent live public source available,True,
origenemcp.tool.get_target_gene_ontology_by_name,get_target_gene_ontology_by_name,tool,OrigeneMCP,mcp,openfda;opentargets,True,2,ROUTABLE - equivalent live public source available,True,
origenemcp.tool.get_target_homologues_by_ensemblid,get_target_homologues_by_ensemblID,tool,OrigeneMCP,mcp,ensembl;opentargets,True,2,ROUTABLE - equivalent live public source available,True,
origenemcp.tool.get_target_homologues_by_name,get_target_homologues_by_name,tool,OrigeneMCP,mcp,openfda;opentargets,True,2,ROUTABLE - equivalent live public source available,True,
origenemcp.tool.get_target_id,get_target_id,tool,OrigeneMCP,mcp,chembl,True,1,ROUTABLE - equivalent live public source available,True,
origenemcp.tool.get_target_id_description_by_name,get_target_id_description_by_name,tool,OrigeneMCP,mcp,ensembl;opentargets,True,2,ROUTABLE - equivalent live public source available,True,
origenemcp.tool.get_target_ids,get_target_ids,tool,OrigeneMCP,mcp,chembl,True,1,ROUTABLE - equivalent live public source available,True,
origenemcp.tool.get_target_interactions_by_name,get_target_interactions_by_name,tool,OrigeneMCP,mcp,openfda;opentargets,True,2,ROUTABLE - equivalent live public source available,True,
origenemcp.tool.get_target_relation,get_target_relation,tool,OrigeneMCP,mcp,chembl,True,1,ROUTABLE - equivalent live public source available,True,
origenemcp.tool.get_target_relation_id,get_target_relation_id,tool,OrigeneMCP,mcp,chembl,True,1,ROUTABLE - equivalent live public source available,True,
origenemcp.tool.get_target_relation_ids,get_target_relation_ids,tool,OrigeneMCP,mcp,chembl,True,1,ROUTABLE - equivalent live public source available,True,
origenemcp.tool.get_target_safety_profile_by_name,get_target_safety_profile_by_name,tool,OrigeneMCP,mcp,openfda;opentargets,True,2,ROUTABLE - equivalent live public source available,True,
origenemcp.tool.get_target_subcellular_locations_by_ensemblid,get_target_subcellular_locations_by_ensemblID,tool,OrigeneMCP,mcp,ensembl;opentargets,True,2,ROUTABLE - equivalent live public source available,True,
origenemcp.tool.get_target_subcellular_locations_by_name,get_target_subcellular_locations_by_name,tool,OrigeneMCP,mcp,openfda;opentargets,True,2,ROUTABLE - equivalent live public source available,True,
origenemcp.tool.get_target_synonyms_by_ensemblid,get_target_synonyms_by_ensemblID,tool,OrigeneMCP,mcp,ensembl;opentargets,True,2,ROUTABLE - equivalent live public source available,True,
origenemcp.tool.get_target_synonyms_by_name,get_target_synonyms_by_name,tool,OrigeneMCP,mcp,openfda;opentargets,True,2,ROUTABLE - equivalent live public source available,True,
origenemcp.tool.get_target_tractability_by_ensemblid,get_target_tractability_by_ensemblID,tool,OrigeneMCP,mcp,ensembl;opentargets,True,2,ROUTABLE - equivalent live public source available,True,
origenemcp.tool.get_target_tractability_by_name,get_target_tractability_by_name,tool,OrigeneMCP,mcp,openfda;opentargets,True,2,ROUTABLE - equivalent live public source available,True,
origenemcp.tool.get_taxonomy,get_taxonomy,tool,OrigeneMCP,mcp,ncbi_eutils,True,1,ROUTABLE - equivalent live public source available,True,
origenemcp.tool.get_taxonomy_classification,get_taxonomy_classification,tool,OrigeneMCP,mcp,ensembl,True,1,ROUTABLE - equivalent live public source available,True,
origenemcp.tool.get_taxonomy_dataset_report,get_taxonomy_dataset_report,tool,OrigeneMCP,mcp,ncbi_eutils,True,1,ROUTABLE - equivalent live public source available,True,
origenemcp.tool.get_taxonomy_download,get_taxonomy_download,tool,OrigeneMCP,mcp,ncbi_eutils,True,1,ROUTABLE - equivalent live public source available,True,
origenemcp.tool.get_taxonomy_filtered_subtree,get_taxonomy_filtered_subtree,tool,OrigeneMCP,mcp,ncbi_eutils,True,1,ROUTABLE - equivalent live public source available,True,
origenemcp.tool.get_taxonomy_id,get_taxonomy_id,tool,OrigeneMCP,mcp,ensembl,True,1,ROUTABLE - equivalent live public source available,True,
origenemcp.tool.get_taxonomy_links,get_taxonomy_links,tool,OrigeneMCP,mcp,ncbi_eutils,True,1,ROUTABLE - equivalent live public source available,True,
origenemcp.tool.get_taxonomy_name,get_taxonomy_name,tool,OrigeneMCP,mcp,ensembl,True,1,ROUTABLE - equivalent live public source available,True,
origenemcp.tool.get_taxonomy_name_report,get_taxonomy_name_report,tool,OrigeneMCP,mcp,ncbi_eutils,True,1,ROUTABLE - equivalent live public source available,True,
origenemcp.tool.get_taxonomy_related_ids,get_taxonomy_related_ids,tool,OrigeneMCP,mcp,ncbi_eutils,True,1,ROUTABLE - equivalent live public source available,True,
origenemcp.tool.get_taxonomy_summary_by_taxonomyid,get_taxonomy_summary_by_taxonomyid,tool,OrigeneMCP,mcp,ncbi_eutils;pubchem,True,2,ROUTABLE - equivalent live public source available,True,
origenemcp.tool.get_taxonomy_taxon_suggest,get_taxonomy_taxon_suggest,tool,OrigeneMCP,mcp,ncbi_eutils,True,1,ROUTABLE - equivalent live public source available,True,
origenemcp.tool.get_teratogenic_effects_by_drug_name,get_teratogenic_effects_by_drug_name,tool,OrigeneMCP,mcp,openfda,True,1,ROUTABLE - equivalent live public source available,True,
origenemcp.tool.get_tissue,get_tissue,tool,OrigeneMCP,mcp,chembl,True,1,ROUTABLE - equivalent live public source available,True,
origenemcp.tool.get_tissue_id,get_tissue_id,tool,OrigeneMCP,mcp,chembl,True,1,ROUTABLE - equivalent live public source available,True,
origenemcp.tool.get_tissue_ids,get_tissue_ids,tool,OrigeneMCP,mcp,chembl,True,1,ROUTABLE - equivalent live public source available,True,
agentomics.tool.get_tool_names,get_tool_names,tool,Agentomics,python,,False,0,MISSING_DEPS - third-party imports absent,False,
biomedarena.tool.get_tools_by_category,get_tools_by_category,tool,BioMedArena,python,,False,0,MISSING_UPSTREAM - upstream package not installed,False,
biomedarena.tool.get_tools_by_whitelist,get_tools_by_whitelist,tool,BioMedArena,python,,False,0,MISSING_UPSTREAM - upstream package not installed,False,
crispr-gpt.tool.get_top_n_rows,get_top_n_rows,tool,CRISPR-GPT,subprocess,,False,0,"NEEDS_UPSTREAM_CHECKOUT - federated, project not installed",False,
origenemcp.tool.get_transcript_haplotypes,get_transcript_haplotypes,tool,OrigeneMCP,mcp,ensembl,True,1,ROUTABLE - equivalent live public source available,True,
origenemcp.tool.get_uniparc_cross_references_by_upi,get_uniparc_cross_references_by_upi,tool,OrigeneMCP,mcp,uniprot,True,1,ROUTABLE - equivalent live public source available,True,
origenemcp.tool.get_uniprotkb_entry_by_accession,get_uniprotkb_entry_by_accession,tool,OrigeneMCP,mcp,uniprot,True,1,ROUTABLE - equivalent live public source available,True,
genomas.tool.get_unique_values_by_row,get_unique_values_by_row,tool,GenoMAS,python,,False,0,MISSING_UPSTREAM - upstream package not installed,False,
origenemcp.tool.get_uniref_cluster_by_id,get_uniref_cluster_by_id,tool,OrigeneMCP,mcp,uniprot,True,1,ROUTABLE - equivalent live public source available,True,
origenemcp.tool.get_uniref_light_cluster_by_id,get_uniref_light_cluster_by_id,tool,OrigeneMCP,mcp,uniprot,True,1,ROUTABLE - equivalent live public source available,True,
origenemcp.tool.get_user_safety_warning_by_drug_names,get_user_safety_warning_by_drug_names,tool,OrigeneMCP,mcp,openfda,True,1,ROUTABLE - equivalent live public source available,True,
agentomics.tool.get_version,get_version,tool,Agentomics,python,ncbi_eutils,True,1,ROUTABLE - equivalent live public source available,True,
origenemcp.tool.get_virus_annotation_report,get_virus_annotation_report,tool,OrigeneMCP,mcp,ncbi_eutils,True,1,ROUTABLE - equivalent live public source available,True,
origenemcp.tool.get_virus_by_taxon_annotation_report,get_virus_by_taxon_annotation_report,tool,OrigeneMCP,mcp,ncbi_eutils,True,1,ROUTABLE - equivalent live public source available,True,
origenemcp.tool.get_virus_dataset_report,get_virus_dataset_report,tool,OrigeneMCP,mcp,ncbi_eutils,True,1,ROUTABLE - equivalent live public source available,True,
origenemcp.tool.get_warnings_and_cautions_by_drug_name,get_warnings_and_cautions_by_drug_name,tool,OrigeneMCP,mcp,openfda,True,1,ROUTABLE - equivalent live public source available,True,
origenemcp.tool.get_when_using_info,get_when_using_info,tool,OrigeneMCP,mcp,openfda,True,1,ROUTABLE - equivalent live public source available,True,
origenemcp.tool.get_xlogp,get_xlogp,tool,OrigeneMCP,mcp,pubchem,True,1,ROUTABLE - equivalent live public source available,True,
origenemcp.tool.get_xref_source,get_xref_source,tool,OrigeneMCP,mcp,chembl,True,1,ROUTABLE - equivalent live public source available,True,
origenemcp.tool.get_xref_source_id,get_xref_source_id,tool,OrigeneMCP,mcp,uniprot;chembl,True,2,ROUTABLE - equivalent live public source available,True,
origenemcp.tool.get_xref_source_ids,get_xref_source_ids,tool,OrigeneMCP,mcp,uniprot;chembl;rcsb,True,3,ROUTABLE - equivalent live public source available,True,
origenemcp.tool.get_xrefs_id,get_xrefs_id,tool,OrigeneMCP,mcp,ensembl,True,1,ROUTABLE - equivalent live public source available,True,
origenemcp.tool.get_xrefs_name,get_xrefs_name,tool,OrigeneMCP,mcp,ensembl,True,1,ROUTABLE - equivalent live public source available,True,
origenemcp.tool.get_xrefs_symbol,get_xrefs_symbol,tool,OrigeneMCP,mcp,ensembl,True,1,ROUTABLE - equivalent live public source available,True,
biomedarena.tool.gnomad_graphql,gnomad_graphql,tool,BioMedArena,python,gnomad,True,1,ROUTABLE - equivalent live public source available,True,
stella.tool.go_terms_search,go_terms_search,tool,STELLA,python,,False,0,MISSING_DEPS - third-party imports absent,False,
origenemcp.tool.gsea_get_genelist_from_genesetname,gsea_get_genelist_from_genesetname,tool,OrigeneMCP,subprocess,,False,0,"NEEDS_UPSTREAM_CHECKOUT - federated, project not installed",False,
biomedarena.tool.gtex_eqtl,gtex_eqtl,tool,BioMedArena,python,ensembl;mygene,True,2,ROUTABLE - equivalent live public source available,True,
origenemcp.tool.gtrd_entry_to_target_genes,gtrd_entry_to_target_genes,tool,OrigeneMCP,mcp,uniprot,True,1,ROUTABLE - equivalent live public source available,True,
origenemcp.tool.gtrd_gene_to_entry,gtrd_gene_to_entry,tool,OrigeneMCP,mcp,uniprot;ncbi_eutils,True,2,ROUTABLE - equivalent live public source available,True,
biomedarena.tool.gwas_catalog_request,gwas_catalog_request,tool,BioMedArena,python,,False,0,MISSING_DEPS - third-party imports absent,False,
biomedarena.tool.handle_biopython_tool,handle_biopython_tool,tool,BioMedArena,python,,False,0,MISSING_DEPS - third-party imports absent,False,
biomedarena.tool.handle_dicom_tool,handle_dicom_tool,tool,BioMedArena,python,,False,0,MISSING_DEPS - third-party imports absent,False,
biomedarena.tool.handle_gget_tool,handle_gget_tool,tool,BioMedArena,python,clinicaltrials,True,1,ROUTABLE - equivalent live public source available,True,
genomas.tool.handle_missing_values,handle_missing_values,tool,GenoMAS,python,,False,0,MISSING_UPSTREAM - upstream package not installed,False,
biomedarena.tool.handle_mol_tool,handle_mol_tool,tool,BioMedArena,python,,False,0,MISSING_DEPS - third-party imports absent,False,
biomedarena.tool.handle_molfeat_tool,handle_molfeat_tool,tool,BioMedArena,python,,False,0,MISSING_DEPS - third-party imports absent,False,
biomedarena.tool.handle_monai_tool,handle_monai_tool,tool,BioMedArena,python,,False,0,MISSING_DEPS - third-party imports absent,False,
biomedarena.tool.handle_protein_tool,handle_protein_tool,tool,BioMedArena,python,,False,0,MISSING_DEPS - third-party imports absent,False,
biomedarena.tool.handle_survival_tool,handle_survival_tool,tool,BioMedArena,python,,False,0,MISSING_DEPS - third-party imports absent,False,
biomedagent.tool.handle_text,handle_text,tool,BioMedAgent,subprocess,,False,0,"NEEDS_UPSTREAM_CHECKOUT - federated, project not installed",False,
biomedarena.tool.handle_web_tool,handle_web_tool,tool,BioMedArena,python,,False,0,MISSING_DEPS - third-party imports absent,False,
stella.tool.hpo_phenotype_search,hpo_phenotype_search,tool,STELLA,python,,False,0,MISSING_DEPS - third-party imports absent,False,
autoba.tool.infilling_prompt_tokens,infilling_prompt_tokens,tool,AutoBA,python,,False,0,MISSING_DEPS - third-party imports absent,False,
crispr-gpt.tool.initialize_session,initialize_session,tool,CRISPR-GPT,subprocess,,False,0,"NEEDS_UPSTREAM_CHECKOUT - federated, project not installed",False,
genomas.tool.interpret_result,interpret_result,tool,GenoMAS,python,clinicaltrials,True,1,ROUTABLE - equivalent live public source available,True,
stella.tool.intogen_search,intogen_search,tool,STELLA,python,,False,0,MISSING_DEPS - third-party imports absent,False,
origenemcp.tool.jina_search,jina_search,tool,OrigeneMCP,subprocess,,False,0,"NEEDS_UPSTREAM_CHECKOUT - federated, project not installed",False,
stella.tool.json_llm_call,json_llm_call,tool,STELLA,python,clinicaltrials,True,1,ROUTABLE - equivalent live public source available,True,
genomas.tool.judge_and_remove_biased_features,judge_and_remove_biased_features,tool,GenoMAS,python,,False,0,MISSING_UPSTREAM - upstream package not installed,False,
genomas.tool.judge_binary_variable_biased,judge_binary_variable_biased,tool,GenoMAS,python,,False,0,MISSING_UPSTREAM - upstream package not installed,False,
genomas.tool.judge_continuous_variable_biased,judge_continuous_variable_biased,tool,GenoMAS,python,,False,0,MISSING_UPSTREAM - upstream package not installed,False,
origenemcp.tool.kegg_conv,kegg_conv,tool,OrigeneMCP,subprocess,kegg,True,1,ROUTABLE - equivalent live public source available,True,
origenemcp.tool.kegg_find,kegg_find,tool,OrigeneMCP,mcp,kegg,True,1,ROUTABLE - equivalent live public source available,True,
origenemcp.tool.kegg_link,kegg_link,tool,OrigeneMCP,mcp,kegg,True,1,ROUTABLE - equivalent live public source available,True,
origenemcp.tool.kegg_list,kegg_list,tool,OrigeneMCP,subprocess,kegg,True,1,ROUTABLE - equivalent live public source available,True,
stella.tool.kegg_pathway_search,kegg_pathway_search,tool,STELLA,python,kegg,True,1,ROUTABLE - equivalent live public source available,True,
stella.tool.keyword_check,keyword_check,tool,STELLA,python,,False,0,MISSING_DEPS - third-party imports absent,False,
biomedagent.tool.knowledge_base,knowledge_base,tool,BioMedAgent,subprocess,,False,0,"NEEDS_UPSTREAM_CHECKOUT - federated, project not installed",False,
genomas.tool.line_generator,line_generator,tool,GenoMAS,python,,False,0,MISSING_UPSTREAM - upstream package not installed,False,
stella.tool.list_dynamic_tools,list_dynamic_tools,tool,STELLA,python,,False,0,MISSING_DEPS - third-party imports absent,False,
biomni.tool.list_local_protocols,list_local_protocols,tool,Biomni,python,,False,0,MISSING_UPSTREAM - upstream package not installed,False,
origenemcp.tool.list_public_hubs,list_public_hubs,tool,OrigeneMCP,mcp,,False,0,NEEDS_DISPATCHER - MCP client not bound,False,
origenemcp.tool.list_tcga_cancer_types,list_tcga_cancer_types,tool,OrigeneMCP,mcp,,False,0,NEEDS_DISPATCHER - MCP client not bound,False,
biomedagent.tool.llmcall,llmcall,tool,BioMedAgent,subprocess,,False,0,"NEEDS_UPSTREAM_CHECKOUT - federated, project not installed",False,
biomedagent.tool.llmresponse,llmresponse,tool,BioMedAgent,subprocess,,False,0,"NEEDS_UPSTREAM_CHECKOUT - federated, project not installed",False,
genomas.tool.load_action_units,load_action_units,tool,GenoMAS,python,,False,0,MISSING_DEPS - third-party imports absent,False,
stella.tool.load_dynamic_tool,load_dynamic_tool,tool,STELLA,python,,False,0,MISSING_DEPS - third-party imports absent,False,
agentomics.tool.load_split_label_dfs,load_split_label_dfs,tool,Agentomics,python,,False,0,MISSING_DEPS - third-party imports absent,False,
biomedarena.tool.locus_to_gene_mapper,locus_to_gene_mapper,tool,BioMedArena,python,ensembl;opentargets,True,2,ROUTABLE - equivalent live public source available,True,
agentomics.tool.log_split_is_allowed,log_split_is_allowed,tool,Agentomics,python,,False,0,MISSING_DEPS - third-party imports absent,False,
crispr-gpt.tool.make_check_ack_state,make_check_ack_state,tool,CRISPR-GPT,subprocess,,False,0,"NEEDS_UPSTREAM_CHECKOUT - federated, project not installed",False,
origenemcp.tool.mapping_identifiers,mapping_identifiers,tool,OrigeneMCP,mcp,uniprot;ncbi_eutils,True,2,ROUTABLE - equivalent live public source available,True,
biomedarena.tool.mgnify_request,mgnify_request,tool,BioMedArena,python,,False,0,MISSING_DEPS - third-party imports absent,False,
origenemcp.tool.mirdb_get_geneset_by_mirname,mirdb_get_geneset_by_mirname,tool,OrigeneMCP,mcp,,False,0,NEEDS_DISPATCHER - MCP client not bound,False,
origenemcp.tool.mousemine_get_geneset_from_mpid,mousemine_get_geneset_from_mpid,tool,OrigeneMCP,mcp,,False,0,NEEDS_DISPATCHER - MCP client not bound,False,
origenemcp.tool.multi_entity_search_by_query_string,multi_entity_search_by_query_string,tool,OrigeneMCP,mcp,opentargets,True,1,ROUTABLE - equivalent live public source available,True,
biomedarena.tool.ncbi_blast,ncbi_blast,tool,BioMedArena,python,ncbi_eutils,True,1,ROUTABLE - equivalent live public source available,True,
biomedarena.tool.ncbi_clinicaltables,ncbi_clinicaltables,tool,BioMedArena,python,ncbi_eutils,True,1,ROUTABLE - equivalent live public source available,True,
biomedarena.tool.ncbi_datasets,ncbi_datasets,tool,BioMedArena,python,ncbi_eutils,True,1,ROUTABLE - equivalent live public source available,True,
stella.tool.nk_gene_analyzer,nk_gene_analyzer,tool,STELLA,python,,False,0,MISSING_DEPS - third-party imports absent,False,
stella.tool.nk_gene_analyzer_enhanced,nk_gene_analyzer_enhanced,tool,STELLA,python,,False,0,MISSING_DEPS - third-party imports absent,False,
genomas.tool.normalize_data,normalize_data,tool,GenoMAS,python,,False,0,MISSING_DEPS - third-party imports absent,False,
genomas.tool.normalize_gene_symbols,normalize_gene_symbols,tool,GenoMAS,python,ncbi_eutils,True,1,ROUTABLE - equivalent live public source available,True,
genomas.tool.normalize_gene_symbols_in_index,normalize_gene_symbols_in_index,tool,GenoMAS,python,ncbi_eutils,True,1,ROUTABLE - equivalent live public source available,True,
stella.tool.normalize_scores,normalize_scores,tool,STELLA,python,,False,0,MISSING_DEPS - third-party imports absent,False,
stella.tool.omim_disease_search,omim_disease_search,tool,STELLA,python,,False,0,MISSING_DEPS - third-party imports absent,False,
biomedarena.tool.opentargets_graphql,opentargets_graphql,tool,BioMedArena,python,opentargets,True,1,ROUTABLE - equivalent live public source available,True,
stella.tool.orphanet_rare_disease_search,orphanet_rare_disease_search,tool,STELLA,python,,False,0,MISSING_DEPS - third-party imports absent,False,
robin.tool.output_to_string,output_to_string,tool,Robin,mcp,,False,0,NEEDS_DISPATCHER - MCP client not bound,False,
origenemcp.tool.paper_search,paper_search,tool,OrigeneMCP,mcp,,False,0,NEEDS_DISPATCHER - MCP client not bound,False,
stella.tool.parse_hpo_obo,parse_hpo_obo,tool,STELLA,python,,False,0,MISSING_DEPS - third-party imports absent,False,
stella.tool.parse_mmseqs_search_results,parse_mmseqs_search_results,tool,STELLA,python,,False,0,MISSING_DEPS - third-party imports absent,False,
origenemcp.tool.pdb_get_aggregation_group_provenance,pdb_get_aggregation_group_provenance,tool,OrigeneMCP,mcp,rcsb,True,1,ROUTABLE - equivalent live public source available,True,
origenemcp.tool.pdb_get_branched_entity_instance,pdb_get_branched_entity_instance,tool,OrigeneMCP,mcp,rcsb,True,1,ROUTABLE - equivalent live public source available,True,
origenemcp.tool.pdb_get_drugbank_annotations,pdb_get_drugbank_annotations,tool,OrigeneMCP,mcp,rcsb,True,1,ROUTABLE - equivalent live public source available,True,
origenemcp.tool.pdb_get_entry_groups,pdb_get_entry_groups,tool,OrigeneMCP,mcp,rcsb,True,1,ROUTABLE - equivalent live public source available,True,
origenemcp.tool.pdb_get_nonpolymer_entity_groups,pdb_get_nonpolymer_entity_groups,tool,OrigeneMCP,mcp,rcsb,True,1,ROUTABLE - equivalent live public source available,True,
origenemcp.tool.pdb_get_nonpolymer_entity_instance,pdb_get_nonpolymer_entity_instance,tool,OrigeneMCP,mcp,rcsb,True,1,ROUTABLE - equivalent live public source available,True,
origenemcp.tool.pdb_get_pdb_cluster_data_aggregation,pdb_get_pdb_cluster_data_aggregation,tool,OrigeneMCP,mcp,rcsb,True,1,ROUTABLE - equivalent live public source available,True,
origenemcp.tool.pdb_get_pdb_cluster_data_aggregation_method,pdb_get_pdb_cluster_data_aggregation_method,tool,OrigeneMCP,mcp,rcsb,True,1,ROUTABLE - equivalent live public source available,True,
origenemcp.tool.pdb_get_polymer_entity_groups,pdb_get_polymer_entity_groups,tool,OrigeneMCP,mcp,uniprot;rcsb,True,2,ROUTABLE - equivalent live public source available,True,
origenemcp.tool.pdb_get_polymer_entity_instance,pdb_get_polymer_entity_instance,tool,OrigeneMCP,mcp,rcsb,True,1,ROUTABLE - equivalent live public source available,True,
origenemcp.tool.pdb_get_polymer_interface,pdb_get_polymer_interface,tool,OrigeneMCP,mcp,rcsb,True,1,ROUTABLE - equivalent live public source available,True,
origenemcp.tool.pdb_get_residue_chains,pdb_get_residue_chains,tool,OrigeneMCP,mcp,rcsb,True,1,ROUTABLE - equivalent live public source available,True,
origenemcp.tool.pdb_get_structural_assembly,pdb_get_structural_assembly,tool,OrigeneMCP,mcp,rcsb,True,1,ROUTABLE - equivalent live public source available,True,
origenemcp.tool.pdb_get_uniprot_annotations,pdb_get_uniprot_annotations,tool,OrigeneMCP,mcp,uniprot;rcsb,True,2,ROUTABLE - equivalent live public source available,True,
origenemcp.tool.phipster_get_hpid_list_by_vpid,phipster_get_hpid_list_by_vpid,tool,OrigeneMCP,subprocess,,False,0,"NEEDS_UPSTREAM_CHECKOUT - federated, project not installed",False,
origenemcp.tool.phipster_hpid_list_to_hpname_list,phipster_hpid_list_to_hpname_list,tool,OrigeneMCP,subprocess,,False,0,"NEEDS_UPSTREAM_CHECKOUT - federated, project not installed",False,
origenemcp.tool.phipster_vpname2vpid,phipster_vpname2vpid,tool,OrigeneMCP,subprocess,,False,0,"NEEDS_UPSTREAM_CHECKOUT - federated, project not installed",False,
agentomics.tool.plots_compare_splits_page_flowables,plots_compare_splits_page_flowables,tool,Agentomics,python,,False,0,MISSING_DEPS - third-party imports absent,False,
origenemcp.tool.post_archive_id,post_archive_id,tool,OrigeneMCP,mcp,ensembl,True,1,ROUTABLE - equivalent live public source available,True,
origenemcp.tool.post_ga4gh_beacon_query,post_ga4gh_beacon_query,tool,OrigeneMCP,mcp,ensembl,True,1,ROUTABLE - equivalent live public source available,True,
origenemcp.tool.post_ga4gh_callsets_search,post_ga4gh_callsets_search,tool,OrigeneMCP,mcp,ensembl,True,1,ROUTABLE - equivalent live public source available,True,
origenemcp.tool.post_ga4gh_datasets_search,post_ga4gh_datasets_search,tool,OrigeneMCP,mcp,ensembl,True,1,ROUTABLE - equivalent live public source available,True,
origenemcp.tool.post_ga4gh_features_search,post_ga4gh_features_search,tool,OrigeneMCP,mcp,ensembl,True,1,ROUTABLE - equivalent live public source available,True,
origenemcp.tool.post_ga4gh_featuresets_search,post_ga4gh_featuresets_search,tool,OrigeneMCP,mcp,ensembl,True,1,ROUTABLE - equivalent live public source available,True,
origenemcp.tool.post_ga4gh_references_search,post_ga4gh_references_search,tool,OrigeneMCP,mcp,ensembl,True,1,ROUTABLE - equivalent live public source available,True,
origenemcp.tool.post_ga4gh_variantannotations_search,post_ga4gh_variantannotations_search,tool,OrigeneMCP,mcp,ensembl,True,1,ROUTABLE - equivalent live public source available,True,
origenemcp.tool.post_ga4gh_variantannotationsets_search,post_ga4gh_variantannotationsets_search,tool,OrigeneMCP,mcp,ensembl,True,1,ROUTABLE - equivalent live public source available,True,
origenemcp.tool.post_ga4gh_variantsets_search,post_ga4gh_variantsets_search,tool,OrigeneMCP,mcp,ensembl,True,1,ROUTABLE - equivalent live public source available,True,
origenemcp.tool.post_lookup_id,post_lookup_id,tool,OrigeneMCP,mcp,ensembl,True,1,ROUTABLE - equivalent live public source available,True,
origenemcp.tool.post_lookup_symbol,post_lookup_symbol,tool,OrigeneMCP,mcp,ensembl,True,1,ROUTABLE - equivalent live public source available,True,
origenemcp.tool.post_sequence_id,post_sequence_id,tool,OrigeneMCP,mcp,ensembl,True,1,ROUTABLE - equivalent live public source available,True,
origenemcp.tool.post_variation,post_variation,tool,OrigeneMCP,mcp,ensembl,True,1,ROUTABLE - equivalent live public source available,True,
origenemcp.tool.post_vep_hgvs,post_vep_hgvs,tool,OrigeneMCP,mcp,ensembl;clinicaltrials,True,2,ROUTABLE - equivalent live public source available,True,
origenemcp.tool.post_vep_id,post_vep_id,tool,OrigeneMCP,mcp,ensembl;clinicaltrials,True,2,ROUTABLE - equivalent live public source available,True,
origenemcp.tool.post_vep_region,post_vep_region,tool,OrigeneMCP,mcp,ensembl,True,1,ROUTABLE - equivalent live public source available,True,
agentomics.tool.pretty_print_code,pretty_print_code,tool,Agentomics,python,,False,0,MISSING_DEPS - third-party imports absent,False,
genomas.tool.preview_df,preview_df,tool,GenoMAS,python,,False,0,MISSING_UPSTREAM - upstream package not installed,False,
biomedarena.tool.pride_request,pride_request,tool,BioMedArena,python,,False,0,MISSING_DEPS - third-party imports absent,False,
stella.tool.protein_seq_featurizer,protein_seq_featurizer,tool,STELLA,python,,False,0,MISSING_DEPS - third-party imports absent,False,
stella.tool.pubchem_drug_gene_search,pubchem_drug_gene_search,tool,STELLA,python,pubchem,True,1,ROUTABLE - equivalent live public source available,True,
biomedagent.tool.push_code,push_code,tool,BioMedAgent,subprocess,,False,0,"NEEDS_UPSTREAM_CHECKOUT - federated, project not installed",False,
biomni.tool.query_alphafold,query_alphafold,tool,Biomni,python,uniprot,True,1,ROUTABLE - equivalent live public source available,True,
biomni.tool.query_arxiv,query_arxiv,tool,Biomni,python,,False,0,MISSING_UPSTREAM - upstream package not installed,False,
biomni.tool.query_chembl,query_chembl,tool,Biomni,python,chembl,True,1,ROUTABLE - equivalent live public source available,True,
biomni.tool.query_clinicaltrials,query_clinicaltrials,tool,Biomni,python,clinicaltrials,True,1,ROUTABLE - equivalent live public source available,True,
biomni.tool.query_clinvar,query_clinvar,tool,Biomni,python,ncbi_eutils,True,1,ROUTABLE - equivalent live public source available,True,
biomni.tool.query_dailymed,query_dailymed,tool,Biomni,python,openfda,True,1,ROUTABLE - equivalent live public source available,True,
biomni.tool.query_dbsnp,query_dbsnp,tool,Biomni,python,ncbi_eutils,True,1,ROUTABLE - equivalent live public source available,True,
biomni.tool.query_emdb,query_emdb,tool,Biomni,python,,False,0,MISSING_UPSTREAM - upstream package not installed,False,
biomni.tool.query_encode,query_encode,tool,Biomni,python,clinicaltrials,True,1,ROUTABLE - equivalent live public source available,True,
biomni.tool.query_ensembl,query_ensembl,tool,Biomni,python,ensembl,True,1,ROUTABLE - equivalent live public source available,True,
biomni.tool.query_geo,query_geo,tool,Biomni,python,ncbi_eutils,True,1,ROUTABLE - equivalent live public source available,True,
biomni.tool.query_gnomad,query_gnomad,tool,Biomni,python,gnomad,True,1,ROUTABLE - equivalent live public source available,True,
biomni.tool.query_gtopdb,query_gtopdb,tool,Biomni,python,rcsb,True,1,ROUTABLE - equivalent live public source available,True,
biomni.tool.query_gwas_catalog,query_gwas_catalog,tool,Biomni,python,,False,0,MISSING_UPSTREAM - upstream package not installed,False,
biomni.tool.query_interpro,query_interpro,tool,Biomni,python,,False,0,MISSING_UPSTREAM - upstream package not installed,False,
biomni.tool.query_jaspar,query_jaspar,tool,Biomni,python,,False,0,MISSING_UPSTREAM - upstream package not installed,False,
biomni.tool.query_openfda,query_openfda,tool,Biomni,python,openfda,True,1,ROUTABLE - equivalent live public source available,True,
biomni.tool.query_opentarget,query_opentarget,tool,Biomni,python,opentargets,True,1,ROUTABLE - equivalent live public source available,True,
stella.tool.query_opentarget_genetics,query_opentarget_genetics,tool,STELLA,python,opentargets,True,1,ROUTABLE - equivalent live public source available,True,
biomni.tool.query_pdb,query_pdb,tool,Biomni,python,rcsb,True,1,ROUTABLE - equivalent live public source available,True,
biomni.tool.query_pdb_identifiers,query_pdb_identifiers,tool,Biomni,python,rcsb,True,1,ROUTABLE - equivalent live public source available,True,
biomni.tool.query_pride,query_pride,tool,Biomni,python,,False,0,MISSING_UPSTREAM - upstream package not installed,False,
biomni.tool.query_pubchem,query_pubchem,tool,Biomni,python,pubchem,True,1,ROUTABLE - equivalent live public source available,True,
biomni.tool.query_quickgo,query_quickgo,tool,Biomni,python,,False,0,MISSING_UPSTREAM - upstream package not installed,False,
biomni.tool.query_scholar,query_scholar,tool,Biomni,python,,False,0,MISSING_UPSTREAM - upstream package not installed,False,
biomni.tool.query_stringdb,query_stringdb,tool,Biomni,python,string,True,1,ROUTABLE - equivalent live public source available,True,
biomni.tool.query_ucsc,query_ucsc,tool,Biomni,python,,False,0,MISSING_UPSTREAM - upstream package not installed,False,
stella.tool.quick_tool_stats,quick_tool_stats,tool,STELLA,python,,False,0,MISSING_DEPS - third-party imports absent,False,
biomedarena.tool.quickgo_request,quickgo_request,tool,BioMedArena,python,,False,0,MISSING_DEPS - third-party imports absent,False,
stella.tool.reactome_pathway_search,reactome_pathway_search,tool,STELLA,python,reactome,True,1,ROUTABLE - equivalent live public source available,True,
biomedarena.tool.reactome_query,reactome_query,tool,BioMedArena,python,reactome,True,1,ROUTABLE - equivalent live public source available,True,
biomni.tool.read_function_source_code,read_function_source_code,tool,Biomni,python,clinicaltrials,True,1,ROUTABLE - equivalent live public source available,True,
genomas.tool.read_json_to_dataframe,read_json_to_dataframe,tool,GenoMAS,python,,False,0,MISSING_DEPS - third-party imports absent,False,
genomas.tool.read_keywords,read_keywords,tool,GenoMAS,python,ncbi_eutils,True,1,ROUTABLE - equivalent live public source available,True,
biomni.tool.read_local_protocol,read_local_protocol,tool,Biomni,python,,False,0,MISSING_UPSTREAM - upstream package not installed,False,
stella.tool.read_seq_from_fasta,read_seq_from_fasta,tool,STELLA,python,,False,0,MISSING_DEPS - third-party imports absent,False,
agentomics.tool.record_input_dir_structure,record_input_dir_structure,tool,Agentomics,python,,False,0,MISSING_UPSTREAM - upstream package not installed,False,
stella.tool.refresh_agent_tools,refresh_agent_tools,tool,STELLA,python,,False,0,MISSING_DEPS - third-party imports absent,False,
agentomics.tool.replace_string_in_tree_files,replace_string_in_tree_files,tool,Agentomics,python,,False,0,MISSING_DEPS - third-party imports absent,False,
crispr-gpt.tool.reset_chat,reset_chat,tool,CRISPR-GPT,subprocess,,False,0,"NEEDS_UPSTREAM_CHECKOUT - federated, project not installed",False,
origenemcp.tool.retrieve_drug_name_by_device_use,retrieve_drug_name_by_device_use,tool,OrigeneMCP,mcp,openfda,True,1,ROUTABLE - equivalent live public source available,True,
biomedarena.tool.rhea_request,rhea_request,tool,BioMedArena,python,,False,0,MISSING_DEPS - third-party imports absent,False,
autoba.tool.run,run,tool,AutoBA,python,ensembl,True,1,ROUTABLE - equivalent live public source available,True,
stella.tool.run_clean_ec_prediction,run_clean_ec_prediction,tool,STELLA,python,,False,0,MISSING_DEPS - third-party imports absent,False,
stella.tool.run_ephod_prediction,run_ephod_prediction,tool,STELLA,python,,False,0,MISSING_DEPS - third-party imports absent,False,
stella.tool.run_esm_mutation_prediction,run_esm_mutation_prediction,tool,STELLA,python,,False,0,MISSING_DEPS - third-party imports absent,False,
agentomics.tool.run_inference_on_split,run_inference_on_split,tool,Agentomics,python,,False,0,MISSING_DEPS - third-party imports absent,False,
stella.tool.run_iqtree_reconstruct_phylogenetic_trees,run_iqtree_reconstruct_phylogenetic_trees,tool,STELLA,python,,False,0,MISSING_DEPS - third-party imports absent,False,
stella.tool.run_jailbreak_hiv,run_jailbreak_hiv,tool,STELLA,python,,False,0,MISSING_DEPS - third-party imports absent,False,
stella.tool.run_mmseqs_cluster,run_mmseqs_cluster,tool,STELLA,python,,False,0,MISSING_DEPS - third-party imports absent,False,
stella.tool.run_mmseqs_search,run_mmseqs_search,tool,STELLA,python,,False,0,MISSING_DEPS - third-party imports absent,False,
stella.tool.run_prime_mutation_prediction,run_prime_mutation_prediction,tool,STELLA,python,,False,0,MISSING_DEPS - third-party imports absent,False,
stella.tool.run_prime_ogt_prediction,run_prime_ogt_prediction,tool,STELLA,python,,False,0,MISSING_DEPS - third-party imports absent,False,
biomni.tool.run_python_repl,run_python_repl,tool,Biomni,python,,False,0,MISSING_UPSTREAM - upstream package not installed,False,
stella.tool.sanitize_bio_dataset,sanitize_bio_dataset,tool,STELLA,python,,False,0,MISSING_DEPS - third-party imports absent,False,
crispr-gpt.tool.save_chat,save_chat,tool,CRISPR-GPT,subprocess,,False,0,"NEEDS_UPSTREAM_CHECKOUT - federated, project not installed",False,
genomas.tool.save_result,save_result,tool,GenoMAS,python,,False,0,MISSING_DEPS - third-party imports absent,False,
stella.tool.screen_data_analysis,screen_data_analysis,tool,STELLA,python,,False,0,MISSING_DEPS - third-party imports absent,False,
origenemcp.tool.search_category_counts_by_query_string,search_category_counts_by_query_string,tool,OrigeneMCP,mcp,opentargets,True,1,ROUTABLE - equivalent live public source available,True,
origenemcp.tool.search_chembl_id_lookup,search_chembl_id_lookup,tool,OrigeneMCP,mcp,chembl,True,1,ROUTABLE - equivalent live public source available,True,
origenemcp.tool.search_gene_centric,search_gene_centric,tool,OrigeneMCP,mcp,uniprot,True,1,ROUTABLE - equivalent live public source available,True,
origenemcp.tool.search_protein_classification,search_protein_classification,tool,OrigeneMCP,mcp,chembl,True,1,ROUTABLE - equivalent live public source available,True,
biomni.tool.search_protocols,search_protocols,tool,Biomni,python,,False,0,MISSING_UPSTREAM - upstream package not installed,False,
origenemcp.tool.search_pubchem_advanced,search_pubchem_advanced,tool,OrigeneMCP,mcp,pubchem,True,1,ROUTABLE - equivalent live public source available,True,
origenemcp.tool.search_pubchem_by_name,search_pubchem_by_name,tool,OrigeneMCP,mcp,pubchem,True,1,ROUTABLE - equivalent live public source available,True,
origenemcp.tool.search_uniref_clusters,search_uniref_clusters,tool,OrigeneMCP,mcp,uniprot,True,1,ROUTABLE - equivalent live public source available,True,
genomas.tool.select_and_load_cohort,select_and_load_cohort,tool,GenoMAS,python,clinicaltrials,True,1,ROUTABLE - equivalent live public source available,True,
stella.tool.sequence_check,sequence_check,tool,STELLA,python,,False,0,MISSING_UPSTREAM - upstream package not installed,False,
stella.tool.simple_llm_call,simple_llm_call,tool,STELLA,python,clinicaltrials,True,1,ROUTABLE - equivalent live public source available,True,
crispr-gpt.tool.sort_table,sort_table,tool,CRISPR-GPT,subprocess,,False,0,"NEEDS_UPSTREAM_CHECKOUT - federated, project not installed",False,
stella.tool.split_result_and_answers,split_result_and_answers,tool,STELLA,python,,False,0,MISSING_DEPS - third-party imports absent,False,
origenemcp.tool.stream_gene_centric,stream_gene_centric,tool,OrigeneMCP,mcp,uniprot,True,1,ROUTABLE - equivalent live public source available,True,
origenemcp.tool.stream_uniparc_cross_references_by_upi,stream_uniparc_cross_references_by_upi,tool,OrigeneMCP,mcp,uniprot,True,1,ROUTABLE - equivalent live public source available,True,
origenemcp.tool.stream_uniref_clusters,stream_uniref_clusters,tool,OrigeneMCP,mcp,uniprot,True,1,ROUTABLE - equivalent live public source available,True,
stella.tool.string_database_search,string_database_search,tool,STELLA,python,,False,0,MISSING_DEPS - third-party imports absent,False,
biomedarena.tool.string_request,string_request,tool,BioMedArena,python,,False,0,MISSING_DEPS - third-party imports absent,False,
crispr-gpt.tool.subset_between,subset_between,tool,CRISPR-GPT,subprocess,,False,0,"NEEDS_UPSTREAM_CHECKOUT - federated, project not installed",False,
crispr-gpt.tool.subset_value,subset_value,tool,CRISPR-GPT,subprocess,,False,0,"NEEDS_UPSTREAM_CHECKOUT - federated, project not installed",False,
origenemcp.tool.target_disease_evidence,target_disease_evidence,tool,OrigeneMCP,mcp,ensembl;opentargets,True,2,ROUTABLE - equivalent live public source available,True,
origenemcp.tool.tavily_search,tavily_search,tool,OrigeneMCP,subprocess,,False,0,"NEEDS_UPSTREAM_CHECKOUT - federated, project not installed",False,
genomas.tool.tcga_convert_age,tcga_convert_age,tool,GenoMAS,python,,False,0,MISSING_UPSTREAM - upstream package not installed,False,
genomas.tool.tcga_convert_gender,tcga_convert_gender,tool,GenoMAS,python,,False,0,MISSING_UPSTREAM - upstream package not installed,False,
genomas.tool.tcga_convert_trait,tcga_convert_trait,tool,GenoMAS,python,,False,0,MISSING_UPSTREAM - upstream package not installed,False,
genomas.tool.tcga_get_relevant_filepaths,tcga_get_relevant_filepaths,tool,GenoMAS,python,,False,0,MISSING_UPSTREAM - upstream package not installed,False,
genomas.tool.tcga_select_clinical_features,tcga_select_clinical_features,tool,GenoMAS,python,,False,0,MISSING_UPSTREAM - upstream package not installed,False,
stella.tool.test_evaluate_response,test_evaluate_response,tool,STELLA,python,clinicaltrials,True,1,ROUTABLE - equivalent live public source available,True,
stella.tool.test_kegg_pathway_search,test_kegg_pathway_search,tool,STELLA,python,clinicaltrials;kegg,True,2,ROUTABLE - equivalent live public source available,True,
stella.tool.test_protocol_evaluator,test_protocol_evaluator,tool,STELLA,python,clinicaltrials,True,1,ROUTABLE - equivalent live public source available,True,
biomedagent.tool.time_dir,time_dir,tool,BioMedAgent,subprocess,,False,0,"NEEDS_UPSTREAM_CHECKOUT - federated, project not installed",False,
biomedarena.tool.tpmi_phewas,tpmi_phewas,tool,BioMedArena,python,,False,0,MISSING_DEPS - third-party imports absent,False,
genomas.tool.tune_hyperparameters,tune_hyperparameters,tool,GenoMAS,python,clinicaltrials,True,1,ROUTABLE - equivalent live public source available,True,
biomedarena.tool.ukb_topmed_phewas,ukb_topmed_phewas,tool,BioMedArena,python,,False,0,MISSING_DEPS - third-party imports absent,False,
biomedarena.tool.uncategorised_tools,uncategorised_tools,tool,BioMedArena,python,,False,0,MISSING_UPSTREAM - upstream package not installed,False,
biomedarena.tool.uniprot_lookup,uniprot_lookup,tool,BioMedArena,python,uniprot,True,1,ROUTABLE - equivalent live public source available,True,
stella.tool.uniprot_variants_search,uniprot_variants_search,tool,STELLA,python,uniprot,True,1,ROUTABLE - equivalent live public source available,True,
genomas.tool.validate_and_save_cohort_info,validate_and_save_cohort_info,tool,GenoMAS,python,,False,0,MISSING_UPSTREAM - upstream package not installed,False,
stella.tool.validate_genes,validate_genes,tool,STELLA,python,,False,0,MISSING_DEPS - third-party imports absent,False,
agentomics.tool.validate_split_entries,validate_split_entries,tool,Agentomics,python,,False,0,MISSING_UPSTREAM - upstream package not installed,False,
agentomics.tool.validate_splits,validate_splits,tool,Agentomics,python,,False,0,MISSING_UPSTREAM - upstream package not installed,False,
stella.tool.visit_webpage,visit_webpage,tool,STELLA,python,,False,0,MISSING_DEPS - third-party imports absent,False,
stella.tool.wikipathways_search,wikipathways_search,tool,STELLA,python,,False,0,MISSING_DEPS - third-party imports absent,False,
agentomics.tool.write_raw_split,write_raw_split,tool,Agentomics,python,,False,0,MISSING_DEPS - third-party imports absent,False,
agentomics.tool.write_split,write_split,tool,Agentomics,python,,False,0,MISSING_DEPS - third-party imports absent,False,
biomni.tool.analyze_aortic_diameter_and_geometry,analyze_aortic_diameter_and_geometry,tool,Biomni,python,,False,0,MISSING_UPSTREAM - upstream package not installed,False,
biomni.tool.prepare_input_for_nnunet,prepare_input_for_nnunet,tool,Biomni,python,,False,0,MISSING_UPSTREAM - upstream package not installed,False,
biomni.tool.quick_deformable_registration,quick_deformable_registration,tool,Biomni,python,,False,0,MISSING_UPSTREAM - upstream package not installed,False,
biomni.tool.split_modalities,split_modalities,tool,Biomni,python,,False,0,MISSING_UPSTREAM - upstream package not installed,False,
stella.tool.biomedical_literature_analyzer,biomedical_literature_analyzer,tool,STELLA,python,,False,0,MISSING_DEPS - third-party imports absent,False,
stella.tool.disease_gene_search,disease_gene_search,tool,STELLA,python,,False,0,MISSING_DEPS - third-party imports absent,False,
stella.tool.gene2phenotype_search,gene2phenotype_search,tool,STELLA,python,,False,0,MISSING_DEPS - third-party imports absent,False,
origenemcp.tool.get_assay_summary_by_cid,get_assay_summary_by_cid,tool,OrigeneMCP,mcp,pubchem,True,1,ROUTABLE - equivalent live public source available,True,
origenemcp.tool.get_assay_summary_by_sid,get_assay_summary_by_sid,tool,OrigeneMCP,mcp,pubchem,True,1,ROUTABLE - equivalent live public source available,True,
origenemcp.tool.get_functional_annotation,get_functional_annotation,tool,OrigeneMCP,mcp,uniprot;ncbi_eutils;clinicaltrials;kegg,True,4,ROUTABLE - equivalent live public source available,True,
origenemcp.tool.get_phenotype_accession,get_phenotype_accession,tool,OrigeneMCP,mcp,ensembl,True,1,ROUTABLE - equivalent live public source available,True,
origenemcp.tool.get_phenotype_gene,get_phenotype_gene,tool,OrigeneMCP,mcp,ensembl,True,1,ROUTABLE - equivalent live public source available,True,
origenemcp.tool.get_publications_by_disease_efoid,get_publications_by_disease_efoId,tool,OrigeneMCP,mcp,ncbi_eutils;opentargets,True,2,ROUTABLE - equivalent live public source available,True,
origenemcp.tool.get_publications_by_disease_name,get_publications_by_disease_name,tool,OrigeneMCP,mcp,ncbi_eutils;openfda;opentargets,True,3,ROUTABLE - equivalent live public source available,True,
origenemcp.tool.get_publications_by_drug_chemblid,get_publications_by_drug_chemblId,tool,OrigeneMCP,mcp,ncbi_eutils;chembl;opentargets,True,3,ROUTABLE - equivalent live public source available,True,
origenemcp.tool.get_publications_by_drug_name,get_publications_by_drug_name,tool,OrigeneMCP,mcp,ncbi_eutils;openfda;opentargets,True,3,ROUTABLE - equivalent live public source available,True,
origenemcp.tool.get_publications_by_target_ensemblid,get_publications_by_target_ensemblID,tool,OrigeneMCP,mcp,ensembl;ncbi_eutils;opentargets,True,3,ROUTABLE - equivalent live public source available,True,
origenemcp.tool.get_publications_by_target_name,get_publications_by_target_name,tool,OrigeneMCP,mcp,ncbi_eutils;openfda;opentargets,True,3,ROUTABLE - equivalent live public source available,True,
geneagent.tool.get_pubmed_articles,get_pubmed_articles,tool,GeneAgent,python,ncbi_eutils,True,1,ROUTABLE - equivalent live public source available,True,
origenemcp.tool.get_similar_entities_by_disease_efoid,get_similar_entities_by_disease_efoId,tool,OrigeneMCP,mcp,ncbi_eutils;opentargets,True,2,ROUTABLE - equivalent live public source available,True,
origenemcp.tool.get_similar_entities_by_disease_name,get_similar_entities_by_disease_name,tool,OrigeneMCP,mcp,ncbi_eutils;openfda;opentargets,True,3,ROUTABLE - equivalent live public source available,True,
origenemcp.tool.get_similar_entities_by_drug_chemblid,get_similar_entities_by_drug_chemblId,tool,OrigeneMCP,mcp,ncbi_eutils;chembl;opentargets,True,3,ROUTABLE - equivalent live public source available,True,
origenemcp.tool.get_similar_entities_by_drug_name,get_similar_entities_by_drug_name,tool,OrigeneMCP,mcp,ncbi_eutils;openfda;opentargets,True,3,ROUTABLE - equivalent live public source available,True,
origenemcp.tool.get_similar_entities_by_target_ensemblid,get_similar_entities_by_target_ensemblID,tool,OrigeneMCP,mcp,ensembl;ncbi_eutils;opentargets,True,3,ROUTABLE - equivalent live public source available,True,
origenemcp.tool.get_similar_entities_by_target_name,get_similar_entities_by_target_name,tool,OrigeneMCP,mcp,ncbi_eutils;openfda;opentargets,True,3,ROUTABLE - equivalent live public source available,True,
origenemcp.tool.get_target_interactions_by_ensemblid,get_target_interactions_by_ensemblID,tool,OrigeneMCP,mcp,ensembl;opentargets,True,2,ROUTABLE - equivalent live public source available,True,
origenemcp.tool.get_target_safety_profile_by_ensemblid,get_target_safety_profile_by_ensemblID,tool,OrigeneMCP,mcp,ensembl;opentargets,True,2,ROUTABLE - equivalent live public source available,True,
origenemcp.tool.get_variation_pmcid,get_variation_pmcid,tool,OrigeneMCP,mcp,ensembl;ncbi_eutils,True,2,ROUTABLE - equivalent live public source available,True,
origenemcp.tool.get_variation_pmid,get_variation_pmid,tool,OrigeneMCP,mcp,ensembl;ncbi_eutils,True,2,ROUTABLE - equivalent live public source available,True,
origenemcp.tool.pdb_get_pubmed_annotations,pdb_get_pubmed_annotations,tool,OrigeneMCP,mcp,ncbi_eutils;rcsb,True,2,ROUTABLE - equivalent live public source available,True,
origenemcp.tool.pdb_get_structure,pdb_get_structure,tool,OrigeneMCP,mcp,rcsb,True,1,ROUTABLE - equivalent live public source available,True,
biomni.tool.query_pubmed,query_pubmed,tool,Biomni,python,ncbi_eutils,True,1,ROUTABLE - equivalent live public source available,True,
stella.tool.test_biomedical_literature_analyzer,test_biomedical_literature_analyzer,tool,STELLA,python,,False,0,MISSING_DEPS - third-party imports absent,False,
biomni.tool.analyze_cell_senescence_and_apoptosis,analyze_cell_senescence_and_apoptosis,tool,Biomni,python,,False,0,MISSING_UPSTREAM - upstream package not installed,False,
biomni.tool.analyze_copy_number_purity_ploidy_and_focal_events,analyze_copy_number_purity_ploidy_and_focal_events,tool,Biomni,python,,False,0,MISSING_UPSTREAM - upstream package not installed,False,
biomni.tool.analyze_ddr_network_in_cancer,analyze_ddr_network_in_cancer,tool,Biomni,python,,False,0,MISSING_UPSTREAM - upstream package not installed,False,
biomni.tool.detect_and_annotate_somatic_mutations,detect_and_annotate_somatic_mutations,tool,Biomni,python,clinicaltrials,True,1,ROUTABLE - equivalent live public source available,True,
biomni.tool.detect_and_characterize_structural_variations,detect_and_characterize_structural_variations,tool,Biomni,python,ncbi_eutils,True,1,ROUTABLE - equivalent live public source available,True,
biomni.tool.perform_gene_expression_nmf_analysis,perform_gene_expression_nmf_analysis,tool,Biomni,python,,False,0,MISSING_UPSTREAM - upstream package not installed,False,
biomni.tool.analyze_ebv_antibody_titers,analyze_ebv_antibody_titers,tool,Biomni,python,,False,0,MISSING_UPSTREAM - upstream package not installed,False,
stella.tool.extract_seq_from_structure,extract_seq_from_structure,tool,STELLA,python,rcsb,True,1,ROUTABLE - equivalent live public source available,True,
origenemcp.tool.get_functional_enrichment,get_functional_enrichment,tool,OrigeneMCP,mcp,uniprot;ncbi_eutils;clinicaltrials;kegg,True,4,ROUTABLE - equivalent live public source available,True,
origenemcp.tool.get_gene_centric_by_accession,get_gene_centric_by_accession,tool,OrigeneMCP,mcp,uniprot,True,1,ROUTABLE - equivalent live public source available,True,
origenemcp.tool.get_gene_centric_by_proteome,get_gene_centric_by_proteome,tool,OrigeneMCP,mcp,uniprot,True,1,ROUTABLE - equivalent live public source available,True,
origenemcp.tool.get_proteome_by_id,get_proteome_by_id,tool,OrigeneMCP,mcp,uniprot,True,1,ROUTABLE - equivalent live public source available,True,
stella.tool.molecular_docking_tool,molecular_docking_tool,tool,STELLA,python,rcsb,True,1,ROUTABLE - equivalent live public source available,True,
stella.tool.run_boltz_protein_structure_prediction,run_boltz_protein_structure_prediction,tool,STELLA,python,,False,0,MISSING_DEPS - third-party imports absent,False,
stella.tool.run_chroma_redesign,run_chroma_redesign,tool,STELLA,python,rcsb,True,1,ROUTABLE - equivalent live public source available,True,
stella.tool.run_foldseek_search,run_foldseek_search,tool,STELLA,python,rcsb,True,1,ROUTABLE - equivalent live public source available,True,
stella.tool.run_foldx_mutation_prediction,run_foldx_mutation_prediction,tool,STELLA,python,,False,0,MISSING_DEPS - third-party imports absent,False,
stella.tool.run_ligandmpnn_redesign,run_ligandmpnn_redesign,tool,STELLA,python,rcsb,True,1,ROUTABLE - equivalent live public source available,True,
stella.tool.run_rosetta_mutation_prediction,run_rosetta_mutation_prediction,tool,STELLA,python,,False,0,MISSING_DEPS - third-party imports absent,False,
origenemcp.tool.search_proteomes,search_proteomes,tool,OrigeneMCP,mcp,uniprot,True,1,ROUTABLE - equivalent live public source available,True,
origenemcp.tool.stream_proteomes,stream_proteomes,tool,OrigeneMCP,mcp,uniprot,True,1,ROUTABLE - equivalent live public source available,True,
origenemcp.tool.get_cell_line_by_id,get_cell_line_by_id,tool,OrigeneMCP,mcp,chembl,True,1,ROUTABLE - equivalent live public source available,True,
origenemcp.tool.tcga_immune_correlation_analysis,tcga_immune_correlation_analysis,tool,OrigeneMCP,subprocess,,False,0,"NEEDS_UPSTREAM_CHECKOUT - federated, project not installed",False,
biomni.tool.bayesian_finemapping_with_deep_vi,bayesian_finemapping_with_deep_vi,tool,Biomni,python,,False,0,MISSING_UPSTREAM - upstream package not installed,False,
origenemcp.tool.check_genome_accessions,check_genome_accessions,tool,OrigeneMCP,mcp,ncbi_eutils,True,1,ROUTABLE - equivalent live public source available,True,
stella.tool.clingen_search,clingen_search,tool,STELLA,python,,False,0,MISSING_DEPS - third-party imports absent,False,
origenemcp.tool.clinvar_query_variant_significance,clinvar_query_variant_significance,tool,OrigeneMCP,mcp,ncbi_eutils,True,1,ROUTABLE - equivalent live public source available,True,
origenemcp.tool.depmap_comprehensive_analysis,depmap_comprehensive_analysis,tool,OrigeneMCP,mcp,,False,0,NEEDS_DISPATCHER - MCP client not bound,False,
origenemcp.tool.drug_pharmacogenomics_data,drug_pharmacogenomics_data,tool,OrigeneMCP,mcp,chembl;opentargets,True,2,ROUTABLE - equivalent live public source available,True,
biomni.tool.generate_gene_embeddings_with_esm_models,generate_gene_embeddings_with_ESM_models,tool,Biomni,python,ensembl;clinicaltrials,True,2,ROUTABLE - equivalent live public source available,True,
biomni.tool.generate_transcriptformer_embeddings,generate_transcriptformer_embeddings,tool,Biomni,python,ensembl;clinicaltrials,True,2,ROUTABLE - equivalent live public source available,True,
genomas.tool.get_geo_series_access,get_GEO_series_access,tool,GenoMAS,python,ncbi_eutils,True,1,ROUTABLE - equivalent live public source available,True,
origenemcp.tool.get_alignment_region,get_alignment_region,tool,OrigeneMCP,mcp,ensembl;clinicaltrials,True,2,ROUTABLE - equivalent live public source available,True,
origenemcp.tool.get_assembly_region_info,get_assembly_region_info,tool,OrigeneMCP,mcp,ensembl,True,1,ROUTABLE - equivalent live public source available,True,
origenemcp.tool.get_chromosome_sequence,get_chromosome_sequence,tool,OrigeneMCP,mcp,,False,0,NEEDS_DISPATCHER - MCP client not bound,False,
origenemcp.tool.get_cytoband,get_cytoband,tool,OrigeneMCP,mcp,,False,0,NEEDS_DISPATCHER - MCP client not bound,False,
origenemcp.tool.get_ga4gh_referencesets,get_ga4gh_referencesets,tool,OrigeneMCP,mcp,ensembl,True,1,ROUTABLE - equivalent live public source available,True,
biomni.tool.get_gene_coding_sequence,get_gene_coding_sequence,tool,Biomni,python,ncbi_eutils,True,1,ROUTABLE - equivalent live public source available,True,
origenemcp.tool.get_genes_in_region,get_genes_in_region,tool,OrigeneMCP,mcp,ensembl,True,1,ROUTABLE - equivalent live public source available,True,
origenemcp.tool.get_genome_annotation_report,get_genome_annotation_report,tool,OrigeneMCP,mcp,ncbi_eutils,True,1,ROUTABLE - equivalent live public source available,True,
origenemcp.tool.get_genome_annotation_summary,get_genome_annotation_summary,tool,OrigeneMCP,mcp,ncbi_eutils,True,1,ROUTABLE - equivalent live public source available,True,
origenemcp.tool.get_genome_by_accession,get_genome_by_accession,tool,OrigeneMCP,mcp,ncbi_eutils,True,1,ROUTABLE - equivalent live public source available,True,
origenemcp.tool.get_genome_dataset_report_by_accession,get_genome_dataset_report_by_accession,tool,OrigeneMCP,mcp,ncbi_eutils,True,1,ROUTABLE - equivalent live public source available,True,
origenemcp.tool.get_genome_dataset_report_by_assembly_name,get_genome_dataset_report_by_assembly_name,tool,OrigeneMCP,mcp,ncbi_eutils,True,1,ROUTABLE - equivalent live public source available,True,
origenemcp.tool.get_genome_dataset_report_by_bioproject,get_genome_dataset_report_by_bioproject,tool,OrigeneMCP,mcp,ncbi_eutils,True,1,ROUTABLE - equivalent live public source available,True,
origenemcp.tool.get_genome_dataset_report_by_biosample,get_genome_dataset_report_by_biosample,tool,OrigeneMCP,mcp,ncbi_eutils,True,1,ROUTABLE - equivalent live public source available,True,
origenemcp.tool.get_genome_dataset_report_by_taxon,get_genome_dataset_report_by_taxon,tool,OrigeneMCP,mcp,ncbi_eutils,True,1,ROUTABLE - equivalent live public source available,True,
origenemcp.tool.get_genome_dataset_report_by_wgs,get_genome_dataset_report_by_wgs,tool,OrigeneMCP,mcp,ncbi_eutils,True,1,ROUTABLE - equivalent live public source available,True,
origenemcp.tool.get_genome_download,get_genome_download,tool,OrigeneMCP,mcp,ncbi_eutils,True,1,ROUTABLE - equivalent live public source available,True,
origenemcp.tool.get_genome_download_summary,get_genome_download_summary,tool,OrigeneMCP,mcp,ncbi_eutils,True,1,ROUTABLE - equivalent live public source available,True,
origenemcp.tool.get_genome_links,get_genome_links,tool,OrigeneMCP,mcp,ncbi_eutils,True,1,ROUTABLE - equivalent live public source available,True,
origenemcp.tool.get_genome_revision_history,get_genome_revision_history,tool,OrigeneMCP,mcp,ncbi_eutils,True,1,ROUTABLE - equivalent live public source available,True,
origenemcp.tool.get_genome_sequence_reports,get_genome_sequence_reports,tool,OrigeneMCP,mcp,ncbi_eutils,True,1,ROUTABLE - equivalent live public source available,True,
origenemcp.tool.get_homology_id,get_homology_id,tool,OrigeneMCP,mcp,ensembl,True,1,ROUTABLE - equivalent live public source available,True,
origenemcp.tool.get_homology_symbol,get_homology_symbol,tool,OrigeneMCP,mcp,ensembl,True,1,ROUTABLE - equivalent live public source available,True,
origenemcp.tool.get_info_assembly,get_info_assembly,tool,OrigeneMCP,mcp,ensembl,True,1,ROUTABLE - equivalent live public source available,True,
origenemcp.tool.get_info_biotypes,get_info_biotypes,tool,OrigeneMCP,mcp,ensembl,True,1,ROUTABLE - equivalent live public source available,True,
origenemcp.tool.get_info_comparas,get_info_comparas,tool,OrigeneMCP,mcp,ensembl,True,1,ROUTABLE - equivalent live public source available,True,
origenemcp.tool.get_info_eg_version,get_info_eg_version,tool,OrigeneMCP,mcp,ensembl,True,1,ROUTABLE - equivalent live public source available,True,
origenemcp.tool.get_info_genomes,get_info_genomes,tool,OrigeneMCP,mcp,ensembl,True,1,ROUTABLE - equivalent live public source available,True,
origenemcp.tool.get_info_genomes_accession,get_info_genomes_accession,tool,OrigeneMCP,mcp,ensembl,True,1,ROUTABLE - equivalent live public source available,True,
origenemcp.tool.get_info_genomes_assembly,get_info_genomes_assembly,tool,OrigeneMCP,mcp,ensembl,True,1,ROUTABLE - equivalent live public source available,True,
origenemcp.tool.get_info_genomes_division,get_info_genomes_division,tool,OrigeneMCP,mcp,ensembl,True,1,ROUTABLE - equivalent live public source available,True,
origenemcp.tool.get_info_genomes_taxonomy,get_info_genomes_taxonomy,tool,OrigeneMCP,mcp,ensembl,True,1,ROUTABLE - equivalent live public source available,True,
origenemcp.tool.get_info_species,get_info_species,tool,OrigeneMCP,mcp,ensembl,True,1,ROUTABLE - equivalent live public source available,True,
origenemcp.tool.get_info_variation_populations,get_info_variation_populations,tool,OrigeneMCP,mcp,ensembl,True,1,ROUTABLE - equivalent live public source available,True,
origenemcp.tool.get_ld,get_ld,tool,OrigeneMCP,mcp,ensembl,True,1,ROUTABLE - equivalent live public source available,True,
origenemcp.tool.get_ld_region,get_ld_region,tool,OrigeneMCP,mcp,ensembl,True,1,ROUTABLE - equivalent live public source available,True,
origenemcp.tool.get_lookup_symbol,get_lookup_symbol,tool,OrigeneMCP,mcp,ensembl;clinicaltrials,True,2,ROUTABLE - equivalent live public source available,True,
origenemcp.tool.get_map,get_map,tool,OrigeneMCP,mcp,ensembl,True,1,ROUTABLE - equivalent live public source available,True,
origenemcp.tool.get_map_cdna,get_map_cdna,tool,OrigeneMCP,mcp,ensembl,True,1,ROUTABLE - equivalent live public source available,True,
origenemcp.tool.get_map_cds,get_map_cds,tool,OrigeneMCP,mcp,ensembl,True,1,ROUTABLE - equivalent live public source available,True,
origenemcp.tool.get_map_translation,get_map_translation,tool,OrigeneMCP,mcp,ensembl,True,1,ROUTABLE - equivalent live public source available,True,
origenemcp.tool.get_overlap_region,get_overlap_region,tool,OrigeneMCP,mcp,ensembl,True,1,ROUTABLE - equivalent live public source available,True,
origenemcp.tool.get_overlap_translation,get_overlap_translation,tool,OrigeneMCP,mcp,ensembl,True,1,ROUTABLE - equivalent live public source available,True,
origenemcp.tool.get_pharmacogenomics_info_by_drug_name,get_pharmacogenomics_info_by_drug_name,tool,OrigeneMCP,mcp,openfda,True,1,ROUTABLE - equivalent live public source available,True,
origenemcp.tool.get_phenotype_region,get_phenotype_region,tool,OrigeneMCP,mcp,ensembl,True,1,ROUTABLE - equivalent live public source available,True,
biomni.tool.get_plasmid_sequence,get_plasmid_sequence,tool,Biomni,python,ncbi_eutils;clinicaltrials,True,2,ROUTABLE - equivalent live public source available,True,
origenemcp.tool.get_sequence,get_sequence,tool,OrigeneMCP,mcp,,False,0,NEEDS_DISPATCHER - MCP client not bound,False,
origenemcp.tool.get_sequence_region,get_sequence_region,tool,OrigeneMCP,mcp,ensembl;ncbi_eutils,True,2,ROUTABLE - equivalent live public source available,True,
origenemcp.tool.get_target_genomic_location_by_ensemblid,get_target_genomic_location_by_ensemblID,tool,OrigeneMCP,mcp,ensembl;opentargets,True,2,ROUTABLE - equivalent live public source available,True,
origenemcp.tool.get_target_genomic_location_by_name,get_target_genomic_location_by_name,tool,OrigeneMCP,mcp,openfda;opentargets,True,2,ROUTABLE - equivalent live public source available,True,
origenemcp.tool.get_track_data,get_track_data,tool,OrigeneMCP,mcp,,False,0,NEEDS_DISPATCHER - MCP client not bound,False,
origenemcp.tool.get_variant_recoder,get_variant_recoder,tool,OrigeneMCP,mcp,ensembl,True,1,ROUTABLE - equivalent live public source available,True,
origenemcp.tool.get_vep_region,get_vep_region,tool,OrigeneMCP,mcp,ensembl;clinicaltrials,True,2,ROUTABLE - equivalent live public source available,True,
origenemcp.tool.get_virus_by_taxon_genome,get_virus_by_taxon_genome,tool,OrigeneMCP,mcp,ncbi_eutils,True,1,ROUTABLE - equivalent live public source available,True,
origenemcp.tool.get_virus_by_taxon_genome_table,get_virus_by_taxon_genome_table,tool,OrigeneMCP,mcp,ncbi_eutils,True,1,ROUTABLE - equivalent live public source available,True,
origenemcp.tool.get_virus_genome_download,get_virus_genome_download,tool,OrigeneMCP,mcp,ncbi_eutils,True,1,ROUTABLE - equivalent live public source available,True,
biomni.tool.interspecies_gene_conversion,interspecies_gene_conversion,tool,Biomni,python,ensembl;clinicaltrials,True,2,ROUTABLE - equivalent live public source available,True,
origenemcp.tool.list_chromosomes,list_chromosomes,tool,OrigeneMCP,mcp,,False,0,NEEDS_DISPATCHER - MCP client not bound,False,
origenemcp.tool.list_genomes,list_genomes,tool,OrigeneMCP,mcp,,False,0,NEEDS_DISPATCHER - MCP client not bound,False,
origenemcp.tool.list_hub_tracks,list_hub_tracks,tool,OrigeneMCP,mcp,,False,0,NEEDS_DISPATCHER - MCP client not bound,False,
origenemcp.tool.list_tracks,list_tracks,tool,OrigeneMCP,mcp,,False,0,NEEDS_DISPATCHER - MCP client not bound,False,
origenemcp.tool.post_ga4gh_referencesets_search,post_ga4gh_referencesets_search,tool,OrigeneMCP,mcp,ensembl,True,1,ROUTABLE - equivalent live public source available,True,
origenemcp.tool.post_ga4gh_variants_search,post_ga4gh_variants_search,tool,OrigeneMCP,mcp,ensembl,True,1,ROUTABLE - equivalent live public source available,True,
origenemcp.tool.post_sequence_region,post_sequence_region,tool,OrigeneMCP,mcp,ensembl,True,1,ROUTABLE - equivalent live public source available,True,
origenemcp.tool.post_variant_recoder,post_variant_recoder,tool,OrigeneMCP,mcp,ensembl,True,1,ROUTABLE - equivalent live public source available,True,
